DISPATCH_STALL_FOR_BRANCH_ABORT,CPU_READ_COMMAND_LATENCY_TO_TARGET_NODE_0_3,PIPELINE_RESTART_DUE_TO_INSTRUCTION_STREAM_PROBE,SEGMENT_REGISTER_LOADS,RETURN_STACK_OVERFLOWS,L3_CACHE_MISSES,DISPATCH_STALL_WAITING_FOR_ALL_QUIET,MEMORY_CONTROLLER_TURNAROUNDS,RETIRED_SSE_OPERATIONS,CPU_IO_REQUESTS_TO_MEMORY_IO,PERF_COUNT_SW_TASK_CLOCK,RETIRED_MMX_AND_FP_INSTRUCTIONS,CPU_CLK_UNHALTED,INTERRUPTS_MASKED_CYCLES_WITH_INTERRUPT_PENDING,INSTRUCTION_CACHE_MISSES,SMIS_RECEIVED,FP_SCHEDULER_CYCLES,CPU_READ_COMMAND_REQUESTS_TO_TARGET_NODE_0_3,CPU_READ_COMMAND_REQUESTS_TO_TARGET_NODE_4_7,RETIRED_CLFLUSH_INSTRUCTIONS,RETIRED_TAKEN_BRANCH_INSTRUCTIONS_MISPREDICTED,HYPERTRANSPORT_LINK3,DISPATCH_STALL_FOR_SERIALIZATION,DISPATCH_STALL_FOR_RESERVATION_STATION_FULL,INEFFECTIVE_SW_PREFETCHES,PERF_COUNT_HW_CACHE_MISSES,GLOBAL_TLB_FLUSHES,RETIRED_MOVE_OPS,DISPATCHED_FPU_OPS_FAST_FLAG,RETIRED_BRANCH_INSTRUCTIONS,MEMORY_REQUESTS,PERF_COUNT_HW_CPU_CYCLES,HYPERTRANSPORT_LINK1,L1_DTLB_MISS_AND_L2_DTLB_HIT,DATA_CACHE_LINES_EVICTED,MEMORY_CONTROLLER_PAGE_TABLE_OVERFLOWS,LOCKED_OPS,CPU_REQUESTS_TO_TARGET_NODE_0_3_4_7,L2_FILL_WRITEBACK,PERF_COUNT_HW_BRANCH_MISSES,INTERRUPTS_MASKED_CYCLES,INSTRUCTION_CACHE_LINES_INVALIDATED,DISPATCH_STALL_FOR_SEGMENT_LOAD,ITLB_RELOADS,GART,SIZED_COMMANDS,RETIRED_INSTRUCTIONS,HYPERTRANSPORT_LINK0,DR2_BREAKPOINT_MATCHES,RETIRED_X87_OPS,INSTRUCTION_CACHE_VICTIMS,DATA_CACHE_ACCESSES,DATA_PREFETCHES,CPU_COMMAND_LATENCY_TO_TARGET_NODE_0_3_4_7,DATA_CACHE_REFILLS_FROM_SYSTEM,PERF_COUNT_HW_CACHE_REFERENCES,PERF_COUNT_HW_BRANCH_INSTRUCTIONS,PIPELINE_RESTART_DUE_TO_SELF_MODIFYING_CODE,REQUESTS_TO_L2,RETIRED_TAKEN_BRANCH_INSTRUCTIONS,PERF_COUNT_SW_PAGE_FAULTS,RETIRED_BRANCH_RESYNCS,PREFETCH_INSTRUCTIONS_DISPATCHED,PERF_COUNT_HW_CACHE_ITLB,CANCELLED_STORE_TO_LOAD_FORWARD_OPERATIONS,LFENCE_INST_RETIRED,RETIRED_MISPREDICTED_BRANCH_INSTRUCTIONS,MEMORY_CONTROLLER_REQUESTS,RETIRED_SERIALIZING_OPS,PERF_COUNT_SW_PAGE_FAULTS_MIN,FPU_EXCEPTIONS,PERF_COUNT_SW_CPU_MIGRATIONS,RETIRED_FAR_CONTROL_TRANSFERS,LS_BUFFER_2_FULL_CYCLES,L2_CACHE_MISS,DISPATCHED_FPU,INTERRUPTS_TAKEN,PROBE,MFENCE_INST_RETIRED,L1_ITLB_MISS_AND_L2_ITLB_HIT,RETIRED_FASTPATH_DOUBLE_OP_INSTRUCTIONS,CYCLES_NO_FPU_OPS_RETIRED,IO_TO_DRAM_REQUESTS_TO_TARGET_NODE,DISPATCH_STALL_FOR_REORDER_BUFFER_FULL,PERF_COUNT_SW_PAGE_FAULTS_MAJ,MISALIGNED_ACCESSES,DECODER_EMPTY,L3_FILLS_CAUSED_BY_L2_EVICTIONS,PERF_COUNT_HW_CACHE_BPU,DISPATCH_STALL_FOR_FAR_TRANSFER_OR_RSYNC,RETIRED_NEAR_RETURNS,RETIRED_NEAR_RETURNS_MISPREDICTED,L3_EVICTIONS,PERF_COUNT_SW_CONTEXT_SWITCHES,MEMORY_CONTROLLER_SLOT_MISSES,INSTRUCTION_CACHE_FETCHES,DISPATCH_STALL_FOR_FPU_FULL,PERF_COUNT_HW_INSTRUCTIONS,L1_ITLB_MISS_AND_L2_ITLB_MISS,RETIRED_CPUID_INSTRUCTIONS,SFENCE_INST_RETIRED,HYPERTRANSPORT_LINK2,RETIRED_UOPS,CPU_READ_COMMAND_LATENCY_TO_TARGET_NODE_4_7,DR3_BREAKPOINT_MATCHES,INSTRUCTION_CACHE_REFILLS_FROM_SYSTEM,L1_DTLB_AND_L2_DTLB_MISS,THERMAL_STATUS_AND_ECC_ERRORS,PERF_COUNT_HW_CACHE_L1I,ITLB_RELOADS_ABORTED,DISPATCH_STALLS,PERF_COUNT_HW_CACHE_L1D,PERF_COUNT_SW_CPU_CLOCK,PAGE_SIZE_MISMATCHES,SCRUBBER_SINGLE_BIT_ECC_ERRORS,DATA_CACHE_MISSES,L1_DTLB_HIT,PERF_COUNT_HW_CACHE_LL,MICROARCHITECTURAL_LATE_CANCEL_OF_AN_ACCESS,CPU_TO_DRAM_REQUESTS_TO_TARGET_NODE,RETIRED_INDIRECT_BRANCHES_MISPREDICTED,IBS_OPS_TAGGED,MICROARCHITECTURAL_EARLY_CANCEL_OF_AN_ACCESS,CACHE_BLOCK,DR1_BREAKPOINT_MATCHES,MEMORY_CONTROLLER_BYPASS,READ_REQUEST_TO_L3_CACHE,QUADWORDS_WRITTEN_TO_SYSTEM,DCACHE_MISSES_BY_LOCKED_INSTRUCTIONS,PIPELINE_RESTART_DUE_TO_PROBE_HIT,INSTRUCTION_CACHE_REFILLS_FROM_L2,SYSTEM_READ_RESPONSES,INSTRUCTION_FETCH_STALL,PERF_COUNT_HW_CACHE_DTLB,DR0_BREAKPOINT_MATCHES,RETURN_STACK_HITS,DRAM_ACCESSES_PAGE,DATA_CACHE_REFILLS,DISPATCH_STALL_FOR_LS_FULL,
84735058,908939226,1,2493089,386730,19879972,7756708,1044816,0,42496305,504470174,189,1901577389,87530,1122072,0,35,4034941,0,0,3249814,0,13232088,35622251,460995,1341963,0,20,46,78872606,10351,1860190353,924313783,96034,38194044,0,135999131,0,70027387,1423196,164710028,1,18453371,297,0,24966,454559877,924313545,0,0,1024560,621581586,0,207,13689179,250023766,62977900,0,101042395,134898495,227324,380883,93784,0,3675141,0,3541628,88080150,4,227326,0,8,626430,599382751,45774643,363,920,32057954,33,38,3,2061947035,0,172956953,0,304,65832334,485031,2805863,2215686,24533142,1189376,202005,21,111822546,251130342,0,886894574,177,10,0,0,713640882,0,0,39973,537993,1602880295,1357491,44,1401679317,22211761,504480340,0,0,7422620,555008252,22634228,309580059,51688439,526069,0,134391341,36244242,0,230191,170134846,69964863,53947,1900,1082098,17576995,1850676079,0,0,26232027,49964796,19639274,983942681,
62522172,904820418,0,2493365,340761,23106963,6979633,1755331,0,41844003,576111418,0,2115855321,137847,1424242,0,0,4486299,0,0,2266323,0,11576433,59468158,418449,1172643,0,0,0,127706997,9399,1638687934,930422252,89553,48769446,0,135991459,0,64999819,1714285,226034972,0,16083865,9,0,27935,730211384,930421939,0,0,1001128,705079294,0,0,13975096,161726150,105142546,0,73031196,124298796,245294,357715,108139,0,4214279,0,2552283,87380354,0,245294,0,15,561687,609095138,27098871,0,956,34180202,49,0,0,2194641161,0,197734659,0,25,59334504,799414,2972895,1970448,23471385,976982,191161,16,106793735,280587497,0,550835439,12,0,0,0,1044180862,0,0,39059,561281,1530265107,1159158,3,1527582873,16161984,576125869,0,0,12510740,483518243,15510621,318886594,52094646,492403,0,193686608,39444568,0,425501,177387531,72056208,110670,1669,1385183,18099376,1857854758,0,0,25842714,48050034,25165905,944300826,
48050487,912274793,7,2489596,109847,20599610,5705474,841898,0,27953362,606055698,0,1771692735,122540,1141281,0,0,4798682,0,0,2337738,0,13058679,65521093,354127,972337,0,0,0,129063202,9352,1558754001,617359982,83588,48107310,0,136126315,0,65408723,1944990,234055831,0,18175788,23,0,26948,738029606,617356233,0,0,1017631,709136190,0,0,14442169,198456351,80837681,0,74200878,124682963,290576,307793,103944,0,4238026,0,2629591,87385322,0,290576,0,3,563998,607324081,26491210,0,1015,32535121,2,1,0,2194679186,0,216805022,0,26,53499054,637017,2477569,1588874,14359207,719332,209601,7,110041544,287407922,0,713215850,21,0,0,0,1056962874,0,0,39907,549049,1140575112,1149722,0,1612070975,23123362,606071984,0,0,11760773,491350221,23588336,316026508,52730473,415861,0,214253770,36563497,0,183452,171869440,62028513,118491,1554,1101372,15581247,1424588244,0,0,15625265,49331686,24840328,813889548,
41490303,916107678,1,2482710,230020,17678391,5681162,745966,0,30483611,740017888,0,2056453530,119805,423793,0,0,5683639,0,0,2286147,0,12897240,63050719,387754,511893,0,0,0,140204676,10106,1321872334,823477796,86413,26401308,0,137926312,0,63244125,2085550,217138633,1,17948124,96,0,31704,802212204,823476939,0,0,934657,700131130,0,0,11816811,303860625,125733956,0,93075465,124515341,285510,332742,76686,0,4296478,0,2582092,88216990,0,285508,0,0,562961,607458856,42153879,0,1016,38874790,24,32,0,2194684690,0,213901511,0,26,57091352,432412,2705420,1592825,20741878,914266,169542,4,109258984,231742604,0,1449447472,384,0,0,0,1156262970,0,0,14460,557110,1244306418,1170766,10,1406287857,23075829,740030360,0,0,3123247,524927040,23643358,320286810,53136523,574147,0,181508400,44744865,0,151403,173738189,71341745,92069,1508,409332,17924756,1114718774,0,0,88036636,48995747,13847174,784775670,
7953834,771677071,1,2495222,1541269,5160855,6144935,868259,0,36657664,715046094,9399112,1872659223,101112,65813,0,0,3909430,0,0,2968740,0,12086591,31387015,361931,50228,0,0,0,90516982,8903,1344736584,763039768,80029,1222,0,118029815,0,67947323,2004002,208446076,0,17022325,67,0,28910,521983280,763039420,0,0,65638,709654170,0,0,84845,497240794,122261538,0,108232405,135235809,262144,380866,81538,0,5809740,0,3275408,70192479,0,262144,0,1,628177,476274095,51216715,0,1001,35330184,36,4,13885,2194648474,0,139118479,0,24,62105054,153874,2939229,1662601,58562746,320126,20903,1809,111841194,232958478,11847965,2737723147,576,0,0,0,819852540,0,0,350,517737,1377355102,1227540,2,429338683,21195215,715057340,0,0,291246,492580878,22154816,297833040,42052122,279375,0,187545586,39671866,0,188320,108350150,66369582,96587,1531,65463,16665441,964371801,0,0,98782248,50321918,130730,672874680,
10079605,425593593,1,1738916,1541685,6473681,7285907,284105,0,15838296,500024391,182303084,1565260302,48,65336,0,387,2503903,0,0,3186236,0,19752597,166750132,317047,51762,0,0,0,683295772,102656,1397371197,721570744,40480,261050,0,809261,0,52699103,1373930,2294967,0,34,30,0,66652,3295433647,721570208,0,0,65199,1690960747,0,0,7218336,516856060,62823019,0,85175241,137321350,262144,538265,104894,0,6679278,0,3491528,24739243,4,262144,0,0,640774,397745,39503372,0,1001,40576440,266351,1,269281,2194689432,0,138015097,0,29,62741725,191758,2642511,1793090,91909020,9284,15857,1,88543962,237289635,60740749,2844837331,150,0,0,0,3493328203,0,0,2,424644,1520546140,712868,29,429899726,15208169,500047328,0,0,286673,855262886,15738375,243391560,14904897,282678,0,165308781,45715482,0,46541,131712457,17219954,65408,10,65334,4313393,1289371107,0,0,132768157,40188604,15051708,697137,
8879252,436885748,0,9026,1541067,6390968,5927735,125314,91421642,10354144,497662866,197676665,1920585207,31498,65252,0,70,2218126,0,0,4156979,0,18798942,130722130,6298,51842,0,40075240,12836866,812491652,340464,1472034122,989887408,14936,29543113,0,673848,0,553891,2236377,2666895,0,13806,32,0,420370,3870963610,989887419,0,0,65146,1768501617,0,0,11057543,544094990,386994517,0,17176906,385681905,34,594102,4681,0,6530765,0,4925158,25929742,8,34,0,0,100457,392094,309804,73990308,1001,24505562,758834,1,291994,1792996043,0,91670765,0,2,61357924,191717,3439067,1457709,101027777,129240,16596,1,26991202,567387475,49611250,2997846709,401,0,0,0,4063809720,0,0,0,1882,1460486906,65324,22,430601392,407835,497652761,0,0,293568,1520455641,7616,3529394,15656155,316639,0,246307198,12080122,0,13013,129346071,1533,45843,29,65252,733,1393878453,0,0,143652051,12700517,22867645,565044,
7609051,415451327,1,9000,1101287,6718565,7520677,126541,112525943,9529172,506861811,169312655,2194679872,63358,963304,0,70,2250637,0,0,4250933,0,17536088,123383494,5834,56616,0,49326441,15800141,707359529,394827,1665519444,989838924,10,44359691,0,526864,0,7611,2567887,2351654,0,21351,32,0,293874,3369057522,989838881,0,0,65435,1769269620,0,0,14433965,615700858,475383208,0,20270163,436250973,1,562502,53179,0,6534061,0,5021328,25172461,8,0,0,0,2002,393065,37498021,264259297,1002,17752028,758969,1,250082,1699714810,0,93772514,0,5,60546611,188068,5040799,1852549,96057962,1062438,20103,1,17080584,693396994,62384700,3389831327,130,0,0,0,3534385088,0,0,32867,118,1427950514,65594,25,430692908,407725,506844068,0,0,367265,1762701441,7445,616137,14947502,294279,0,184065329,9437512,0,14020,138612668,19028,28419,32,930438,7069,1067288562,0,0,110059516,7991302,28419568,11165917,
18982471,398643317,8,8997,772464,5418067,7349295,108726,112578312,9637643,743082966,163947131,1917883995,121453,1297421,0,35,2291835,0,0,4262245,0,19430943,119147915,5207,50604,0,49349393,15807519,599273966,348047,1432629745,989892265,1,55578578,0,385023,0,20300,3902478,2329297,0,5563613,35,0,296793,2854976569,989891839,0,0,65359,1295110028,0,0,15808813,529710993,694620726,0,21073244,436197299,0,611370,65537,0,6056080,0,5032535,24943748,4,1,0,0,1998,394718,31865008,264459213,1002,17801615,759017,1,242156,1700330027,0,138864145,0,8,59532068,153083,5045462,1808899,97941358,903219,206998,1,27214061,683850069,61184430,2917606789,19,0,0,0,2996956563,0,0,39224,471,1442150507,65198,38,738587209,407719,743067919,0,0,8798824,1553768914,7596,511149,14211706,368959,0,186002184,9033011,0,10819,114187727,46343597,70218,36,1258196,11635106,1261766471,0,0,21172946,12811242,32500639,3823397,
43413977,434755198,7,843692,369110,17460905,6874077,97986,112523465,8924306,777899600,148127166,2194744201,85938,1097223,0,0,2522601,0,0,4301001,0,12060728,60448840,319363,1081479,0,49325358,15799785,656847571,97521,1573240710,989893170,63826,63196230,0,261503,0,50515079,4029766,23518323,1,16851735,43,0,159355,3129009101,989892918,0,0,1078957,713172560,0,0,12463962,169735951,728697749,0,80999490,435815005,0,386266,87881,0,5862055,0,5070537,26345153,0,0,0,0,1997,395464,39568910,264434636,854,30368640,636642,1,218794,1699605744,0,196423788,0,4,46481950,485927,5063599,1773450,22740912,864915,280291,1,32743705,223712816,37095220,624679620,32,0,0,0,3284101730,0,0,38070,234,1364260935,65563,37,1357935660,407747,777889611,0,0,12798146,748111751,7546,623980,15673880,673599,0,146095613,29998847,0,9998,154145371,44204278,65607,36,1059151,11105914,1570245829,0,0,24248387,15241428,24556591,338081430,
47533126,727600200,16,2489123,192223,27258849,6080200,1238485,84923269,33406747,687943338,134979451,1687172509,106700,908528,0,0,3857710,0,0,4298100,0,15260345,41786509,352884,805105,0,37226640,11924316,84752712,9350,1304482355,989885389,88193,47599664,0,38879106,0,46523685,3423643,160664839,0,21310371,23,0,26954,490881623,989885052,0,0,1133096,729164457,0,0,10628816,168400901,626338370,0,70692616,435606932,20653,380649,73800,0,5978810,0,5067323,66707224,0,20654,0,0,2000,246814188,53909028,215506958,853,33314562,25292,1,199380,1820897613,0,205606829,0,0,48510028,693463,4468589,1686722,24419597,526781,305770,1,31000052,183629979,42824,616131773,23,0,0,0,776715991,0,0,36226,374575,1636157331,207569,18,1353435479,3455941,687929512,0,0,15510360,493248944,3230811,122651289,40084411,517321,0,118694695,37392044,0,273060,237347507,65407823,84764,572,872310,16422054,1262446723,0,0,20371174,14487533,19021528,868927224,
50436333,889560540,4,2498198,447458,28277554,6818209,1255040,309,35290093,610379302,201240847,1788698972,73089,802684,0,0,5097141,0,0,4147446,0,12165473,61659569,331717,894651,0,135,43,122908086,8735,1412519273,989991775,77338,37078632,0,136224256,0,52926967,1811242,202135354,0,16929997,18,0,26938,704606147,989992214,0,0,1164571,663718566,0,0,389841,182429841,82197328,0,84826741,414608471,263734,364654,83240,0,5267939,0,4876770,85577158,0,263735,0,0,40303,606371464,34880656,596,935,33499317,29,5,297244,2194645448,0,196388200,0,27,50498563,684536,2574686,1905490,23718638,600245,253918,1,56812250,192773935,18018564,666389665,17,0,0,0,1009332492,0,0,35930,511180,1343296677,1013731,3,1498386135,22525125,610402325,0,0,18184969,464399912,23584193,295645738,51721720,493649,0,162434582,36784498,0,277581,249496007,47035977,98983,1758,766756,11816394,1398769319,0,0,22679028,25894877,749473,966906114,
47913710,935771473,7,2488999,455589,25362970,6850277,1056738,221,43228848,663788513,211747211,1319037072,81895,115600,0,0,4975556,0,0,2644356,0,9456940,52278329,349078,945000,0,97,31,151581814,9149,1275710139,989796062,69674,1174794,0,139375007,0,71930857,1700889,200503802,0,13187363,148,0,25966,870028783,989795747,0,0,1329034,373366614,0,0,32750,129926528,119331712,0,114496244,124231068,264602,223738,83615,0,3081737,0,2962028,88176716,0,264601,0,0,561315,604623403,43214940,398,732,32707042,3,24,312772,2193973998,0,155831106,0,17,43910739,606812,3055198,1959389,10800972,539573,288190,1,88361391,242395529,62470158,440018506,280,0,0,0,1269360394,0,0,8704,461839,1709553397,1067112,1,1187100303,22559805,663796240,0,0,13242222,485636402,23632734,267297409,53600622,299781,0,160396022,37673962,0,226471,224822031,51727010,89552,1616,106897,12999627,1484651011,0,0,15985240,39560746,55732,879226371,
45744410,899007833,2,2475840,425847,20855808,6386390,712973,148,30809895,662345721,205015013,1782505304,30721,57992,0,0,6030239,0,0,2159650,0,14802915,62361046,340456,1040414,0,65,21,133836971,8012,1596685792,989888232,65857,111423,0,155876730,0,53902052,1891023,166830233,0,20909373,4571,0,29609,767195179,989888630,0,0,1353209,452245200,0,0,6517630,206061310,115517611,0,76327065,124571698,263525,222963,390,0,3313480,0,2630007,86602721,0,263525,0,0,563340,607869198,16852613,525,843,35996700,520271,49,302827,2194641418,0,199288378,0,23,47850869,512703,3250142,1810820,17078848,25950,292103,1,78872632,158271842,79388921,746169285,450,0,0,0,1106545860,0,0,4675,417791,1163477633,1179058,1,1318594386,22589844,662361396,0,0,9516623,369503723,23678144,240399225,51881050,307892,0,169332188,40426797,0,149473,183607012,32438420,15277,1608,53318,8147129,1089105165,0,0,104470437,35501865,13031959,862532290,
18470620,883259576,1,2495492,848248,16871223,6289907,904145,180,35730563,699961211,150795956,1249675475,176995,58034,0,0,5915768,0,0,2458962,0,15210301,91040544,114047,668045,0,79,25,115322404,140831,1565304036,989885267,58526,25483645,0,155780261,0,57254035,1921986,184933165,1,14629692,74,0,178539,659985361,989885210,0,0,300815,492211661,0,0,11557595,325966138,87076134,0,92119063,124339965,263901,279759,67029,0,3425449,0,2730199,84863780,0,263901,0,0,561929,585283977,18897892,464,678,22788251,769291,12,222743,2194646256,0,202781039,0,23,38360551,417786,3216128,1745415,26885682,4629,20521,1,94878285,204408164,78590420,1525291690,601,0,0,0,936954460,0,0,2926,393416,1414206031,1190724,1,551167755,22601968,699975056,0,0,499846,836587949,23666718,227408196,50361533,332859,0,192103538,19676621,0,185948,174728210,57094,39941,1663,55107,8487,1037475012,0,0,107118654,42816989,21609742,906825258,
6459320,891066389,1,909305,780164,7030811,5758732,484692,130,24261045,764839186,98121865,1525852400,158061,59253,0,0,4275510,0,0,2236265,0,17988631,127190241,5684,44605,0,57,18,93926558,390948,1211292129,989855550,1,41867497,0,136692993,0,22988645,2504604,110179022,0,27392,34,0,333417,542708885,989855528,0,0,65197,1343463254,0,0,12987637,448339448,135511395,0,49823008,124494357,264454,506615,81528,0,4959593,0,2512025,86304420,0,264455,0,0,562818,605811438,41763479,7996415,721,19290664,766872,11,144937,2194678777,0,97059931,0,34,42742820,200026,3839413,1529261,86479063,134055,19590,1,89193618,525331195,75243559,2468931730,277,0,0,0,854945828,0,0,2876,466680,1682000726,1260742,3,309637454,22590584,764850133,0,0,263732,1744760457,23674428,157605794,50573578,263387,0,215576140,9908560,0,91473,145430344,93099,88681,1667,56376,9115,923618048,0,0,95236386,39729922,27211032,516407846,
6628305,423313892,2,9006,1155986,6344516,7535282,126593,62330456,11373233,805302959,204327718,1370763175,157740,59220,0,0,2729489,0,0,2436531,0,22136773,160106273,5639,67540,0,27322939,8752060,670286033,385511,1893147724,989892602,298,53336055,0,76600841,0,4367,3494322,2782296,0,157306,35,0,421039,3238149300,989892588,0,0,65274,1085949947,0,0,12648812,696793227,535745841,0,15641130,124640436,231997,521031,83615,0,4009175,0,2710280,27597232,0,231995,0,0,563706,219642081,32213186,264383689,671,24695791,745607,20,301802,1921485638,0,123738879,0,6,39896094,191509,5015509,1855692,88933206,710494,23884,1,111062475,535531242,42787640,3835607514,74,0,0,0,3446910902,0,0,2455,214,1741743065,552100,25,288092600,11269869,805301971,0,0,285722,1720195174,11501072,599538,15027234,265854,0,185592430,12729430,0,12707,130440072,51403,80649,835,56765,6748,1191989695,0,0,122547439,49685534,26427310,8319454,
5063405,382960075,0,8987,1155667,6671866,9393464,147230,112249170,13204606,795976320,200089619,1384542771,140848,757587,0,0,2141166,0,0,3088332,0,20255546,143328947,5747,48594,0,49205115,15761286,910351144,389583,1405800771,989858282,27,51354989,0,388733,0,10404,4029361,2957214,0,28581,34,0,365515,4335708214,989857959,0,0,65228,924740582,0,0,11899357,520504814,747251387,0,17340287,264872369,0,550737,96947,0,3414406,0,3628467,24186379,0,0,0,0,306448,394898,38969798,264151194,565,21342716,576070,4,295542,1702551185,0,109537760,0,3,33974045,198814,5112618,2311523,93793112,721012,26772,1,42616588,605090043,1982,2867117030,83,0,0,0,4548180872,0,0,33790,2100,1893546854,65256,7,241600080,407774,795963996,0,0,240573,1739736180,7709,1648407,13055149,323416,0,252191860,10705990,0,15016,137211386,36148,72653,26,723791,7370,1351578688,0,0,139402477,19335479,24595521,392633059,
14339731,437210710,2,8996,1154790,5940875,9269050,192332,112052722,14635230,705035265,209807422,1426171846,161821,824751,0,0,2537942,0,0,4298647,0,20737246,147504844,5041,63417,0,49119002,15733667,937886796,340803,1689882912,989895631,43237,47739493,0,4438542,0,11043,3567059,2796668,0,29703,34,0,319371,4466912112,989895439,0,0,65177,1153894971,0,0,15168762,624884470,662269439,0,17194302,435534394,0,539658,93841,0,4260670,0,5068825,28442795,0,0,0,0,2001,391069,43144494,263463255,877,18643660,36067,5,309899,1699885937,0,112598814,0,2,52132589,180931,5475730,2280754,85283527,1020799,250099,1,28540299,594033718,10092280,3437100365,7,0,0,0,4685938652,0,0,36958,381,1995173786,65139,0,563180847,407991,705018235,0,0,7388297,1520958832,7572,528579,15654907,330905,0,211425296,9288269,0,20105,123697652,44419438,98228,25,787783,11154572,1836709582,0,0,31105799,13461194,30717666,847216723,
43502402,429524593,0,844175,478562,20569806,8916318,85400,112227535,6917130,751434259,154710628,1696503318,112702,1043052,0,0,2131625,0,0,4268330,0,15167301,93940318,237971,999978,0,49195632,15758301,720380965,118893,1419197990,989893506,59049,60159776,0,2294409,0,20704,3816963,40251740,1,4393340,193,0,153468,3431035897,989893626,0,0,1299533,883431655,0,0,1147160,144151934,705489197,0,16672023,435681003,0,300033,41129,0,4094851,0,5038793,27014982,0,0,0,0,1997,390148,11727085,263663218,740,33218921,490943,1,228516,1701575350,0,109630516,0,3,43463148,519317,5420873,2194206,13827567,604193,279626,1,23172128,568762936,59263409,498163236,13,0,0,0,3599224704,0,0,41142,217,1088715959,66704,27,1217161926,408034,751427423,0,0,11086229,769278571,7579,544213,15324672,404298,0,174891941,33441654,0,8664,191323365,43756122,69236,33,1001906,10993532,1913063262,0,0,29756258,10882603,2340789,942288499,
47746514,748246338,1,2488032,443357,21728429,7863626,736932,84590671,27026831,632322055,748976,1602757543,5917,1287111,0,0,3595467,0,0,4299063,0,12590805,53388568,312945,1117722,0,37080842,11877687,652390060,8173,1756946792,989886036,46521,4135886,0,40968142,0,43860797,3136841,267268344,0,17548411,3561,0,24845,3107415855,989885968,0,0,1192886,329514307,0,0,5905,214818662,579176963,0,53574097,435656259,20655,293576,67755,0,2431169,0,5069317,67418168,0,20657,0,0,2001,250941031,49022602,214571489,651,30130198,571199,1,1106,1822946223,0,182587264,0,4,36584372,599255,4722976,2029663,20104571,622948,307930,1,24651980,308550582,55366618,774347876,9,0,0,0,3260501756,0,0,40232,181858,1454147950,207332,42,1031207243,3435404,632306012,0,0,15644171,442446124,3239219,104256605,40761246,422025,0,173392805,33622114,0,159783,191619321,51679729,41048,555,1246878,12985563,1927953613,0,0,28096082,11634926,7052,947281545,
41036258,600289766,1,2507104,455747,18493611,5906781,936763,280,34093650,734404620,164684401,1606019993,149191,1398067,0,0,5757034,0,0,4125380,0,12789208,46034560,352576,1020204,0,123,40,75809194,8119,1585745964,989887010,80797,16958,0,144631157,0,58329748,1837721,274912183,0,17720693,14,0,34271,437994392,989886559,0,0,1190606,659915611,0,0,7349949,199269025,92431508,0,90612497,414180014,264606,377360,81491,0,4104315,0,4854882,56257364,0,264604,0,0,43409,598526248,33557075,878,688,42426347,714303,1,243248,2194645776,0,187002685,0,17,39356799,511610,2640385,1641417,22676515,720628,283635,1,50202980,211040495,46964959,717136744,9,0,0,0,690380321,0,0,39550,369643,1359681349,1076133,2,1074134912,22576296,734412922,0,0,14940497,379133282,23658968,212636775,33581045,638390,0,150498528,48800006,0,199145,159446017,43782987,91365,1597,1358516,10997037,1939762048,0,0,26396397,22516060,14907035,767942031,
48875559,738164495,0,2496327,341447,18975785,6664055,1262454,214,45193706,750136357,184929453,1312412908,154647,256819,0,0,5699418,0,0,2286452,0,13942304,58537988,328979,1181269,0,94,29,130837974,7912,1841075355,865226672,71039,29226680,0,138196144,0,44658991,2154575,274983005,0,19745757,20,0,27390,748013960,865226505,0,0,1341165,635394432,0,0,13324227,224540918,127325364,0,71091165,125538600,263284,250339,90303,0,3883100,0,2617796,70533105,0,263285,0,0,569259,603918781,35969927,734,697,31854847,535267,1,273163,2194674116,0,186672303,0,0,38978707,559668,2909793,1850702,18279905,17197,288309,1,81678209,173476685,46628032,805290729,29,0,0,0,1071755575,0,0,6036,475896,1737825302,1155774,1,1065711816,23041953,750153561,0,0,13787933,461851357,23510398,258838984,42301485,350676,0,180097308,35111192,0,274215,158805465,44179022,57257,1462,250783,11095165,1941258133,0,0,26376822,35170414,21899088,873179935,
40491155,609011779,3,2504086,350119,19256152,6753933,1096481,231,39587696,623886031,191926794,1391575778,144082,65484,0,0,6069700,0,0,2247234,0,12301296,61540625,280204,987141,0,101,33,124396883,9638,1907684329,604670595,37533,42264904,0,154091218,0,52724537,1781995,277335384,0,17095087,16,0,27721,712243172,604671580,0,0,1015065,620122031,0,0,12774566,229227642,112728462,0,82410912,125419063,263063,265644,86196,0,3799773,0,2718823,57268024,0,263063,0,0,568499,605838891,34067453,780,587,34787445,567786,2,283492,2194672138,0,199401241,0,24,34326648,499239,2657612,1889060,19164354,290,195063,1,113354373,162641008,28664644,814875958,25,0,0,0,1019075055,0,0,54,348636,1484536213,1214494,4,971662086,23079283,623897012,0,0,17125830,419815875,23567796,201586198,34257354,357134,0,190395294,40796472,0,239721,170846872,58222891,93809,1539,65431,14624240,1821334297,0,0,51157573,49999274,26722780,691050705,
21579218,646827066,2,2509659,874972,15106362,5378397,1300304,268,45575567,620064474,186373308,1197714330,139269,65243,0,0,5812618,0,0,2496827,0,13421879,87338339,318254,1096380,0,118,38,139591834,66244,1537978934,725854369,64,52463732,0,135558275,0,57566907,1925179,272964872,1,11375865,69,0,35637,799922276,725851585,0,0,345470,799541722,0,0,12297909,152773911,79027338,0,90054382,125371469,263074,303790,100085,0,4272158,0,2779115,58471058,0,263074,0,0,568179,586169021,35783252,593,702,45128948,14373,1,275290,2194680570,0,166833745,0,23,40286460,402306,2670678,1494742,14121182,6116,24994,1,110686100,186064756,468915,528529827,25,0,0,0,1156906993,0,0,1,425370,1765310887,1061934,4,642152612,23159421,620081679,0,0,1343580,697210563,23636388,181518401,36186090,412137,0,285092612,52815249,0,283675,199996492,1263247,102154,1410,65242,310982,1393713467,0,0,143678390,49509426,25718663,4682495,
5810550,426936063,0,851673,1156551,5962335,6122559,824836,272,32256474,735111417,157763807,1328838238,146612,65240,0,0,5845494,0,0,1963866,0,16488273,117422726,5101,124337,0,119,38,150355458,266532,1470192677,907670257,630,49932715,0,137660679,0,16538842,2361790,171925165,0,16013,36,0,248512,861995931,907670020,0,0,65212,1763785251,0,0,13108462,505402636,124642707,0,40771875,125335559,263000,491354,31071,0,6504748,0,2246489,30608591,0,263001,0,0,567933,628074027,18830866,560,670,15232074,34,1,233027,2194684006,0,87525286,0,24,40127224,180960,2382954,1701618,90191370,4349,22222,1,113121549,528956197,128865,2669508668,25,0,0,0,1254444276,0,0,2,298794,1288216003,1002863,4,286341281,23023219,735123140,0,0,251917,1190324258,23488499,135585766,17516381,261406,0,285780061,7606666,0,171047,121633791,81171,70559,1610,65238,7385,1393629524,0,0,143688726,50419457,27429524,8316363,
5521011,433090965,1,9006,1156446,5558952,6049045,583210,61321629,29110126,700431124,187799762,1516337821,120690,65508,0,0,3732548,0,0,2040293,0,19291730,135156292,6258,49511,0,26880715,8610372,101287579,336782,1493694448,723452891,58281,53261441,0,93213411,0,4417,2990362,2867922,0,19386,34,0,265529,583728789,723452344,0,0,65259,1765598244,0,0,12728657,552828560,451984340,0,17219978,125607435,235183,452518,557,0,6513361,0,2321111,26515307,0,235181,0,0,569588,223328590,94467,144912270,655,16523762,1455,1,277401,1925061673,0,102794841,0,6,38977278,160345,4222727,1638100,77226752,172077,23617,1,89933320,581600371,11036508,3045012858,25,0,0,0,900699385,0,0,22,418,1965290389,527164,2,280458334,11703283,700435843,0,0,262957,1503842086,11672964,520663,15280958,235761,0,285682003,9177372,0,114523,113868284,89973,573,876,65486,8348,1393884457,0,0,143641714,40146079,26454404,368209440,
7340272,294188396,0,8995,1156294,5699776,7079976,119584,112433334,10114778,865973699,170454830,1348384324,15586,1069608,0,0,3338698,0,0,3123811,0,20975165,152788561,3531,51609,0,49285845,15787158,897988046,260538,1578693554,703612413,78947,51782317,0,275723,0,7569,4353430,2737340,0,21465,34,0,280228,4308376246,703611718,0,0,65151,1765769295,0,0,755538,584555326,812798843,0,18319003,283243716,0,480604,172,0,6514264,0,3702601,19588465,0,0,0,0,272967,393725,126433,264379041,782,16537850,418726,1,251761,1701721598,0,115773611,0,1,46371849,166680,5115285,1741277,82023850,886915,25902,1,31998295,615153349,57572858,3219068230,31,0,0,0,4542055695,0,0,32516,186,1489894677,65531,1,335719473,407173,865961019,0,0,232706,1161786464,7950,598117,10498807,243999,0,277717730,8704547,0,12229,116994509,96339,207,23,1037091,8563,1392344009,0,0,143986563,15142691,1500494,714031693,
13814300,311366083,0,8990,1156241,6850070,6590957,95883,112637313,8787078,869926889,189581741,1573362808,32232,1278444,0,0,3130226,0,0,4246934,0,16072588,115026913,4519,57138,0,49375259,15815786,671384067,266867,1867700094,765960923,76537,2485508,0,2417122,0,11297,4430525,2804554,0,20006,34,0,308097,3197750087,765960367,0,0,65234,1762210034,0,0,85398,691154439,816620698,0,17756613,435939077,0,456991,61917,0,6497632,0,5017811,19525051,0,0,0,0,2001,390217,418907,264523326,671,17953853,675738,1,280021,1701202952,0,86509000,0,2,39393485,202071,5112907,1621221,77822621,753946,340962,1,31952747,574542777,53552891,3807045654,13,0,0,0,3354815697,0,0,38259,100,1434520508,65675,30,465938755,407578,869919038,0,0,8537350,1190903600,7615,621589,11072175,237047,0,271107821,8556723,0,9781,136566844,42752272,37194,10,1240184,10734078,1902637924,0,0,36385283,15035360,159680,864284242,
42991079,324632208,0,869896,395083,18625983,5641406,95117,112632816,8680916,667012358,187789449,1586473967,115756,1462447,0,0,2910137,0,0,4296822,0,18248653,114211473,265327,53601,0,49373289,15815167,744242208,142970,1680855981,840390789,74858,313568,0,276688,0,1445,3420410,42905299,0,4911123,58,0,132480,3544879872,840389481,0,0,1147505,1254759541,0,0,6693343,622042390,626181083,0,22946680,435747093,0,600500,93759,0,5146868,0,5067360,21387800,0,0,0,0,1998,391420,35267387,264480624,670,28282492,542620,1,277371,1701136127,0,130374809,0,3,38814212,498271,5120576,1388705,96280225,705677,357022,1,29760331,800839534,54094787,3424192387,10,0,0,0,3719476350,0,0,38332,4129,1416261716,65797,24,1117641372,407606,667002795,0,0,9777389,900585584,7558,2857348,11683288,348384,0,152586983,28731920,0,9801,172546665,65259118,96905,16,1424115,16393713,1911389238,0,0,29691632,14095473,13825676,778931395,
41592433,624945759,1,2497980,382121,20381807,5624572,528506,84760304,24240111,664574202,183324314,1573329550,95466,1324739,0,0,5157387,0,0,4297967,0,11986894,31841377,503000,1283143,0,37155202,11901469,602722685,11581,1742134524,752486817,54060,27074886,0,47376181,0,63595749,3358412,273704161,0,16799673,18,0,24380,2870739843,752486217,0,0,1199199,622541350,0,0,14190339,195547980,611119741,0,104816045,435801466,20987,332729,84773,0,5013316,0,5068474,58414228,0,20988,0,0,2000,321578227,43617827,215149738,666,28981912,570133,1,270787,1823124800,0,149685083,0,1,36239817,496393,4560157,1385168,19109434,1051189,382334,1,31789621,332738025,61334070,699262122,10,0,0,0,3011763927,0,0,40255,378377,1576290719,234028,35,1042080553,3560298,664555424,0,0,15325927,648387848,3298996,123921626,34301697,535730,0,164989557,32374838,0,103482,181741192,55120523,96143,735,1284485,13849344,1938352196,0,0,26336485,15000736,29805195,889967216,
45655103,583532905,2,2501881,392278,18063799,6028488,835303,327,34239016,779010523,40965,1628507274,87558,1181808,0,0,5923852,0,0,4157081,0,13572054,63226576,458323,1042448,0,144,46,591761344,11615,1650671433,815571148,54813,57843656,0,169937913,0,45845897,2661437,272276162,0,18686777,22,0,24563,2819210615,815569977,0,0,1032166,621515954,0,0,14827307,205247018,108812180,0,71659090,413608281,263588,316875,95561,0,5015735,0,4885555,55127171,0,263589,0,0,41717,819232964,53512310,887,626,30601195,601878,1,60,2194639941,0,203797720,0,20,36160089,459307,2980656,1573135,16678808,988491,381430,1,74973526,175074918,34934328,739957564,9,0,0,0,2959409093,0,0,39531,454062,1371580358,1028426,38,963465670,22984944,779023312,0,0,14566168,618461493,23445262,225510093,32395048,427456,0,144900959,35385458,0,176979,159009239,54542431,60675,2126,1142276,13702144,1905193494,0,0,30045675,33798650,26391120,768563424,
39252091,717321944,2,2494725,364913,18590007,5218521,1763902,281,44380071,867270637,157697313,1900318339,94930,572568,0,0,5891091,0,0,2369034,0,16823420,74198243,456824,887617,0,123,39,85388482,11648,1453746164,898659248,23259,51088340,0,150004089,0,47966016,2290749,271858354,0,23400759,33,0,30020,492324796,898659480,0,0,1065516,624371991,0,0,15021158,187194732,139090203,0,76399967,124518308,263677,299292,82023,0,5076841,0,2660904,67692989,0,263676,0,0,563053,816157406,59386406,710,716,36911499,34230,1,232924,2194677891,0,262235084,0,24,39602594,454764,2667267,1457925,20742001,381977,363688,1,113539251,177866984,21062784,672290177,54,0,0,0,773307736,0,0,16526,439227,1634153405,1143355,1,1164835260,22379686,867281164,0,0,15520272,617829751,23488878,232175157,40997776,402161,0,177934104,41775266,0,387342,160275052,59549720,87821,2350,556042,14957679,1906143225,0,0,30005950,50537097,31306178,8628424,
41072866,669754770,2,2502007,395171,18621534,6083791,1844103,257,43144459,646711563,165106740,1616563040,108231,65419,0,0,5926070,0,0,1946553,0,13024586,63583401,457831,901431,0,113,37,123489105,11679,1438235843,651064568,40,61202406,0,157154769,0,53470329,1836188,265525350,0,18145645,12,0,28265,706779131,651065651,0,0,1307111,679998847,0,0,10267242,190210144,113628855,0,74942386,125195883,262792,394913,44244,0,5571392,0,2225257,65090947,0,262793,0,0,567148,604703748,59210150,565,673,34396559,158,2,243873,2194650145,0,206032860,0,22,38687783,584988,2542686,1698637,23642847,3635,325079,1,115162173,173034048,54191001,684209477,25,0,0,0,1010189216,0,0,30,429231,1518163500,1123221,8,1081307392,22511955,646732801,0,0,15055113,617726427,23630201,197926508,38740385,650369,0,208408974,38164325,0,443675,158162760,71689159,72179,1746,65388,18002835,1593051106,0,0,97483834,51316904,21013866,319621404,
17581867,647606360,0,2496607,543791,17130929,5411555,875613,310,31583012,668336330,183447034,1612019370,14231,65188,0,0,3905165,0,0,2282912,0,13253137,61854909,457777,997685,0,135,43,138640248,11691,1842338632,613145676,49521,40783705,0,155543055,0,48228190,1963139,221160061,1,18513305,36,0,123871,794265488,613142153,0,0,862926,750768652,0,0,10904661,226405775,122825773,0,76024658,125011839,262975,360525,62636,0,6078516,0,2558449,60210018,0,262974,0,0,566008,583865088,26459278,581,793,22640906,19,1,270961,2194640920,0,208125554,0,21,44441753,706720,2646105,1503378,21991467,261,22839,1,114191381,166767808,66349273,818900487,24,0,0,0,1147685273,0,0,3,402745,1239578862,1060236,0,664478767,22389129,668349735,0,0,834559,617678932,23511442,232139922,36102909,608359,0,237981408,21322093,0,191968,158582936,9717909,35114,1481,65186,2437087,1393736848,0,0,143625745,50903914,22814152,952092326,
6083110,444626827,0,837891,1156021,7763724,6214728,487985,237,21031465,698466487,186426871,1480374263,232,65362,0,0,3838925,0,0,2258366,0,16537372,113679969,48264,1243300,0,105,33,136006258,333616,1661333105,665673283,43384,44301237,0,152036495,0,25544204,2269762,202718955,0,9074568,36,0,367091,779001716,665672940,0,0,65324,1760248127,0,0,111862,171764171,130447997,0,52134955,124746076,263881,306973,55705,0,6555166,0,2534438,36193822,0,263881,0,0,564349,586869452,50853847,715,675,21979043,423698,1,275359,2194677506,0,161964042,0,0,40751261,226586,2440395,1727218,42764363,5469,20599,1,113963967,436804777,54398451,576145842,25,0,0,0,1123571122,0,0,76,428259,1283445441,1090273,2,291313893,22555050,698481400,0,0,239169,1632082563,23679723,244975732,20975846,272954,0,249538727,11168628,0,95917,161398787,315415,77523,1511,65286,59312,1392992557,0,0,143656947,50930039,213024,856260077,
5684980,343476468,0,9007,1155970,5616501,6722003,121831,63875222,9883218,681581769,150118549,2069363777,137,65178,0,0,2783395,0,0,2191001,0,18801543,133474500,5432,127215,0,28000096,8968979,132657413,397993,1619480895,742762809,56720,414186,0,1806635,0,182293,1892370,18973029,0,21561,34,0,289503,757955106,742764030,0,0,65196,1766678274,0,0,5297124,560377932,85992652,0,17260919,124764686,234965,610508,93441,0,6518893,0,2470487,21176160,0,234964,0,0,564454,756128,59046998,113318829,640,16923139,680199,1,221737,1914716266,0,101657194,0,32,38242949,154570,3771717,1816071,104046295,124180,24454,2,117164506,575531795,31442061,2979988631,25,0,0,0,1085816601,0,0,0,96292,1596701156,562072,5,274289813,11424468,681595517,0,0,348073,1775263981,11704427,57587664,12592222,322818,0,239742995,8617376,0,12482,115036490,211930,55411,32,65178,48707,1393685252,0,0,143674505,52113136,10777127,845917089,
7359208,264663873,1,8989,1099754,6327880,6886750,115889,112465137,9306491,695251024,907641,1896602132,11344,1051937,0,0,3131519,0,0,3352532,0,18709440,131239343,5466,55728,0,49299786,15791606,216737901,396388,1652093823,557798659,123155,21039325,0,1770212,0,19733,3028416,2641252,0,22758,65,0,278432,1173138821,557795644,0,0,64409,1451353730,0,0,14174772,611352923,493073241,0,18284564,272071851,0,470491,84630,0,5358100,0,3908557,16482789,0,0,0,0,293117,395425,56671984,263834456,672,16997821,637761,1,1340,1701851343,0,99855245,0,15,40385509,180367,5274541,1693982,80288972,844224,24812,1,45107641,605888482,72712,3369245172,38,0,0,0,1565030060,0,0,34913,79,1418940321,63575,4,288430158,390267,695242732,0,0,242103,1769589465,8479,514112,9563872,217445,0,214739262,8744031,0,12774,127206579,22332,92180,8,1017024,7104,1393241908,0,0,143753093,20473952,19821029,1019335345,
18873749,286614381,1,8991,1138188,7279718,6405159,125706,112429908,11044834,716988350,572444,1635764658,88031,1109142,0,0,3345033,0,0,4268472,0,21710577,153363883,5495,55406,0,49284343,15786697,691302632,395996,1643776840,787900735,104962,38133955,0,1627982,0,231096,3638010,2694442,0,156495,65,0,317075,3292590845,787900186,0,0,65076,1142920868,0,0,10271074,608274177,673346206,0,16995397,435484419,0,583839,98305,0,4220016,0,5038653,18003084,0,0,0,0,2001,392762,56665098,264259055,711,19164612,585739,1,846,1700554336,0,116639575,0,9,42184487,213050,5114757,1574529,99418168,939782,237594,1,28832851,562446643,8772031,3349647519,10,0,0,0,3454151753,0,0,39044,256,1657934393,65499,23,521297150,407705,716976989,0,0,8007832,1767717312,7970,557187,10154849,307289,0,166638424,10053766,0,12941,151251187,34977054,104902,54,1070096,8785239,1850343246,0,0,42372341,13565386,20232305,966478222,
44278741,270497021,4,854701,495604,26151425,6468966,97794,112215365,8919255,771973605,800326,1449008764,108881,994821,0,0,2944240,0,0,3160330,0,17585765,111620495,342332,55548,0,49190297,15756531,816352961,144127,1650304559,723522584,46227,39637644,0,263512,0,659331,3894615,2660531,0,4886560,53,0,150210,3888200089,723521485,0,0,1234981,862193522,0,0,11685318,610966905,722435241,0,15754107,319562830,0,560795,89585,0,4153197,0,3726729,15329612,0,0,0,0,1474,393374,59233542,263450279,556,24819829,719571,1,1182,1697267526,0,126942397,0,12,33654477,627169,5478413,1590678,89466072,866152,271105,1,35603086,509064649,71826039,3364728895,9,0,0,0,4078979970,0,0,38216,213252,1483402032,57844,19,924781548,321317,771959956,0,0,16904964,975027689,10399,484978,9478004,334094,0,152860127,22364917,0,10208,238929298,64588561,105224,78,956605,16225780,1904554563,0,0,30374749,16766270,21631840,512118129,
43480385,475548372,1,2498059,412210,27242126,7414941,637850,84501018,27084972,649944741,147506971,1636593936,101038,1096415,0,0,5353837,0,0,4090537,0,11833907,30299488,484666,55933,0,37041544,11865075,653735552,11718,1661172205,750102177,4,41849768,0,39185028,0,46126800,3316323,35064826,0,16414440,16,0,26511,3113702013,750100923,0,0,1056386,465702171,0,0,14450713,614759824,609932199,0,78593487,417974859,21517,329479,1162,0,3690828,0,4829143,42573674,0,21517,0,0,1916,247742865,51139591,214091349,701,30818535,33284,1,217874,1822785534,0,141175615,0,1,41063755,640821,4859797,1825766,18316957,783170,290721,1,29796396,289393014,73268270,3387941649,9,0,0,0,3266650621,0,0,39685,315842,1520057145,176779,35,1089586224,2651113,649926313,0,0,13009921,622752550,2526814,121919083,25604642,510335,0,197009573,33246250,0,131194,244272080,50284876,1182,594,1056728,12631335,1905418949,0,0,30346219,13943686,29730984,312415560,
40193183,765059300,1,2495058,370910,23170157,6450851,835581,301,31067610,761925193,192686271,1433037754,135957,1013625,0,0,6103133,0,0,4342007,0,10932523,59458114,484372,1128858,0,131,42,529868447,11729,1632573762,766612393,591,57779221,0,145564060,0,57990698,3769675,192607133,3,15252935,18,0,27625,2524980057,766611532,0,0,1201640,478064560,0,0,12321387,170399035,696254355,0,93177287,412206061,262292,308197,378,0,3514787,0,5066195,72989711,0,262294,0,0,42503,605445197,41166909,605,769,35334253,1641,1,284616,2194641794,0,190927926,0,32,42920013,888851,2895597,1660023,16655575,680865,290502,1,70584430,205780437,61629807,600021623,9,0,0,0,2652493590,0,0,39558,516884,1246549275,958284,49,1212846392,18631543,761910527,0,0,17780886,619259350,19583737,171743428,43596686,458235,0,184276797,40764904,0,178284,178800166,62339323,443,1790,974064,15658069,1937453871,0,0,27024700,32164649,25933925,775113643,
45756516,734935415,0,2910911,349512,27218117,6730913,1053134,319,42999913,785910347,186207671,1878405434,67986,1058173,0,0,5871729,0,0,2099926,0,11196731,54329280,483315,1039856,0,140,45,89756353,11739,1624590077,706093851,0,50767822,0,154559573,0,70673006,2354629,165780933,0,15620216,350,0,29114,518391913,706095628,0,0,1025054,429988865,0,0,3854073,201843622,97548330,0,111236257,83682399,264534,308064,61790,0,2863886,0,2241602,68756363,0,264533,0,0,485407,589968987,25584651,652,591,33393580,74922,1,275037,2194668646,0,165494719,0,1,36117115,1206328,2802270,1873433,20353203,639881,252590,6,114100173,235688141,61583789,723992363,55,0,0,0,816359806,0,0,34686,574048,1704018788,950771,0,972407768,16195998,785926520,0,0,11694324,618784417,16771046,292606975,41627668,476492,0,146280537,37655929,0,222580,188435653,63103891,32263,1595,1023488,15852933,1940319998,0,0,26560769,50866834,8141455,1008128228,
33083142,798713234,1,2910736,483761,16902286,6041758,1066854,242,43201778,611357657,220714102,1479770293,38267,65461,0,0,6018233,0,0,2290529,0,11080534,57088199,482239,1011118,0,106,34,126735217,11769,1577260002,811022863,44733,15397953,0,155517348,0,77840701,1741016,228912919,1,15560909,15,0,24036,719664946,811017663,0,0,1038894,397577612,0,0,91232,199651612,110449137,0,124018284,107479655,261699,288852,89897,0,2824150,0,2543872,78037544,0,261701,0,0,482893,608845733,26702337,637,622,28328943,626836,2,326018,2194676650,0,172097699,0,51,34301856,399443,2585727,1686303,20112401,49096,188892,1,108427740,252743789,43160212,719929581,25,0,0,0,1015279824,0,0,113,646793,1620256979,912592,3,969026627,17031866,611362965,0,0,12856017,620642572,17678171,196348717,45453257,398423,0,168747189,31655755,0,232654,151483804,76620389,100185,1728,65348,19243513,1568664317,0,0,103473329,48611192,172322,846207776,
25718143,823103197,0,2521468,421513,16107464,5962033,840651,227,35053060,800924962,174079670,1557383602,150,65258,0,0,5808988,0,0,2600575,0,14032752,35546197,478144,1026764,0,100,32,150644543,11774,1605466258,715180937,44427,333360,0,136798894,0,77572495,1997783,206236780,1,19634912,39,0,24785,863725704,715184153,0,0,947206,286125145,0,0,76815,201738414,133000939,0,123883709,119799255,261403,277603,133930,0,1759732,0,2880097,79641635,0,261403,0,0,534290,588659216,42038262,485,662,28228715,562579,1,257136,2194674898,0,171413769,0,28,37059017,391416,2465264,1663986,19720231,6097,48601,1,107214354,254236178,256945,722310772,25,0,0,0,1257396441,0,0,22,360006,1432951306,865938,1,729548006,15471172,800932349,0,0,238015,618487811,16020526,208390489,46924976,373195,0,219278150,31054400,0,175383,170997065,6848813,129331,1690,65235,1726332,1394769071,0,0,143301505,48203386,144229,999360873,
8991374,768092297,0,9012,1139719,5390091,7093473,424598,281,18595672,887201570,1137882,1822701596,62,65352,0,0,5770762,0,0,1828834,0,16352510,143443272,5307,1129676,0,123,39,126306079,365113,1599577230,693928976,56780,281467,0,155339895,0,35360654,2612411,189565352,0,414986,66,0,344128,723122059,693926032,0,0,65207,869646859,0,0,6237306,159816320,148274487,0,69121600,108093605,262009,266429,88204,0,3563495,0,2083002,75090371,0,262007,0,0,463153,603510337,45468859,696,723,20380752,436957,1,1681,2194602360,0,131424852,0,19,44368011,148710,2870593,1976487,12250440,17661,15375,1,112428289,560723745,198663,537388054,25,0,0,0,1035909165,0,0,0,237,1280518161,711896,2,310278958,11084358,887206876,0,0,236291,1729591142,11255612,111655798,44650763,364296,0,212859450,10756218,0,82119,112220509,8786,57164,1677,65352,1008,1393754911,0,0,143662228,50255375,12931376,1005243578,
11447345,288871906,0,8990,1140401,5162498,6708076,99968,65692062,9670839,1000067103,693940,2194782327,9762,65235,0,0,2993026,0,0,1848702,0,19096619,135140150,5577,57189,0,28796520,9224009,130993807,396479,1629502085,764412338,77724,25361975,0,70969864,0,65559759,2577543,31973556,0,220679,64,0,284444,750247462,764413780,0,0,64928,1181692275,0,0,11996522,593530530,164622287,0,24532043,94537387,239410,543215,95117,0,4369036,0,2087728,20381570,0,239409,0,0,380699,180918421,7031246,115653206,846,17109536,603148,1,1025,1906906921,0,104179388,0,11,52764102,143130,3885050,1863491,96986233,4619,14958,1,110704940,812813240,5019932,3186204522,25,0,0,0,1078488932,0,0,1,3923,1560212752,51939,1,366467150,256369,1000067787,0,0,366416,1770309011,14012,489655,10671455,300445,0,232610893,8735458,0,10383,109965326,439654,103634,812,65235,103469,1392726749,0,0,143913418,49518396,25198179,536776635,
6587384,271308067,0,8991,1157475,6414952,6088077,122047,112541128,9602273,1000104917,15542333,2194766465,87473,925006,0,0,2318212,0,0,2627362,0,18746173,132238645,5592,60877,0,49333097,15802315,90820198,397142,1598099633,760608866,66256,48832255,0,259720,0,77720516,3577244,2512863,0,16552,35,0,361731,524552721,760608300,0,0,65515,1265817422,0,0,17480610,589025548,497791430,0,24715576,212301774,0,543161,85668,0,4685207,0,3081068,17326464,0,0,0,0,244192,395959,262871,264223915,730,21435391,32282,1,22958,1701527269,0,98964633,0,4,43733332,187740,5112192,1605131,92689159,105689,16155,1,39505041,813116655,51148908,3242790115,33,0,0,0,825595003,0,0,36127,138,1591833644,51258,2,322741669,261030,1000106877,0,0,253234,1772591621,27340,2625141,9842873,276224,0,184622603,11213705,0,12815,132330238,35588807,93727,18,888878,8941737,1393791460,0,0,143678675,17687830,36581328,236180419,
14918840,269507729,3,8991,1157284,6947404,6448952,154387,112254696,12044865,999910303,189597043,2194776301,111823,1110616,0,0,2437773,0,0,3666910,0,21471643,152771524,5614,54506,0,49207538,15762079,629529212,397283,1615242456,701329534,47328,71458753,0,261714,0,75242417,5028156,3179381,0,19473,34,0,297085,3041031990,701328768,0,0,65302,1302149537,0,0,18560249,597833584,940361307,0,23995790,366713775,1,504029,41434,0,4807929,0,4316356,17936600,0,0,0,0,1693,392825,39671895,264246871,890,17125780,737176,1,280062,1697578001,0,116475992,0,4,51220267,197879,5106686,1585872,86014617,697355,17481,1,30809948,813104450,52415520,3293476550,7,0,0,0,3231368459,0,0,41577,327,1835161465,50637,34,612132245,253404,999911801,0,0,6234563,1773020113,13592,476247,9627082,248705,0,187072084,8839538,0,17232,139995403,50804643,69679,4,1069038,12761595,1904441176,0,0,36077825,14408135,38136578,819710270,
47524645,283329053,0,969640,520640,17941621,7915983,155335,111976681,12358074,1000103018,206298519,2141745091,134670,1063430,0,0,2600438,0,0,3415802,0,18046106,102841625,340496,70075,0,49085669,15723044,736013502,144172,1617044594,793516637,4746,74066054,0,4032705,0,75126093,5025317,2939268,0,7160674,51,0,102658,3506476509,793514055,0,0,1214286,932384014,0,0,19119609,606464795,940829870,0,24844194,332776569,21887,584915,608,0,4332366,0,4004950,18907683,0,0,0,0,1534,392552,40134387,264197327,759,23704593,758511,1,304730,1693745714,0,126692673,0,6,43311578,445397,5108535,1947611,99638222,934992,202357,1,28815748,813020512,52287998,3336621978,13,0,0,0,3680944760,0,0,38166,190812,1869374056,55823,21,1219476452,372963,1000103952,0,0,6943344,973795307,118333,421156,10213311,287171,0,170164737,23764379,0,16345,161953769,58206125,658,19,1025263,14620499,1911602524,0,0,29789218,13278372,38905747,716845764,
35839483,505534176,1,2908009,380912,18130035,6486917,659744,84416053,23389141,1000103652,217297815,1595772018,115897,1202044,0,0,5268450,0,0,3088393,0,12375649,59407323,483390,55506,0,37004298,11853161,705274545,11783,1680936022,733479934,4,75766991,0,41096518,0,77770115,5037412,26312200,1,17292373,19,0,25775,3359215822,733478826,0,0,1040490,624680114,0,0,16440873,609100913,940556118,0,108899138,310514307,261986,481784,66925,0,5060233,0,3638344,47002208,0,21890,0,0,1431,257892846,33853031,214319525,655,31576787,596576,1,320963,1823315931,0,188680073,0,1,37374497,433242,4580297,1594868,76666491,654271,154049,1,28980921,336895612,53555606,3355730910,13,0,0,0,3524241596,0,0,41002,345406,1234358910,221685,47,1069326524,3054556,1000104529,0,0,11059908,618413063,2985853,98998934,27845173,277569,0,143544831,35350228,0,140196,161827497,61675856,39933,505,1161041,15489727,1927021753,0,0,26504712,13571131,34393211,1009063627,
39255947,716455726,5,2686940,336808,20338417,5963335,1056562,296,32342540,1000113475,182822277,1546886864,58537,1130372,0,0,6061317,0,0,3202356,0,13981736,53472521,484092,1101239,0,129,42,685007875,11824,1555756565,719576764,55205,66960110,0,155860542,0,67220929,4942389,149438406,3,19417363,23,0,30422,3262627549,719575423,0,0,905530,624639040,0,0,125574,170208285,917250932,0,124098059,316207894,262394,291948,95900,0,5023659,0,3759347,65929098,0,261983,0,0,34451,614066976,51520361,616,733,36888499,525848,1,270034,2194643523,0,203594867,0,24,41127803,505933,2695957,1540893,13407474,759269,249713,1,73194245,256448251,24792770,601936391,11,0,0,0,3422912392,0,0,38851,466369,1271200099,999022,42,1151970283,17930947,1000113550,0,0,11017213,618819031,18939522,198993161,39629442,400018,0,137351744,42155958,0,237710,183947850,51722527,97627,1807,1091517,12991552,1861149548,0,0,25728862,33203159,241255,1147980602,
47659463,761925385,2,2454293,248096,19954356,5435200,1150479,292,32660656,1000235846,210610489,1507585403,28068,1010134,0,0,5910495,0,0,1916429,0,10841866,41272426,486256,1019379,0,129,41,749976672,11804,1602703163,660061552,96217,470492,0,155515797,0,7493,2354723,212888426,3,15130352,44,0,29090,3572605438,660060855,0,0,678461,624512624,0,0,6510421,202172961,157990430,0,121380325,72682332,262967,312864,83458,0,5039493,0,2028547,69098643,0,262395,0,0,442131,601991185,24388724,689,665,36321418,550099,1,311086,2194680066,0,154687328,0,0,41283985,495836,2394646,1514837,20802604,655055,220074,1,130808139,270452477,318322,722742094,30,0,0,0,3749665782,0,0,36871,349819,1186407622,819780,28,1008912356,16088792,1000237954,0,0,16616927,620222587,16754433,261151434,41832912,509350,0,168701306,43071958,0,271398,174952514,29050604,95041,1635,973263,7293011,1876491858,0,0,25923636,54621079,13125908,902008028,
41088406,673017042,0,2487896,432044,30979976,7081215,1383422,283,45107962,1000012397,139504535,1544977635,223,65697,0,0,6063750,0,0,2037710,0,12241195,60969597,484987,1073934,0,124,40,96656057,11850,1655586806,707170829,67705,25706299,0,154933089,0,6762,2358563,224218041,1,17116304,16,0,30233,554737933,707171728,0,0,1034551,618423630,0,0,12596108,206984641,157906591,0,120114424,98514928,262105,275237,93442,0,4946012,0,2282414,64679814,0,262967,0,0,404923,613490216,44869826,627,665,38885683,19816,2,206057,2194677544,0,197629511,0,30,40515015,1331075,2914682,1969415,19555872,4401,182291,1,129100119,277107900,43268406,741461466,25,0,0,0,864609079,0,0,125,357172,1700007144,675947,2,1090986673,12095709,1000015244,0,0,14892631,619021964,12442536,187913875,38468700,374561,0,202923520,45827168,0,306157,216698288,61723,65879,1669,65571,5427,1861582290,0,0,42151087,53793740,26331268,635377707,
9643051,674108402,0,1615942,876669,27623556,5858047,1494687,233,51768703,1000058399,163243004,1654838489,18995,65295,0,0,6146869,0,0,2022743,0,15037400,66144382,475878,1002625,0,102,32,120795773,11820,1616767207,858341686,28707,51097824,0,155910488,0,11687,2365010,212723849,1,21168951,31,0,27442,691294063,858338807,0,0,723365,514026447,0,0,14430752,204828429,158187186,0,123158012,99460570,263105,288555,113357,0,3549538,0,2270958,66028608,0,262105,0,0,410585,598759391,17404248,603,685,32835023,22,1,241119,2194675173,0,215265521,0,19,38949444,1250457,2866369,1632347,20175865,422,178493,1,126290938,254509970,51419540,731177873,25,0,0,0,986033977,0,0,5,401769,1965243312,958808,3,360300198,7414506,1000060557,0,0,4674322,621534944,6206254,205688573,39375426,393515,0,173377898,37645770,0,338376,197358754,110068,111860,1841,65291,6875,1395255154,0,0,143277139,52816397,30427180,7210572,
7920957,681952778,0,1071981,1428837,9277253,6959965,1514058,475,52128905,1000112953,231482431,1529856094,120260,65289,0,0,5777786,0,0,1982384,0,16911441,109178713,5413,1092857,0,208,67,121853503,368010,1637133971,989766018,77994,59511350,0,155017189,0,21538,2405064,156651472,0,12205598,1,0,253516,697414133,989765810,0,0,67164,648237302,0,0,17716213,202003256,157730580,0,110096143,103539369,238420,274575,118561,0,3762839,0,2233395,65439797,0,263105,0,0,419458,604397235,29056042,466,857,25783968,296308,1,341912,2194687385,0,196733009,0,22,51093642,270120,2221653,1934366,21404053,413,50346,1,130657968,334322562,66171845,710273110,25,0,0,0,995494816,0,0,15,802,1965242699,930622,1,365396689,17123487,1000114041,0,0,317232,1736890974,17915858,230707042,38488753,357428,0,206482631,19366127,0,338363,189554796,235903,115885,1605,65273,52748,1392519708,0,0,143951755,54509328,23345311,237133448,
6073495,464569499,1,6479,1156227,6883801,7075519,506284,90650467,23102117,1000106527,215186246,1454235242,87430,64719,0,0,3190825,0,0,1774504,0,18700021,134156731,5663,1166602,0,39737191,12728573,132154920,396247,1606517963,711630674,77625,44938305,0,70050722,0,53315503,2385600,63944324,0,19428,0,0,276830,753024179,711632279,0,0,64897,1092175570,0,0,20438955,175608201,157446242,0,23758484,98486110,0,416264,6342,0,4032515,0,2022393,39973826,0,238419,0,0,400604,176289192,35142930,117869657,690,16219442,758889,3,317841,1618740484,0,102147430,0,3,40513706,197377,3734754,1967356,70871077,679,22474,1,84008224,813316970,71507083,596185290,25,0,0,0,1072678298,0,0,718,63,1995131039,64735,2,295796127,395593,1000107442,0,0,323437,1769280802,1710,1857039,22877542,215192,0,239412247,7797968,0,92341,146256389,177717,46389,710,64002,38002,1393520674,0,0,143912526,35786360,24701576,821922605,
8954712,359002232,0,6641,1156971,5604033,4847904,166003,73464593,13817861,1000100432,168677708,1578019715,115580,820988,0,0,3055274,0,0,3256329,0,21800165,156083019,5671,219175,0,32203657,10315629,95721225,397827,1638434649,801379876,27254,47261750,0,1507260,0,44498323,3116291,2662992,0,21128,0,0,286891,552978157,801377373,0,0,64940,1132473817,0,0,18247761,531063957,406053811,0,24222754,329243095,0,566683,72696,0,4181817,0,3841975,23186094,0,0,0,0,5756,396642,42524962,264245283,794,17168877,770430,1,249144,1118738434,0,119264745,0,8,48454475,171148,5107464,1308636,96715363,120766,13510,1,26339083,812549659,39264051,2789310928,32,0,0,0,870645682,0,0,34901,330210,1995162406,65286,1,348444072,401295,1000101698,0,0,226358,1774787566,1290,398754,12784305,297461,0,193502745,7981597,0,17157,119773484,55960818,53324,21,786096,14055208,1392198403,0,0,144007397,12358066,22280183,739266453,
18321471,350372446,0,6318,1157088,5901240,8605322,192139,99610390,15154877,1000093703,76955759,1590238892,109385,666726,0,0,2749294,0,0,3748818,0,17867140,129641149,5682,55531,0,43664957,13986706,573729201,396715,1617178782,803780937,53645,42511210,0,1366081,0,50386898,5025932,2782855,0,20622,0,0,338799,2774142934,803780550,0,0,64936,1404534765,0,0,112158,597991104,939744232,0,23692813,370237663,0,568511,99794,0,5205346,0,4404288,22459668,0,0,0,0,3947,393453,47031000,264509605,873,20594077,770435,6,113675,1507945410,0,98189832,0,13,50877559,177003,5112842,2117200,97022192,866516,16454,1,25404976,788474308,45897,3292552445,7,0,0,0,2948004027,0,0,32804,510601,1994572597,68787,20,669880598,401871,1000095389,0,0,7579224,1771148284,1143,403840,12222661,281346,0,184867718,9808519,0,19802,126017685,62592240,135255,42,633922,15722101,1901368062,0,0,36065430,11889196,209644,809364465,
50816208,298299657,0,725261,589134,19902135,8788485,150009,72199167,12894042,1000103125,172808563,1393244116,136685,1014994,0,0,3140617,0,0,4139408,0,18062861,109543997,339998,55339,0,31648948,10137892,602199276,143789,1664997349,797729382,74851,406044,0,264175,0,55845103,5030560,2628640,0,5931786,22,0,114485,2868199484,797728943,0,0,1443885,1763632991,0,0,7210263,616020646,940548538,0,19237702,395149177,22318,607637,90771,0,6504746,0,4838038,19958662,0,0,0,0,1619,394495,44106178,264591053,849,24177048,770821,6,255258,1093503131,0,124142757,0,1,51781166,507841,5082729,2162842,103695148,878922,15371,1,17704403,633934572,412772,3395410381,12,0,0,0,3008895177,0,0,36862,355062,1935264640,66414,51,1306803219,401859,1000103812,0,0,14247974,973724886,1409,519765,10809786,311137,0,145656223,23811672,0,15303,187965173,58505738,139473,27,978115,14694369,1908722220,0,0,29622866,8224300,14424114,831919875,
37189142,251671656,1,1704996,465143,18600872,7368086,891564,60954885,36398441,1000104814,183209278,1744031968,150733,1006706,0,0,5142764,0,0,4376189,0,11826905,54338202,478449,67106,0,26719824,8559011,730857212,11830,1692722300,735352100,67510,28254458,0,39598516,0,59667501,5024259,29298481,0,16738931,9,0,23510,3480997930,735350899,0,0,1439558,1252495415,0,0,13234675,622464099,940649702,0,87420703,435534686,263237,626574,106510,0,5730892,0,5146242,17324088,0,22320,0,0,1789,236462399,8127234,214256186,598,28528878,30689,1,270618,1450574805,0,163187286,0,1,38785676,443644,4479565,1811847,100536905,1078396,181708,1,24247584,218416177,30330041,3425350131,9,0,0,0,3651945138,0,0,38170,380269,1995185673,212082,28,968925813,3575944,1000105780,0,0,20919722,619961336,3387871,188451367,9078108,358371,0,181375977,31477632,0,185947,168717549,65727737,118533,657,968544,16505036,1936149032,0,0,26316621,11224267,27712713,863238856,
43107525,547864619,2,2308834,506314,17152089,7382284,1514959,22129524,53280093,1000105606,214209075,2063044256,20872,854107,0,0,5927083,0,0,4452818,0,10703081,27175942,481954,54553,0,9700618,3107296,817499305,11838,1614178986,700861441,39173,53826753,0,156062098,0,10515140,4947422,167255104,0,15178930,9,0,27339,3894466826,700860516,0,0,1334150,624376545,0,0,16186218,597346874,916067179,0,61362300,410963371,262442,352672,73179,0,5068458,0,5175561,50633491,0,263236,0,0,46123,589939710,328525,784,755,32542965,274289,0,316400,1810946953,0,132358255,0,24,42028385,454269,2935458,1815831,23181858,601995,274512,1,50496901,189046965,63676789,3289947181,9,0,0,0,4087858113,0,0,36039,447565,1995123409,1110610,21,1181249082,22735582,1000106565,0,0,21224090,619956691,23599540,292702484,29661816,476886,0,220308193,38704473,0,333706,149518646,76439212,92862,1493,818065,19188366,1935375843,0,0,26769309,23043795,33849249,68190137,
47955485,662132997,2,2087451,516480,24954481,6838645,1399089,80861272,51646277,1000201264,140919319,1827398485,153868,1070033,0,0,5909066,0,0,1960173,0,11404709,58684780,482047,1166022,0,35446165,11354298,757975881,11846,1632379728,757106325,83302,65943570,0,155079490,0,27021,2465922,228355260,0,15931414,9,0,28367,3610941670,757107699,0,0,1508644,624320413,0,0,18978683,162080756,157867151,0,66247232,125347838,263194,314400,112749,0,5070717,0,2238814,63722805,0,262443,0,0,568863,600002264,27019931,855,857,32220190,768164,6,208149,2194700964,0,187120929,0,23,51378167,643830,2566415,1736223,15202577,601274,300289,1,76340519,215120642,68633718,554607074,30,0,0,0,3790925358,0,0,38818,459375,1995134794,1025391,31,1335922643,23247408,1000202707,0,0,21620909,620365820,23679541,205112479,37554981,428424,0,139334725,35748805,0,306665,221464544,39356596,73123,1466,1031204,9881604,1938095023,0,0,26946379,34167092,40304440,573127,
47835464,823381161,1,1454367,485868,22490459,5773980,1453186,86022525,53246282,999944212,0,1709615510,167977,131889,0,0,6237482,0,0,1613900,0,15944500,72859071,481251,1068819,0,37708415,12078831,93841134,11856,1633912842,824175293,87711,77968260,0,136569790,0,24564,2565179,208910454,0,22192265,10,0,24382,542076035,824170720,0,0,1403720,626831528,0,0,18296870,208426370,157844513,0,89570634,65984605,262845,370855,1945,0,5063103,0,1721622,77089890,0,263193,0,0,399283,592777005,35076545,693,1014,30444399,768790,23,0,1665178457,0,254271598,0,0,55781709,610985,2828834,1612666,21980957,635489,255163,1,66493358,199476849,66945095,740495653,25,0,0,0,853808676,0,0,8986,146450,1995169035,1126580,1,1609431577,18946065,999949451,0,0,19515332,619417062,18718631,202346368,46858348,604652,0,202450906,33747035,0,316700,184656906,59048613,43071,1501,122915,14835896,1812217645,0,0,53125852,30214729,38874362,320875957,
22735663,655141610,1,2079482,642991,8244638,5233111,1419151,83642512,52342603,1000101347,0,1911664910,145724,52805,0,0,5978899,0,0,1842216,0,16823640,75544692,472315,993744,0,36665172,11744680,111924354,11854,1558020689,811760840,24294,75177119,0,156804554,0,21669,2375307,196857797,1,23429874,38,0,81899,640066649,811763884,0,0,949800,627331990,0,0,16019575,196592902,157840999,0,94772392,107811933,262277,249401,60190,0,5071757,0,2099242,63234847,0,262846,0,0,454196,607089278,39843267,520,1004,30717076,768895,21,0,1588846656,0,268679952,0,23,54870241,277657,2385275,1466935,18364217,328,177478,1,72292849,154577460,41382673,711053815,25,0,0,0,905350985,0,0,5030,273500,1995120773,1028802,1,907902447,20065577,1000103244,0,0,295863,625106883,21019755,254765815,36949929,340931,0,188578006,33024917,0,306688,124336556,76327696,31186,1715,47775,19165437,1393858798,0,0,143589687,32347796,24500585,817070811,
7569602,689142020,0,1478395,1065790,6025730,7074034,1408462,61485232,51519963,1000103078,0,2194698790,122819,48907,0,853,5517434,0,0,1868793,0,12949557,88387629,5491,951400,0,26952432,8633503,117209989,369848,1485225252,743152723,1567,47212331,0,155418662,0,420981,2200307,170230105,0,9951528,0,0,350324,670649698,743151631,0,0,69304,626557619,0,0,131165,193515369,158279671,0,28489889,99785291,236551,223194,80730,0,5053959,0,2116794,68392518,16,262277,0,0,413166,597700965,49965168,932,1004,20539602,768926,31,0,1276164905,0,163525151,0,19,57939331,179280,2683626,1973239,17217836,143225,174807,1,102263363,440357648,303381,692753001,25,0,0,0,953301761,0,0,6483,446086,1995165026,1132486,0,429714635,20515466,1000104401,0,0,303096,1739919508,21423912,252004099,40358903,299666,0,209434034,10188918,0,310816,123790432,76080250,93328,1738,42408,19103827,1394222353,0,0,143574324,44790350,238420,652195971,
7069372,644852185,0,5953,1156070,5444622,8034984,235138,166453,15537303,1000101859,0,2194629928,140339,60111,0,454,3247260,0,0,1365248,0,22693102,158980695,5720,1083478,0,72965,23372,141719887,396009,1511150175,627991779,59401,391380,0,74158829,0,52490767,2146857,53579199,0,25072,0,0,340775,810968522,627988915,0,0,64920,1571706629,0,0,132603,150602128,157787054,0,15649291,84407424,0,312884,107519,0,6502934,0,1592768,59793519,8,236549,0,0,319300,191146068,31477547,19164874,862,19151123,29929,49,0,1643348846,0,118900085,0,523,50476630,165750,2126433,2236961,27097764,937710,12008,1,62679512,494398173,63925955,508537855,25,0,0,0,1171042065,0,0,4397,395970,1995130379,855050,3,368838668,8131336,1000103615,0,0,290113,1768186419,7517560,86251627,35653323,388732,0,232957778,9731457,0,26703,117189944,74175428,105706,771,55731,18623997,1394279449,0,0,143563603,28182044,249784,900513389,
6735637,506793387,0,7017,1158024,5531505,6258671,185970,87322,13487395,1000104187,0,2194677483,89602,63270,0,0,3144404,0,0,2179927,0,21832068,153756330,5725,139171,0,38278,12261,81706000,396659,1417212961,656249263,57614,484367,0,260961,0,55991395,3363539,3168152,0,23879,0,0,282127,471937015,656250507,0,0,65392,1765853014,0,0,6858509,480143150,406897743,0,17673617,122751344,0,583737,109825,0,6515450,0,2471856,41913507,0,0,0,0,435073,393464,48409980,194699535,716,15093109,246220,3,0,1224201688,0,117350016,0,1,43504256,162892,3727736,1740496,99616630,1018181,17025,1,26206076,590629995,77641392,2533694625,33,0,0,0,742970281,0,0,773,455497,1995161900,56075,3,306261202,316178,1000105729,0,0,419465,1770605371,6174,495310,24738222,297572,0,190790133,7269632,0,19687,116056730,72956150,121640,12,62493,18317316,1394198079,0,0,143572805,12315207,9644981,666532714,
17719554,289032986,1,7153,1157803,5171011,5064170,170946,3097721,12917286,1000006470,0,2161688785,23608,1303454,0,0,3159593,0,0,3582946,0,19430178,136611042,5735,56883,0,1358032,434979,561196894,396223,1903015620,989845699,48466,18783664,0,258289,0,57662421,5052245,2558779,0,23574,0,0,259631,2727853292,989845626,0,0,65017,1770976805,0,0,13633577,704272372,939753622,0,19199383,360518474,0,758819,116887,0,6538234,0,4221156,18590723,0,0,0,0,1489,390962,7214426,211750514,750,15349980,770429,0,0,1301998772,0,104625019,0,4,43742996,153856,4228023,1384325,129521807,1213292,15460,1,26245926,668662069,78957567,3880095846,14,0,0,0,2939240742,0,0,35400,492076,1847147429,52691,27,593815305,278603,1000007968,0,0,7486945,1768592067,8186,490401,10130765,381767,0,205614054,7921819,0,17893,111264870,71771661,116822,28,1268041,18018859,1888558259,0,0,34694473,12243382,26554300,731446982,
59784971,324479411,0,5880,523620,15887229,6096625,163415,78503592,12515905,1000101026,0,2194670116,147840,600276,0,0,3090292,0,0,2868579,0,21514402,152568363,325241,43369,0,34412406,11023096,782562833,143047,1278015691,960137607,101074,51570176,0,262528,0,68122643,5064999,2989610,0,26711,1097,0,108424,3728180962,960137487,0,0,1492221,1767497025,0,0,13362933,472712953,939851583,0,19603122,287121959,22207,758832,69801,0,6521859,0,3377886,21130707,0,0,0,0,2393,390775,0,263899156,798,25043431,770553,6,0,1266026918,0,113273723,0,9,47747499,628596,5200606,1499301,129524548,1025028,24141,2,16746239,637863742,78099192,2603745851,17,0,0,0,3913551123,0,0,31349,420084,1855657632,48153,16,1260373397,248087,1000102208,0,0,14892288,971265590,8798,475070,11455445,385920,0,205177332,26044512,0,17273,121326751,58822,90645,23,568923,7253,1743819893,0,0,23721330,7788034,27822673,216701940,
47144333,337521776,3,863198,512494,15409786,6260704,984053,74172102,36651717,1000100700,0,2194657706,129670,941512,0,0,5243523,0,0,2900727,0,15004988,90158437,454630,54122,0,32513926,10415001,704104451,11857,1498264878,781859901,109266,54508291,0,39847529,0,49070757,5380723,32803056,0,5040660,10,0,25534,3353675013,781857122,0,0,1450811,1255904658,0,0,14569408,551376026,935653696,0,84940796,289563540,263010,737115,0,0,4332640,0,3413931,21623179,0,22209,0,0,1163,248609304,0,264175994,822,33208672,770528,1,0,1310896570,0,113535990,0,11,47930758,361819,5108893,1538931,125803513,1009363,186463,1,23418691,233070558,49456458,3034398695,23,0,0,0,3518715714,0,0,36245,151258,1965229411,162160,32,1370258726,2101066,1000101552,0,0,17499303,618504356,1927143,156239102,12075134,371685,0,179010577,37977215,0,211162,140946644,49380,36,632,905280,3910,1713941412,0,0,24111925,10939076,30570680,5284169,
47570279,231383129,6,2338054,510592,18076724,6231433,1391782,110837859,50387537,1000097292,0,2194675136,71711,877961,0,0,6319330,0,0,2837081,0,12451135,61339138,453131,51824,0,48586458,15563150,728267701,11862,1540455728,713253887,72742,59089631,0,155673363,0,59505433,5284377,213599451,0,17374778,11,0,31360,3468654264,713255019,0,0,1351190,628416887,0,0,15589457,569879283,910847527,0,86720195,286918572,262999,697087,0,0,4087025,0,3345894,15796008,0,263009,0,0,2393,594960544,0,213653765,875,38917131,770469,6,0,1683293550,0,206751362,0,20,48871422,380646,4544596,1531620,111486396,798121,148173,1,69868096,207595880,0,3137489739,25,0,0,0,3639026085,0,0,34725,4783,1935249143,884834,23,1388661340,15215141,1000097463,0,0,7317645,619533854,15951181,245029022,8514705,411352,0,197035729,44283507,0,304371,148767698,78079,0,1512,843234,7652,1516580175,0,0,22251920,30007766,32144206,393822345,
29731347,436317616,10,1886181,522882,19598794,6448208,1129216,83740600,40635510,1000110810,0,2194688229,177813,924430,0,0,6416774,0,0,3764499,0,11119860,32042162,457906,1093149,0,36708081,11758367,690992831,11869,1615565097,836751950,60139,62381379,0,155362143,0,8705,2284799,204746695,0,15538532,12,0,35781,3292064089,836748686,0,0,1518174,627596021,0,0,8056248,168915725,158908702,0,78075531,381562858,263134,373627,0,0,5046360,0,4437897,38607100,0,262999,0,0,25715,590391062,0,315091,599,45060932,29367,1,0,1562696584,0,152728333,0,25,33876162,797327,2551637,1587843,24076389,141003,173623,1,68280331,229344529,0,600224322,40,0,0,0,3456717345,0,0,36009,284214,1567809072,787292,34,925356350,13899586,1000111654,0,0,6144327,618351659,14375482,228782723,22421055,508012,0,177470496,51969672,0,244324,152684707,39759127,0,1622,888422,1006,1375941545,0,0,21018612,30723583,16918091,731718060,
25147089,600044531,8,2031187,494633,23620439,4615326,1537476,64240671,43679706,1000079194,0,2193821083,141605,1041675,0,0,6260361,0,0,1996762,0,10303954,53572933,458700,1316551,0,28160295,9020373,99087307,11881,2149992396,851106737,82258,32641098,0,155348794,0,10015,2191763,219803009,0,14421630,8,0,29095,572402213,851106304,0,0,1408787,629680647,0,0,147897,252960406,159071184,0,107922602,76024506,262974,381728,0,0,5049994,0,2114426,57949331,0,263134,0,0,461773,597754745,0,94375821,606,35882584,0,0,0,1637835452,0,163951397,0,0,34438874,562229,2370409,1189786,24455349,927983,246383,1,74700913,230258358,0,905804348,0,0,0,0,901546152,0,0,38268,305103,1633738271,907288,5,811989754,17858837,1000082205,0,0,5615397,618831970,18645460,260051932,34003928,522042,0,145224902,41098401,0,375417,208774014,53091390,0,1705,1003395,9992051,1475728486,0,0,59412851,33931613,279681,837077689,
7305391,621208695,1,1727806,639281,14682745,5798144,1009629,373498,35634469,1000103222,0,2194851049,85820,54237,0,0,6149625,0,0,1527992,0,10969045,55899070,457106,1150758,0,163725,52444,122089388,11875,1865706197,765181371,70258,542809,0,155548131,0,21041,2159362,202560464,1,15432970,41,0,26409,697112268,765180443,0,0,1064580,623857045,0,0,69986,224365729,158900778,0,61207352,89520329,261635,388431,0,0,5034082,0,1754478,63439641,0,262974,0,0,350752,602808608,0,196995383,782,31570720,0,20,0,1323929813,0,173112769,0,30,45838356,361494,2198900,1616255,24750257,922968,207611,1,81457164,217196467,0,799452643,0,0,0,0,990893041,0,0,5258,464248,1409085651,764589,2,341250660,7212042,1000104712,0,0,361522,617759555,6442591,282276892,36749415,533388,0,223862648,36762090,0,233722,168027779,47802643,0,1570,48991,13337633,1393079893,0,0,143649712,36809958,131328,1160374083,
5836647,615928316,0,1981721,1152758,6503404,5159866,1515442,416633,41748392,1000105705,0,2195280205,32,55487,0,0,4443057,0,0,2228153,0,12246921,34490479,6427,739575,0,182633,58501,124457870,362115,1272866834,757332979,57519,254343,0,155445245,0,24298,2300044,227543036,0,16948472,0,0,227932,712451772,757332531,0,0,65271,555924739,0,0,0,165480078,159068079,0,95975225,103105066,236905,383578,0,0,4425449,0,2479661,57661650,0,261635,0,0,433340,598522399,0,159174542,640,18026546,0,23,0,1691566093,0,162338205,0,23,38028754,181865,1875893,1431847,24508337,902506,40581,1,74441138,248087090,0,603982040,0,0,0,0,1019221345,0,0,4359,525220,1608720955,894160,4,274040151,17645006,1000107303,0,0,305751,1721470506,18692247,149117028,34098550,528218,0,234578735,11665617,0,368373,135133818,58852153,0,1453,51125,12008286,1393357742,0,0,143770412,33472333,0,1141306984,
5773061,693788913,0,1023098,1153534,6330825,5676451,157044,715235,11961988,1000105897,0,2194680750,0,55386,0,0,2972775,0,0,1883025,0,13629630,115583931,5764,1143702,0,313652,100405,127547434,396297,1847836843,646124534,49131,0,0,93778632,0,41066530,2187667,215259895,0,2936296,1,0,297673,728171904,646123621,0,0,65028,685258565,0,0,0,222706274,158856508,0,24612045,106962220,0,348003,0,0,3546739,0,2143356,64573893,0,236904,0,0,456849,182557091,0,153723946,613,17146889,0,54,0,1187913720,0,128172791,0,28,36330412,186573,2414423,1572062,22375578,970500,15899,1,54864300,811794710,0,798244126,0,0,0,0,1038306493,0,0,4609,555136,1610242106,148179,1,262627810,2570280,1000106663,0,0,225675,1769461590,2234666,88604354,38415018,517329,0,310348863,8613947,0,17100,133650408,52463310,0,770,50763,14784780,1393669335,0,0,143689171,24845562,0,1109106108,
6409003,601153597,0,6300,1153034,5047660,6039275,118193,74290622,8842730,1000103083,0,1662877504,0,63884,0,0,2380243,0,0,1595245,0,18734011,134382302,5766,1014695,0,32565631,10431603,128849289,395826,1383850927,688374074,77940,0,0,263765,0,52542712,3396287,2707990,0,24224,0,0,269945,738902009,688375436,0,0,65001,1142909825,0,0,0,142788986,443260686,0,24167749,89272240,0,531495,0,0,4219976,0,1812209,55274862,0,0,0,0,378595,394395,0,132169119,755,15350396,0,4,0,1122943341,0,100332438,0,6,45343418,143277,2886284,1700775,60749473,914695,16234,1,18590134,811915565,0,480444332,10,0,0,0,1077049169,0,0,1031,494684,1334636647,51088,0,325089289,250838,1000104583,0,0,379713,1768104372,11165,367372,32159956,652065,0,285320157,7737239,0,12408,107626208,35482242,0,38,62853,13179664,1393578233,0,0,143688652,8681321,0,119697495,
17502503,299586778,0,6331,1152883,6031865,6070420,163038,83431091,11548174,984788787,0,1975033175,0,1030211,0,0,3079885,0,0,3646351,0,20197779,146223321,5767,56044,0,36572531,11714976,676977174,397092,1331692603,674191741,28814,0,0,257958,0,53461004,5065824,2770703,0,25572,0,0,351293,3230504817,674190993,0,0,65025,1347411274,0,0,0,481955768,924540023,0,19182859,375438041,0,759161,0,0,4971662,0,4325981,19843202,0,0,0,0,4334,389668,0,200205,819,19868535,0,1,0,1676578149,0,111808305,0,3,48496819,174378,3817152,1690272,129568825,432949,20637,1,20020781,636503432,0,2571268396,7,0,0,0,3393374767,0,0,33164,334572,1664551210,48964,32,609879326,240723,984789482,0,0,8134995,1772042899,10150,2942377,10337172,381685,0,284155321,9257161,0,17148,125275684,484247,0,18,997058,8909971,1852681878,0,0,41697967,9377828,0,0,
44918503,300565936,0,6449,394548,17146627,5624912,146287,67515973,10932339,1000106510,0,1637382668,0,766355,0,540,3067044,0,0,3570563,0,19148608,137047828,326962,52480,0,29596081,9480375,815786627,142792,1472118842,611581400,20,0,0,261633,0,56736169,5026041,2984807,0,25892,13,0,135110,3885502399,611578568,0,0,1242124,1120854486,0,0,0,544706639,940153559,0,17615278,356580747,22679,759366,0,0,4137697,0,4201769,19636657,8,0,0,0,1410,391422,0,7198802,670,26626329,0,1,0,1267593570,0,104372219,0,10,41095373,414405,3079405,1391226,129602308,139308,19905,1,27522288,578668363,0,2999366174,7,0,0,0,4076184775,0,0,34889,547067,1483781097,57424,19,1066760069,364549,1000107322,0,0,15683127,970093263,120603,367591,10710094,380998,0,284785751,26874495,0,16294,156608859,11856,0,34,731459,113884,1905212397,0,0,29944064,12980951,0,0,
52296841,274411443,1,434164,354784,19623990,6131343,703303,73569014,27589781,1000103249,0,2161753689,0,722034,0,867,5299375,0,0,2855346,0,18554401,112554034,481456,49221,0,32249392,10330245,694207615,11884,1327620259,826399159,91,0,0,40328033,0,62082891,5025808,2480593,0,6570202,11,0,25619,3306447857,826398093,0,0,1073909,843769436,0,0,0,491209487,940177177,0,49678345,282103851,262011,759370,0,0,3784786,0,3355594,18070743,16,22680,0,0,1138,258464422,0,154176430,959,30622976,0,1,0,1376505082,0,143170598,0,2,55781698,475036,2978445,1507588,129602405,932038,231893,1,17553604,264433579,0,2703256723,7,0,0,0,3468823383,0,0,33570,345685,1602756363,144859,34,1528389539,1963120,1000104258,0,0,19195505,619286015,1799056,162533011,9617850,381055,0,254499049,34503705,0,148120,176286242,100027,0,677,688468,11209,1905683196,0,0,30080718,8252623,0,0,
38118527,321462885,2,1934756,357033,16181289,7911293,989600,60413806,31928698,1000111822,0,1373137658,0,1132999,0,0,5776668,0,0,4362843,0,13599103,62931443,484687,46274,0,26482765,8483084,664430131,11884,1251775277,711759525,0,0,0,133210441,0,57157784,4942164,45961884,0,19016287,9,0,27769,3164637075,711757717,0,0,1162018,382716547,0,0,0,462498607,913812941,0,69983578,421810279,262614,710089,0,0,2364584,0,5109300,21083814,0,262011,0,0,1677,571293152,0,168544384,651,31535807,0,1,0,1790525541,0,209386258,0,29,36849652,472157,3013389,1947037,113785079,883809,223530,1,49094185,217314232,0,2544169319,7,0,0,0,3320029320,0,0,37139,365940,1301138641,951376,30,1047763120,15997599,1000112283,0,0,23041337,619548609,16865243,176951866,11518028,407573,0,268790075,36953603,0,217582,132612510,52841,0,1752,1095856,5038,1906287860,0,0,29891640,21870293,0,0,
39226163,506570674,1,2106555,359022,22437148,8556982,1261568,567337,36249331,1000107821,0,1566480603,0,776020,0,1,5802554,0,0,4127718,0,13003272,47336027,483287,69744,0,248696,79663,830873265,11889,2110679304,720701306,0,0,0,140240360,0,13416383,2513804,274911060,0,18280763,10,0,26883,3958746780,720700532,0,0,1150425,361122109,0,0,0,778817786,158502623,0,78864564,411325110,263433,387635,0,0,2075177,0,4850787,46851635,0,262614,0,0,45422,599150813,0,163474315,747,35369345,0,5,0,1412100019,0,156185591,0,29,42005176,521077,2267310,2106208,24729387,936866,212409,1,90557307,207324264,0,4282031879,33,0,0,0,4157416554,0,0,34572,440196,1316844263,782453,14,1178558885,13744373,1000109863,0,0,22224720,618002756,14201489,227323557,27316524,530674,0,283383271,41782353,0,288450,195510451,45195590,0,1665,741440,11354948,1899339816,0,0,30847512,40605561,0,0,
31024595,782253660,1,2223166,349584,15313075,6942751,1149717,231002,38164001,1000127201,0,1266318304,0,852144,0,0,5147482,0,0,2083191,0,13570119,40956330,484699,1501898,0,101261,32436,162392047,11903,2194971375,778534033,0,0,0,137177365,0,13301,2633349,274863535,0,19184268,12,0,23396,931440760,778533165,0,0,1160192,577942794,0,0,0,281342327,157851194,0,91172536,124575414,262984,388904,0,0,4590748,0,2382328,72360864,0,263433,0,0,564355,484865705,0,152658614,651,27415001,0,6,0,1401128653,0,163329579,0,34,36743059,362120,1834155,1780472,24769056,1025269,248052,1,90972902,207725900,0,1011623774,0,0,0,0,1364107930,0,0,35706,366501,1486993931,742642,2,924890928,12636420,1000131656,0,0,9972006,618755441,12822909,299378476,42663836,531938,0,260096924,30309379,0,255311,138139228,53427998,0,1728,816429,13422447,1815758969,0,0,46868840,41056697,0,0,
8205649,593615723,1,1848339,690212,16365929,5718846,1020463,19688474,34933756,1000100096,0,1727170660,0,377931,0,0,4342200,0,0,2035871,0,12270160,61670350,475404,1566378,0,8630577,2764500,91233879,11906,2194777863,746999933,0,0,0,109017170,0,520754,2627356,273658078,1,17111743,31,0,156284,522629659,747001495,0,0,802328,674304574,0,0,0,277765016,157801053,0,98728977,124706424,262254,382180,0,0,5508838,0,2317635,58289333,0,262985,0,0,565115,371600879,0,141160449,819,27961329,0,2,0,1799141623,0,201880600,0,17,49141410,397238,2255827,1585214,24531420,889857,261739,1,72759917,214402122,0,976320031,0,0,0,0,811455440,0,0,16214,226481,1395428528,830373,1,359508229,15012159,1000101294,0,0,362800,625214201,15953459,312749378,33597128,521689,0,174074282,26179695,0,225603,160292951,52143631,0,1456,361714,13101031,1392758003,0,0,143639625,33129570,0,0,
6076728,644104581,0,1692528,1534983,5852524,4635730,660130,78599115,27291027,1000107131,0,1571743857,0,63861,0,0,4438043,0,0,2004511,0,11333219,59123297,5568,1427181,0,34454392,11036522,142009795,369139,2194778462,798218844,0,0,0,62584745,0,21492,2482693,273419599,0,15819834,1,0,311627,813754808,798215692,0,0,65388,703559473,0,0,0,254220797,158467633,0,90166067,124645000,236889,382356,0,0,5767582,0,2294654,63217818,0,262253,0,0,564699,406100436,0,1097928,600,18029610,0,3,0,1425698827,0,187923227,0,20,36152846,169467,2033015,1289887,24561645,681357,151705,1,90715311,147864750,0,912015194,0,0,0,0,1178690758,0,0,875,491,1470475775,1050114,4,260837865,7372269,1000108100,0,0,276662,1738406429,6096599,281942710,37783139,519094,0,190111270,9249132,0,137152,122187702,64351339,0,1046,62985,16159661,1392408031,0,0,143711864,40671651,0,0,
5602974,675853547,0,1613569,1536698,4351108,6364451,122479,70150941,9139968,1000105241,0,1466449002,0,65301,0,0,2614890,0,0,1985453,0,11081710,60759107,5790,989983,0,30751098,9850313,141666490,397528,1553301361,626433854,0,0,0,99423575,0,11708,2213240,272772762,0,13576195,0,0,319572,811782126,626433406,0,0,65767,1345177692,0,0,0,196989666,158347644,0,34306940,124690607,0,383706,0,0,5425510,0,2276267,65436968,0,236888,0,0,564918,197711967,0,325886,647,18365122,0,1,0,1124364278,0,142864990,0,0,38555028,121939,2064909,1773850,24581057,733,19934,1,113864732,534662898,0,710006679,0,0,0,0,1175557496,0,0,33,0,1547472603,247755,5,276581543,4751019,1000106544,0,0,336157,1774113655,4578521,474145,37973895,524638,0,309332156,9348947,0,13375,91141842,66299723,0,1001,65268,16649086,1392300955,0,0,143723720,50843846,0,0,
6172118,403382160,0,5669,1536031,5130354,5280762,138140,91640708,9647029,1000103584,0,1439716689,0,57986,0,0,2622854,0,0,2152510,0,19133555,135653397,5790,1015669,0,40171397,12867681,134972157,397150,1377832675,776326469,0,0,0,40674454,0,41300053,3159699,152241031,0,25004,0,0,312242,773177257,776327829,0,0,64924,1293879903,0,0,0,140056440,416336937,0,21473533,124446674,0,549279,0,0,4777341,0,2443384,35200478,0,0,0,0,563409,3202095,0,30129750,690,18263771,0,15,0,1263348934,0,100882496,0,2,41499644,145942,2990716,1500264,78064764,828,22731,1,41266661,709721214,0,471470848,10,0,0,0,1114738879,0,0,3346,0,1452884023,52992,5,295079700,262807,1000105172,0,0,420871,1772735444,8081,480498,19598669,436922,0,273960677,9623615,0,14839,109602183,45624435,0,128,54641,11459148,1392296697,0,0,143731402,18468260,0,0,
15096604,281025227,1,6403,1536705,5036448,5256913,128826,78942067,10029914,999960067,0,2128848788,0,64610,0,0,2266855,0,0,2960151,0,19424371,137011607,5802,238776,0,34604615,11084670,306505817,397827,1727745338,740639271,0,0,0,47792898,0,47902583,5161181,2276235,0,26838,0,0,323360,1543836133,740638536,0,0,65002,1343631972,0,0,0,557076631,937140807,0,20535016,273207670,23510,760042,0,0,4960544,0,3523763,18360478,0,0,0,0,292713,184669,0,205459933,643,18123356,0,3,0,1022171976,0,104038812,0,0,38737034,141347,3231474,1473680,129713303,5905,13797,1,30380314,702016481,0,2928631305,7,0,0,0,1784201374,0,0,631,0,1508877344,54928,12,479538229,333195,999961360,0,0,3705890,1774932724,93927,489641,9852629,381409,0,271864061,9175045,0,13632,100601631,32052907,0,148,63978,8053412,1853626305,0,0,41758893,14210640,0,0,
45179717,333205592,1,5969,418605,16827136,5106607,111312,66020360,9577316,1000105295,0,1360253498,0,1107135,0,0,2273373,0,0,4304609,0,18568610,134123275,344375,53263,0,28940432,9270271,687953011,142382,1617566434,669651726,0,0,0,63188130,0,68330447,5091215,2986670,0,132117,15,0,120185,3277607297,669648993,0,0,1346762,1239716753,0,0,0,597848436,938287687,0,15445054,436059670,262735,759821,0,0,4578030,0,5075630,21755384,0,0,0,0,1749,1066921,0,181133378,589,30817582,0,1,0,1113451633,0,102959928,0,0,42465752,410659,3158751,1295256,129673828,39,14287,1,28246685,516328459,0,3291041430,7,0,0,0,3440979851,0,0,35506,0,1462673393,58916,43,913209661,401325,1000106004,0,0,14193874,969920903,168627,499559,11914347,381313,0,270498701,32810854,0,11448,153784072,583077,0,147,1071640,135253,1905142877,0,0,29913238,13052562,0,0,
42025640,349190849,1,7266,280248,19188110,7604032,852808,0,32101750,1000108899,0,1694162666,0,899382,0,0,2924393,0,0,4536276,0,18495827,131810816,483961,66293,0,0,0,642602212,11896,1695551672,743256360,0,0,0,60541791,0,65765607,5066019,2809721,0,65208,18,0,27659,3061161246,743257556,0,0,1088238,785011417,0,0,0,623786229,939168189,0,20480167,434833078,262704,757500,0,0,3569199,0,5306091,22405752,0,23510,0,0,1753,158300219,0,194523173,690,32705161,0,1,0,1358056520,0,100742616,0,0,40229047,622256,2965120,1869804,129273457,0,205018,1,17646979,690969234,0,3429303771,7,0,0,0,3212783450,0,0,37535,0,1731549031,178824,35,1090367156,2617676,1000109799,0,0,15867779,620094827,2493355,187113248,12145962,383607,0,179739279,37433606,0,181795,154963427,66744,0,636,861848,1888,1906261810,0,0,29970659,8172356,0,0,
44155481,417646199,2,823091,397399,20449032,8194117,1163305,0,42513658,1000109663,0,1674564478,0,1000791,0,0,3878021,0,0,4675885,0,18435453,110287178,484323,56986,0,0,0,822093730,11917,1707342793,817399046,0,0,0,77162864,0,47702226,5235980,34992328,0,6361271,8,0,25244,3915545310,817398452,0,0,1063373,573798359,0,0,0,631582897,907822600,0,63443412,434570031,263175,709504,0,0,4590886,0,5445122,27118290,0,262737,0,0,1757,419737694,0,185236075,753,30361828,0,1,0,1503632028,0,138054775,0,22,42204068,800530,3097207,2016578,113748024,0,213449,1,50165656,283385104,0,3478280533,8,0,0,0,4107966387,0,0,37027,0,1642113295,841000,22,1187222543,12008992,1000110347,0,0,17297014,620501867,12159602,309646525,14879338,405332,0,174888309,34466918,0,251509,147141862,16597,0,1340,963762,3669,1905317034,0,0,29898703,22913598,0,0,
43732371,633282203,1,2484716,386221,21054590,8066041,1675648,0,40276070,1000108665,0,1579297310,0,882589,0,0,4258321,0,0,4435310,0,11239703,57917114,481678,59769,0,0,0,814744904,11904,1981682813,693989963,0,0,0,99775659,0,62798688,2641088,232086863,0,15751054,10,0,24396,3881780094,693986350,0,0,1060918,627320352,0,0,0,733108621,157626613,0,75312792,410373683,263666,383972,0,0,5080252,0,5157701,55889978,0,262702,0,0,45741,453530906,0,139838634,808,30390702,0,1,0,1446067221,0,178181408,0,30,43894798,477706,1656732,1985955,24615181,0,172799,1,81913940,181544062,0,4043071343,34,0,0,0,4076284284,0,0,35939,0,1531828250,772796,24,1277654640,13244568,1000109838,0,0,18000134,618395776,13636992,197119928,34344482,520474,0,213789506,35630697,0,405870,185078146,22776,0,1203,846643,0,1897106080,0,0,31172207,35948096,0,0,
36893869,607832889,1,2488498,414075,19496204,7741996,1868395,0,47564611,1000190449,0,1538770293,0,886546,0,0,5044217,0,0,2042603,0,15172065,41814857,484172,1408878,0,0,0,142625435,11914,2194925586,900870279,0,0,0,120342426,0,10651581,2624438,246061348,0,21168162,10,0,26148,818414258,900872387,0,0,1052821,628346600,0,0,0,262117880,157799532,0,93642580,124664607,263128,366889,0,0,5073384,0,2329479,57534565,0,263176,0,0,564790,458137484,0,0,732,30340368,0,6,0,1862870613,0,203304316,0,27,40503656,459493,1665083,1994389,23872759,0,228744,1,76599504,260441982,0,964272174,0,0,0,0,1203852483,0,0,36500,0,1761581857,964005,6,1079833878,11637757,1000193119,0,0,9596437,619863549,11390700,186342988,34295026,493846,0,255489085,32549745,0,444591,169640394,0,0,1496,850047,0,1815968001,0,0,46957927,34942458,0,0,
6016221,561723493,0,2496429,578883,11626512,5185101,1042157,0,37875379,1000056250,0,1861950915,0,680908,0,0,5397917,0,0,1866695,0,16098087,89859817,475686,1230350,0,0,0,109211657,11906,2194729431,960129325,0,0,0,107219150,0,14970,2356234,181278969,1,22346603,31,0,113500,629736449,960129056,0,0,752434,627794819,0,0,0,256512065,157875894,0,103294489,124767274,233947,341420,0,0,4681060,0,2158962,51507422,0,263665,0,0,565367,410653294,0,0,747,24264783,0,7,0,1633653884,0,281051831,0,0,44109593,288960,1650264,1440470,21571894,0,242863,1,77224492,225289662,0,914843700,0,0,0,0,973779658,0,0,29074,0,1516576210,810547,1,319626471,9280748,1000059059,0,0,242152,627974749,8958995,251708717,31202753,548279,0,239524981,23021441,0,222875,134580732,0,0,1501,651817,0,1394455181,0,0,143346425,34831493,0,0,
7873187,799147169,0,2452721,1042307,6236197,5943497,1189028,0,42586835,1000107962,0,1788752832,0,60640,0,0,3411942,0,0,2205020,0,15707921,78981507,5594,1106614,0,0,0,128044930,369907,2194491496,989848602,0,0,0,59225719,0,14816,2590973,249754158,0,21859369,1,0,272319,731640982,989848488,0,0,66744,624373545,0,0,0,256223695,157462878,0,70355645,124583289,0,364327,0,0,5059326,0,2497149,77773796,0,263129,0,0,564231,393171032,0,0,772,15998879,0,53,0,1529125826,0,257864545,0,20,46374386,178099,2309377,1663847,23718174,0,169554,1,67999278,179343237,0,912448859,0,0,0,0,1045635948,0,0,4603,0,1600554325,772843,0,341390624,12091806,1000109133,0,0,396997,1739334900,12548462,208433495,45947004,494896,0,264474313,8367372,0,260008,128669242,0,0,1084,56055,0,1394047019,0,0,143620877,30658240,0,0,
7670026,564268654,0,2177912,771978,7331401,8075514,145590,0,9672189,1000108229,0,1339426251,0,61959,0,0,1606513,0,0,2300610,0,13045628,33368253,5817,1439851,0,0,0,130263675,397691,2194729358,989834126,0,0,0,91697627,0,24666,2277306,221180154,0,18398550,0,0,328225,745897298,989834031,0,0,64867,1270992650,0,0,0,259025836,158073289,0,99725172,124432062,0,376575,0,0,6053115,0,2590553,54345923,0,233945,0,0,563231,28097489,0,0,742,18411010,0,7,0,1188670287,0,141535717,0,42,44351277,198530,2497886,2235714,24327447,0,18590,1,68255641,174669784,0,915324693,0,0,0,0,1071745016,0,0,2010,0,1364155121,400944,0,317551313,5223678,1000109079,0,0,270234,1774379797,4917100,131592831,31964134,508676,0,285971670,9404631,0,15532,148820635,0,0,588,59945,0,1393605840,0,0,143710124,30667898,0,0,
6859938,464166635,0,1274442,771796,6436626,7990523,121111,0,10222525,1000100695,0,1315959524,0,74565,0,1677,2432781,0,0,2522479,0,18313142,146275269,5816,1431363,0,0,0,115830367,397359,2194709409,987988604,0,0,0,39072818,0,6630,3106708,151099161,0,3487797,0,0,321514,658958732,987986844,0,0,64906,1770704074,0,0,0,256830132,398322762,0,29061645,124005566,0,448541,0,0,6537164,0,2812408,38873906,16,0,0,0,560638,149564,0,0,648,18647650,0,1287,0,1061711830,0,145179116,0,6,39374597,178211,3932310,2209090,47335316,0,16083,1,20301964,476211519,0,911449204,19,0,0,0,925241036,0,0,273,0,1569949341,61753,1,277215943,433753,1000102767,0,0,207875,1773552422,179286,430138,22611088,471336,0,285529884,9339501,0,12600,133905097,0,0,334,74290,0,1393422316,0,0,143735405,9407227,0,0,
5061054,317566939,0,10034,771866,5680786,7798040,108627,0,9619393,1000015761,0,1755857796,0,65223,0,589,2520130,0,0,3193459,0,17880292,128267422,5818,919487,0,0,0,116279905,396953,2194744431,989817161,0,0,0,67309183,0,0,5061689,2400816,0,23721,0,0,310650,668019056,989817097,0,0,64892,1771488007,0,0,0,465135924,938586439,0,20926548,270020315,4,576799,0,0,6539928,0,3755382,18367389,8,1,0,0,296532,124362,0,0,544,18947328,0,0,0,1403604603,0,97363448,0,3,32978979,156090,3523051,2158737,98411049,0,17076,1,20298831,670293940,0,2219094323,0,0,0,0,995524383,0,0,16,0,1451879207,51906,1,232389393,257982,1000017124,0,0,195889,1772045035,4452,451651,10884969,305726,0,286183963,10002815,0,11284,119006876,0,0,158,65204,0,137729228,0,0,14179878,9417901,0,0,
0,322431488,0,6390,37343,1317013,8527500,114906,0,9476804,1000103602,0,1869795771,0,11104,0,0,2678781,0,0,4298489,0,19504441,139333270,1975,62657,0,0,0,822705004,134018,2194757108,989838355,0,0,0,63368208,0,0,5111015,2738423,0,167539,28,0,127619,3935774567,989838299,0,0,4339,1771190176,0,0,0,809529520,938109260,0,18680350,435858327,0,501124,0,0,6538256,0,5070090,19624589,0,4,0,0,1777,1787775,0,0,0,8278464,0,12,0,1195188792,0,107090862,0,8,0,37744,3706486,2114721,85496693,0,13288,1,19249921,654052549,0,4469257093,0,0,0,0,4141110922,0,0,759,0,1402243489,59608,17,0,324406,1000104589,0,0,0,598141267,2481,622471,11249127,254031,0,286172992,3706849,0,12005,26877813,0,0,257,10336,0,0,0,0,0,8947040,0,0,
0,270950260,0,5938,0,0,9371471,53616,0,5555721,1000103558,0,2161837656,0,0,0,0,645723,0,0,4299243,0,17401779,122690280,0,62680,0,0,0,719543420,0,2194761870,212963804,0,0,0,23980149,0,0,5021709,2901125,0,24748,0,0,0,3427135053,212963729,0,0,0,1004555967,0,0,0,809519293,940447076,0,16100014,435856140,0,730209,0,0,3709231,0,5070795,17052827,0,0,0,0,1780,95605,0,0,0,0,0,0,0,1000446157,0,92008975,0,1,0,0,3587368,2306982,124368990,0,1647,1,22647474,518138552,0,4469170681,0,0,0,0,3595448547,0,0,0,0,722451749,50448,33,0,268679,1000104324,0,0,0,0,0,680276,9336129,589687,0,114247426,0,0,5630,0,0,0,228,0,0,0,0,0,0,10596787,0,0,
0,295745685,0,4154,0,0,9371977,0,0,0,965503100,0,2082814837,0,0,0,0,0,0,0,4242313,0,10120584,71099570,0,62730,0,0,0,624118379,0,2194762662,0,0,0,0,0,0,0,4848932,2032476,0,15910,0,0,0,2973352377,0,0,0,0,0,0,0,0,809510853,907813482,0,3312618,436222406,0,648777,0,0,0,0,5014496,19478158,0,0,0,0,1783,0,0,0,0,0,0,0,0,0,0,53846464,0,2,0,0,2708653,2307172,110716988,0,0,0,11261223,127129051,0,4469097319,0,0,0,0,3121167133,0,0,0,0,0,0,25,0,0,965507244,0,0,0,0,0,214414,10430993,333394,0,0,0,0,0,0,0,0,0,0,0,0,0,0,0,5186220,0,0,
0,152122390,0,0,0,0,9364791,0,0,0,0,0,373981176,0,0,0,0,0,0,0,3957796,0,0,0,0,63231,0,0,0,696525379,0,2194765084,0,0,0,0,0,0,0,0,0,0,0,0,0,0,3317935551,0,0,0,0,0,0,0,0,809482808,0,0,0,403651425,0,0,0,0,0,0,4672768,8891931,0,0,0,0,1663,0,0,0,0,0,0,0,0,0,0,0,0,0,0,0,0,2305427,0,0,0,0,0,0,0,4468917489,0,0,0,0,3482036811,0,0,0,0,0,0,28,0,0,0,0,0,0,0,0,0,5525182,0,0,0,0,0,0,0,0,0,0,0,0,0,0,0,0,0,0,0,
0,0,0,0,0,0,5908735,0,0,0,0,0,0,0,0,0,0,0,0,0,0,0,0,0,0,1952,0,0,0,692859818,0,27776841,0,0,0,0,0,0,0,0,0,0,0,0,0,0,3300032003,0,0,0,0,0,0,0,0,10164931,0,0,0,0,0,0,0,0,0,0,0,0,0,0,0,0,0,0,0,0,0,0,0,0,0,0,0,0,0,0,0,0,0,1454519,0,0,0,0,0,0,0,55994099,0,0,0,0,3462221780,0,0,0,0,0,0,37,0,0,0,0,0,0,0,0,0,0,0,0,0,0,0,0,0,0,0,0,0,0,0,0,0,0,0,0,0,
