4.9213e+07,2.3719e+06,1,10452,1.1486e+06,10736,9.3288e+06,23,1.1048e+08,4.1308e+05,9.9971e+08,2.5938e+08,2.1914e+09,0,99578,0,36,8962,0,0,5.0563e+06,0,2.4988e+07,1.8215e+08,6153,94794,0,4.8431e+07,1.5513e+07,9.2084e+08,3.9285e+05,2.1909e+09,9.8419e+08,635,35502,0,9.9359e+05,0,1.1582e+05,5.633e+06,4.4675e+06,1,70442,288,0,4.1086e+05,4.3848e+09,9.8418e+08,0,0,1.0112e+05,1.7581e+09,0,0,7125,8.0469e+08,9.3184e+08,0,4.9624e+05,4.3254e+08,140,7.5733e+05,40,0,6.4939e+06,0,5.8265e+06,9671,4,140,0,0,2368,1.8645e+06,9850,2.6371e+08,1022,2.3615e+05,7.6182e+05,71,3.8313e+05,1.6804e+09,0,1.2819e+08,0,41,6.8429e+07,4982,5.8697e+06,2.2947e+06,1.2884e+08,1665,0,13,7.9685e+05,8.0914e+08,7.8054e+07,4.4105e+09,172,10,0,0,4.6014e+09,0,0,2840,462,1.9944e+09,99950,39,4.312e+08,4.0921e+05,9.997e+08,0,0,4.0489e+05,1.7506e+09,7086,8.8198e+05,3.1616e+05,9.1462e+05,0,2.8176e+08,20149,0,2,2.6313e+05,52027,167,114,96752,11151,1.3862e+09,0,0,1.4454e+08,2.3489e+05,16791,1.764e+06,0
4.6995e+07,1.2477e+06,0,9045,1.1414e+06,20453,9.3454e+06,0,1.1152e+08,4.4682e+05,1.0001e+09,2.5947e+08,2.1947e+09,0,94988,0,35,9522,0,0,4.7438e+06,0,2.4237e+07,1.6673e+08,6000,84564,0,4.8886e+07,1.5659e+07,9.2328e+08,3.9513e+05,2.1949e+09,9.8992e+08,180,20625,0,8.854e+05,0,99742,5.6301e+06,4.4249e+06,1,59922,37,0,4.0362e+05,4.3964e+09,9.8992e+08,0,0,96442,1.7594e+09,0,0,2029,8.0582e+08,9.3358e+08,0,4.1327e+05,4.3476e+08,0,7.6631e+05,3,0,6.4929e+06,0,5.5144e+06,3890,4,0,0,0,2030,1.8377e+06,3729,2.6392e+08,1004,1.875e+05,7.6104e+05,1,3.8327e+05,1.6926e+09,0,1.0675e+08,0,2,6.9122e+07,17111,5.7809e+06,2.3e+06,1.3042e+08,850,0,1,5.955e+05,8.109e+08,7.8303e+07,4.4202e+09,1,0,0,0,4.6134e+09,0,0,6,8,1.9953e+09,95726,7,4.302e+08,4.0474e+05,1.0001e+09,0,0,4.011e+05,1.7587e+09,2492,8.4455e+05,3.0001e+05,8.5496e+05,0,2.8182e+08,15848,0,0,8.4517e+05,49828,23,100,94978,3644,1.3872e+09,0,0,1.4445e+08,1.6997e+05,8090,1.5421e+06,0
3.089e+07,1.4812e+07,0,9234,1.1506e+06,24251,9.3604e+06,0,1.1159e+08,4.0488e+05,1.0001e+09,2.5922e+08,2.1947e+09,0,96940,0,35,17940,0,0,4.8545e+06,0,2.4319e+07,1.707e+08,6004,89601,0,4.8915e+07,1.5669e+07,9.2376e+08,3.9377e+05,2.1939e+09,9.8987e+08,32,22491,0,8.5635e+05,0,96605,5.7291e+06,4.4405e+06,0,59233,0,0,4.3747e+05,4.3987e+09,9.8987e+08,0,0,96094,1.7579e+09,0,0,3155,8.0435e+08,9.3188e+08,0,1.5202e+05,4.3441e+08,0,7.6337e+05,1,0,6.4841e+06,0,5.6233e+06,4068,4,0,0,0,2008,1.8419e+06,3256,2.6323e+08,1025,55705,7.6254e+05,4,3.829e+05,1.6911e+09,0,1.1846e+08,0,0,6.644e+07,20767,6.0747e+06,2.3028e+06,1.299e+08,952,0,15,2.5191e+05,8.107e+08,7.851e+07,4.411e+09,0,0,0,0,4.6158e+09,0,0,543,1,1.9952e+09,95514,5,4.2899e+08,4.0504e+05,1.0001e+09,0,0,4.011e+05,1.7554e+09,2569,8.3654e+05,9.5804e+05,8.2755e+05,0,2.8291e+08,32920,0,0,9.2185e+05,52802,18,64,96397,5150,1.3867e+09,0,0,1.4458e+08,37436,8346,1.6011e+06,0
4.457e+07,1.1527e+07,0,9045,1.1519e+06,19916,9.3617e+06,0,1.1168e+08,4.0498e+05,1.0001e+09,2.5892e+08,2.1948e+09,0,94835,0,92,18433,0,0,4.7449e+06,0,2.4324e+07,1.7315e+08,6000,84766,0,4.8954e+07,1.5681e+07,9.272e+08,3.9206e+05,2.1948e+09,9.8989e+08,214,21127,0,8.5126e+05,0,99793,5.4454e+06,4.4176e+06,0,59239,0,0,4.2773e+05,4.4151e+09,9.8989e+08,0,0,96180,1.7582e+09,0,0,2405,8.0857e+08,9.3491e+08,0,1.5425e+05,4.348e+08,0,7.6152e+05,1,0,6.491e+06,0,5.5143e+06,3195,4,0,0,0,2008,1.8275e+06,3881,2.6203e+08,1004,44008,7.6812e+05,0,3.8246e+05,1.6923e+09,0,1.2642e+08,0,0,6.8672e+07,17114,6.2919e+06,2.3037e+06,1.2958e+08,1094,0,1,2.3927e+05,8.1155e+08,7.8318e+07,4.4354e+09,0,0,0,0,4.633e+09,0,0,15,3,1.9952e+09,95149,10,4.3071e+08,4.0676e+05,1.0001e+09,0,0,4.0146e+05,1.7465e+09,2593,8.4745e+05,9.4475e+05,1.0678e+06,0,2.8285e+08,28031,0,0,8.4656e+05,46030,18,57,94820,2325,1.3863e+09,0,0,1.4466e+08,32647,8021,1.5143e+06,0
3.6547e+07,1.1367e+07,0,9234,1.1495e+06,7219,9.3882e+06,0,1.1186e+08,4.0657e+05,1.0001e+09,2.5925e+08,2.1948e+09,0,94804,0,35,18226,0,0,4.8579e+06,0,2.4871e+07,1.7609e+08,6000,90789,0,4.9035e+07,1.5707e+07,9.2432e+08,3.9103e+05,2.1938e+09,9.8988e+08,40,19695,0,8.7474e+05,0,97157,5.5378e+06,4.4256e+06,0,59232,0,0,4.3723e+05,4.4014e+09,9.8988e+08,0,0,95918,1.7506e+09,0,0,1773,8.0714e+08,9.3321e+08,0,1.4453e+05,4.3453e+08,0,7.627e+05,1,0,6.46e+06,0,5.6268e+06,18099,4,0,0,0,2010,1.8318e+06,5809,2.622e+08,1025,55400,7.6675e+05,0,3.8295e+05,1.6943e+09,0,1.3156e+08,0,1,6.9254e+07,3671,6.2016e+06,2.3068e+06,1.2979e+08,973,0,13,2.6464e+05,8.1204e+08,7.8697e+07,4.4267e+09,0,0,0,0,4.6187e+09,0,0,0,1,1.9952e+09,95234,3,4.3596e+08,4.0672e+05,1.0001e+09,0,0,4.0164e+05,1.7446e+09,2531,8.4037e+05,9.7432e+05,8.4735e+05,0,2.8289e+08,34005,0,0,1.9814e+05,44048,10,88,94804,1815,1.3853e+09,0,0,1.4483e+08,38320,7695,1.5134e+06,0
5.6417e+07,1.1302e+07,0,9045,8.1873e+05,4364,9.362e+06,1,1.1192e+08,4.5727e+05,1.0001e+09,2.59e+08,2.1948e+09,0,94645,0,35,8072,0,0,5.019e+06,0,2.4426e+07,1.7929e+08,6000,86141,0,4.9059e+07,1.5715e+07,9.2525e+08,3.9244e+05,2.1948e+09,9.8985e+08,181,22450,0,8.2937e+05,0,99338,5.6415e+06,4.2919e+06,0,59231,0,0,3.9937e+05,4.4058e+09,9.8985e+08,0,0,97186,1.7559e+09,0,0,2641,8.0565e+08,9.3282e+08,0,3.5363e+05,4.3332e+08,0,7.6475e+05,5,0,6.4786e+06,0,5.7859e+06,15119,4,0,0,0,2008,1.8538e+06,4114,2.6453e+08,1005,1.993e+05,7.6876e+05,0,3.8259e+05,1.6934e+09,0,1.3814e+08,0,0,7.0814e+07,2631,5.567e+06,2.3038e+06,1.3015e+08,836,0,1,6.6631e+05,8.1164e+08,7.8492e+07,4.4132e+09,0,0,0,0,4.6232e+09,0,0,0,4,1.9952e+09,97473,13,4.3181e+08,4.0736e+05,1.0001e+09,0,0,4.0191e+05,1.7486e+09,3391,8.4939e+05,9.6063e+05,7.6687e+05,0,2.8339e+08,14742,0,0,1.883e+05,47328,45,231,94645,1904,1.3843e+09,0,0,1.4502e+08,1.9241e+05,8600,1.4963e+06,0
1.5708e+07,9.9095e+06,0,9225,9.3979e+05,24664,9.375e+06,0,1.1149e+08,4.4768e+05,1.0001e+09,2.5932e+08,2.1947e+09,0,94753,0,0,8934,0,0,4.6612e+06,0,2.4329e+07,1.7826e+08,6002,90588,0,4.8872e+07,1.5655e+07,9.2673e+08,3.9596e+05,2.1939e+09,9.8988e+08,18,20378,0,2.937e+06,0,96392,5.808e+06,4.3682e+06,1,59290,38,0,4.1549e+05,4.4129e+09,9.8988e+08,0,0,95507,1.7562e+09,0,0,1946,8.0479e+08,9.3208e+08,0,3.571e+05,4.3515e+08,0,7.6169e+05,2,0,6.4809e+06,0,5.4316e+06,3867,0,0,0,0,2008,1.8543e+06,2403,2.6277e+08,1025,1.8508e+05,7.6866e+05,1,3.8305e+05,1.6924e+09,0,1.3046e+08,0,0,6.4533e+07,19103,6.0138e+06,2.3034e+06,1.2961e+08,927,0,13,5.5615e+05,8.1276e+08,7.8425e+07,4.4025e+09,0,0,0,0,4.6307e+09,0,0,2,0,1.9952e+09,94804,6,4.2971e+08,4.06e+05,1.0001e+09,0,0,4.001e+05,1.7643e+09,2513,8.3564e+05,8.6837e+05,1.057e+06,0,2.8232e+08,20618,0,0,8.9881e+05,45423,21,61,94751,1962,1.3843e+09,0,0,1.4499e+08,1.5155e+05,7994,1.5571e+06,0
3.6271e+07,1.4738e+06,0,9036,9.7606e+05,20437,9.3724e+06,0,1.1165e+08,4.5672e+05,1.0001e+09,2.5942e+08,2.1947e+09,0,94613,0,0,20067,0,0,4.6575e+06,0,2.4359e+07,1.7734e+08,5999,85172,0,4.8941e+07,1.5677e+07,9.3059e+08,3.9662e+05,2.1948e+09,9.8988e+08,190,22692,0,8.7716e+05,0,1.0069e+05,5.8955e+06,4.4285e+06,0,59234,1,0,4.2722e+05,4.4312e+09,9.8988e+08,0,0,96265,1.7557e+09,0,0,3264,8.0567e+08,9.2947e+08,0,2.3354e+05,4.3516e+08,0,7.6398e+05,2,0,6.4795e+06,0,5.4278e+06,3944,0,0,0,0,2008,1.8484e+06,6275,2.6447e+08,1004,48617,7.6625e+05,0,3.8319e+05,1.6924e+09,0,1.3052e+08,0,0,6.709e+07,17016,5.5552e+06,2.3065e+06,1.3003e+08,836,0,3,2.3005e+05,8.1068e+08,7.8671e+07,4.41e+09,0,0,0,0,4.6499e+09,0,0,0,5,1.9952e+09,94459,7,4.2795e+08,4.049e+05,1.0001e+09,0,0,4.0176e+05,1.7649e+09,2497,8.4488e+05,2.9786e+05,7.7921e+05,0,2.8274e+08,29737,0,0,8.4271e+05,47274,35,80,94609,3082,1.3841e+09,0,0,1.4506e+08,33295,8429,1.5191e+06,0
2.3875e+07,1.3938e+06,0,9234,1.1439e+06,23316,9.4003e+06,0,1.12e+08,4.6281e+05,1.0001e+09,2.5941e+08,2.1947e+09,0,94634,0,0,18187,0,0,4.6554e+06,0,2.4388e+07,1.7731e+08,6006,90511,0,4.9095e+07,1.5726e+07,9.2918e+08,3.9541e+05,2.1939e+09,9.8988e+08,4,21789,0,8.8513e+05,0,97420,6.2275e+06,4.4368e+06,0,59230,0,0,4.3877e+05,4.4245e+09,9.8988e+08,0,0,95834,1.7568e+09,0,0,2791,8.0497e+08,9.2332e+08,0,1.471e+05,4.3521e+08,0,7.6249e+05,1,0,6.4817e+06,0,5.426e+06,3951,0,0,0,0,2008,1.8435e+06,6237,2.6366e+08,1025,59723,7.6674e+05,0,3.8317e+05,1.6955e+09,0,1.3414e+08,0,0,6.6318e+07,18004,5.7452e+06,2.307e+06,1.2975e+08,896,0,13,4.9161e+05,8.1214e+08,7.8628e+07,4.4143e+09,76,0,0,0,4.643e+09,0,0,0,0,1.9953e+09,94464,10,4.3189e+08,4.0669e+05,1.0001e+09,0,0,4.0154e+05,1.7625e+09,2505,8.355e+05,3.0897e+05,7.6482e+05,0,2.8239e+08,33144,0,0,8.7828e+05,46924,10,77,94638,3409,1.3838e+09,0,0,1.4511e+08,1.2598e+05,8528,1.5402e+06,0
4.2001e+07,1.3235e+06,0,9036,1.1456e+06,19618,9.3841e+06,0,1.1198e+08,4.5698e+05,1.0001e+09,2.593e+08,2.1948e+09,0,94642,0,0,18652,0,0,4.6393e+06,0,2.4371e+07,1.7429e+08,6000,86620,0,4.9085e+07,1.5723e+07,9.3147e+08,3.9589e+05,2.1947e+09,9.8988e+08,175,20900,0,8.8184e+05,0,1.0043e+05,6.2025e+06,4.4185e+06,0,59235,1,0,4.2778e+05,4.4354e+09,9.8988e+08,0,0,95818,1.7614e+09,0,0,2037,8.0436e+08,9.2422e+08,0,1.6147e+05,4.3539e+08,0,7.6454e+05,1,0,6.5038e+06,0,5.4101e+06,2928,0,0,0,0,2008,1.842e+06,6946,2.634e+08,1004,44490,7.6345e+05,0,3.8302e+05,1.6953e+09,0,1.2595e+08,0,0,6.8146e+07,16473,5.9903e+06,2.3094e+06,1.301e+08,1138,0,1,5.9233e+05,8.1142e+08,7.8731e+07,4.4111e+09,50,0,0,0,4.6543e+09,0,0,0,3,1.9952e+09,94285,13,4.2941e+08,4.0633e+05,1.0001e+09,0,0,4.0115e+05,1.7623e+09,2381,8.4549e+05,2.8908e+05,7.665e+05,0,2.8263e+08,28552,0,0,8.3522e+05,46288,30,90,94642,2354,1.3867e+09,0,0,1.4466e+08,1.7172e+05,7933,1.5173e+06,0
5.6235e+07,2.033e+06,0,9225,1.1458e+06,19440,9.4058e+06,0,1.1178e+08,4.5768e+05,1.0001e+09,2.5899e+08,2.1948e+09,0,94453,0,0,17344,0,0,4.8295e+06,0,2.4386e+07,1.7974e+08,6002,90712,0,4.9e+07,1.5696e+07,9.2973e+08,3.9596e+05,2.1938e+09,9.8988e+08,10,19781,0,8.7892e+05,0,97894,6.1505e+06,4.4688e+06,0,59230,0,0,4.413e+05,4.4271e+09,9.8988e+08,0,0,95699,1.7621e+09,0,0,1761,8.0438e+08,9.2542e+08,0,1.4329e+05,4.3401e+08,0,7.6239e+05,1,0,6.5045e+06,0,5.5979e+06,4944,0,0,0,0,2008,1.8176e+06,6183,2.6202e+08,1025,56230,7.6618e+05,0,3.8257e+05,1.6933e+09,0,1.3662e+08,0,0,7.1888e+07,16231,6.2396e+06,2.3112e+06,1.2974e+08,909,0,13,6.2866e+05,8.1098e+08,7.8872e+07,4.4002e+09,0,0,0,0,4.6456e+09,0,0,0,0,1.9953e+09,94015,5,4.3663e+08,4.0677e+05,1.0001e+09,0,0,4.0076e+05,1.7646e+09,2528,8.3701e+05,2.9242e+05,7.642e+05,0,2.8295e+08,34125,0,0,6.9659e+05,44376,17,65,94452,1810,1.388e+09,0,0,1.4443e+08,1.8061e+05,7663,1.5395e+06,0
4.5007e+07,2.0124e+06,0,9036,9.4474e+05,20166,9.3868e+06,0,1.1191e+08,4.4766e+05,1.0002e+09,2.5919e+08,2.1947e+09,0,94677,0,0,19451,0,0,4.6533e+06,0,2.5156e+07,1.6656e+08,5999,86192,0,4.9056e+07,1.5714e+07,9.3296e+08,3.9676e+05,2.195e+09,9.8993e+08,150,20935,0,3.0192e+06,0,1.0109e+05,6.169e+06,4.415e+06,1,59235,37,0,4.2676e+05,4.4425e+09,9.8993e+08,0,0,95106,1.7608e+09,0,0,2077,8.0582e+08,9.2493e+08,0,1.5817e+05,4.3508e+08,0,7.6322e+05,2,0,6.5003e+06,0,5.423e+06,3226,0,0,0,0,2008,1.853e+06,6857,2.6288e+08,1004,46508,7.6817e+05,1,3.8284e+05,1.6948e+09,0,1.1243e+08,0,0,7.0486e+07,16213,5.9784e+06,2.3102e+06,1.299e+08,860,0,1,2.4797e+05,8.1049e+08,7.8732e+07,4.4171e+09,0,0,0,0,4.6618e+09,0,0,1,3,1.9954e+09,94769,6,4.3603e+08,4.0554e+05,1.0002e+09,0,0,4.0146e+05,1.7656e+09,2422,8.4428e+05,3.0183e+05,8.0895e+05,0,2.8216e+08,28671,0,0,8.3064e+05,45502,22,103,94677,2032,1.3882e+09,0,0,1.4439e+08,37125,8098,1.4932e+06,0
3.8905e+07,1.5244e+06,0,9225,9.1868e+05,23409,9.3821e+06,0,1.1122e+08,4.0639e+05,1.0001e+09,2.5971e+08,2.1949e+09,0,94633,0,0,18930,0,0,4.654e+06,0,2.4609e+07,1.7935e+08,6000,91276,0,4.8752e+07,1.5616e+07,9.2712e+08,3.9625e+05,2.1937e+09,9.8987e+08,44,23662,0,8.3769e+05,0,97483,5.823e+06,4.3364e+06,0,59234,0,0,4.3969e+05,4.4147e+09,9.8987e+08,0,0,95774,1.76e+09,0,0,3416,8.0462e+08,9.3021e+08,0,1.5015e+05,4.3533e+08,0,7.6457e+05,1,0,6.4969e+06,0,5.4244e+06,4158,0,0,0,0,2008,1.8577e+06,6206,2.6263e+08,1026,57147,7.666e+05,0,3.8363e+05,1.6874e+09,0,1.3682e+08,0,0,6.8166e+07,17574,5.9959e+06,2.3078e+06,1.301e+08,920,0,15,2.5975e+05,8.1124e+08,7.862e+07,4.4121e+09,50,0,0,0,4.6326e+09,0,0,0,0,1.9952e+09,94666,6,4.3175e+08,4.0398e+05,1.0001e+09,0,0,4.0133e+05,1.7655e+09,2497,8.36e+05,3.1046e+05,7.6601e+05,0,2.8226e+08,33760,0,0,8.7943e+05,46848,18,87,94629,2964,1.3867e+09,0,0,1.4464e+08,39829,8488,1.6556e+06,0
3.1567e+07,1.1448e+06,0,9036,1.1492e+06,23543,9.2727e+06,0,1.1185e+08,4.0569e+05,1.0001e+09,2.5937e+08,2.1948e+09,0,94634,0,0,16165,0,0,4.6575e+06,0,2.4395e+07,1.7965e+08,6000,86284,0,4.9029e+07,1.5705e+07,9.3316e+08,3.9674e+05,2.1948e+09,9.8988e+08,197,23868,0,8.1002e+05,0,1.0034e+05,5.7894e+06,4.2095e+06,0,59236,0,0,4.2738e+05,4.4434e+09,9.8988e+08,0,0,95752,1.7621e+09,0,0,3522,8.0697e+08,9.3059e+08,0,2.7785e+05,4.3503e+08,0,7.6433e+05,1,0,6.5054e+06,0,5.4275e+06,3111,0,0,0,0,2010,1.8568e+06,6540,2.6336e+08,1004,46706,7.6746e+05,0,3.8311e+05,1.6941e+09,0,1.3747e+08,0,0,6.473e+07,23541,5.8832e+06,2.2796e+06,1.3009e+08,805,0,1,2.2079e+05,8.1093e+08,7.6413e+07,4.4267e+09,50,0,0,0,4.6628e+09,0,0,0,4,1.9952e+09,94384,1,4.3153e+08,4.0481e+05,1.0001e+09,0,0,4.0142e+05,1.7655e+09,2489,8.4431e+05,2.8876e+05,7.6607e+05,0,2.829e+08,28741,0,0,9.7855e+05,46260,22,67,94639,2363,1.3862e+09,0,0,1.4471e+08,31644,8503,5.6946e+06,0
5.1175e+07,1.8344e+06,2,9225,1.1499e+06,8886,9.2662e+06,0,1.1182e+08,4.056e+05,1.0001e+09,2.5943e+08,2.1948e+09,0,94626,0,0,7346,0,0,4.676e+06,0,2.435e+07,1.7271e+08,6002,90733,0,4.9018e+07,1.5702e+07,9.3038e+08,3.9648e+05,2.1938e+09,9.8988e+08,4,23369,0,8.1027e+05,0,97290,5.8782e+06,4.2303e+06,0,59235,0,0,4.398e+05,4.4302e+09,9.8988e+08,0,0,95781,1.7588e+09,0,0,3371,8.0389e+08,9.2901e+08,0,3.0625e+05,4.3504e+08,0,7.6292e+05,1,0,6.4912e+06,0,5.4469e+06,3705,0,0,0,0,2008,1.8478e+06,5313,2.6296e+08,1025,50968,7.6644e+05,0,3.8321e+05,1.6937e+09,0,1.2254e+08,0,0,6.8067e+07,5410,6.026e+06,2.279e+06,1.2983e+08,923,0,13,2.5421e+05,8.1129e+08,7.6556e+07,4.4078e+09,160,0,0,0,4.6489e+09,0,0,0,0,1.9952e+09,94386,3,4.3008e+08,4.0584e+05,1.0001e+09,0,0,4.0136e+05,1.7664e+09,2493,8.3958e+05,2.9505e+05,1.0808e+06,0,2.8295e+08,32988,0,0,2.3696e+05,44208,10,57,94620,1807,1.3849e+09,0,0,1.4469e+08,36367,8363,5.2699e+06,0
3.2295e+07,1.0925e+07,0,9045,1.1514e+06,3470,9.2662e+06,0,1.1181e+08,4.5732e+05,1.0001e+09,2.5964e+08,2.1948e+09,0,94383,0,0,8064,0,0,4.7879e+06,0,2.4796e+07,1.7681e+08,6006,86517,0,4.9013e+07,1.57e+07,9.2767e+08,3.9638e+05,2.1948e+09,9.8987e+08,165,23085,0,8.2532e+05,0,1.0049e+05,5.8324e+06,4.2728e+06,0,59413,0,0,3.9948e+05,4.4173e+09,9.8987e+08,0,0,95940,1.7592e+09,0,0,3425,8.0659e+08,9.2945e+08,0,3.2161e+05,4.342e+08,0,7.622e+05,1,0,6.4922e+06,0,5.5573e+06,2741,0,0,0,0,2014,1.8479e+06,5588,2.6404e+08,1004,1.8587e+05,7.6881e+05,0,3.8353e+05,1.6938e+09,0,1.3215e+08,0,0,6.689e+07,1728,5.7313e+06,2.2799e+06,1.2972e+08,890,0,1,6.0094e+05,8.1265e+08,7.6451e+07,4.4239e+09,3,0,0,0,4.6354e+09,0,0,0,4,1.9952e+09,94421,2,4.3106e+08,4.0603e+05,1.0001e+09,0,0,4.0152e+05,1.7642e+09,2428,8.4448e+05,9.4229e+05,7.7839e+05,0,2.83e+08,13088,0,0,1.6922e+05,45882,28,61,94388,1912,1.3885e+09,0,0,1.4382e+08,1.6702e+05,8442,5.299e+06,0
2.5729e+07,9.3949e+06,0,9225,1.0802e+06,23509,9.2841e+06,0,1.1167e+08,4.4844e+05,1.0001e+09,2.5878e+08,2.1947e+09,0,95190,0,0,8768,0,0,4.7372e+06,0,2.4404e+07,1.7684e+08,6000,90981,0,4.8952e+07,1.568e+07,9.2697e+08,3.9616e+05,2.1939e+09,9.8988e+08,25,21735,0,2.9512e+06,0,97210,5.423e+06,4.3001e+06,1,59294,38,0,4.1818e+05,4.414e+09,9.8988e+08,0,0,96284,1.757e+09,0,0,2498,8.0631e+08,9.3522e+08,0,3.0968e+05,4.3448e+08,0,7.6104e+05,2,0,6.4779e+06,0,5.5072e+06,3446,0,0,0,0,2008,1.8318e+06,5098,2.6275e+08,1025,1.68e+05,7.6888e+05,5,3.8225e+05,1.6924e+09,0,1.3222e+08,0,0,6.491e+07,17956,5.9944e+06,2.2807e+06,1.2951e+08,901,0,13,5.4457e+05,8.116e+08,7.6621e+07,4.4225e+09,50,0,0,0,4.6319e+09,0,0,1,0,1.9952e+09,94814,12,4.3086e+08,4.0566e+05,1.0001e+09,0,0,4.0033e+05,1.7651e+09,2523,8.3704e+05,8.6301e+05,9.0501e+05,0,2.8231e+08,20280,0,0,8.7499e+05,44487,24,67,95189,1908,1.3879e+09,0,0,1.4246e+08,1.4876e+05,8340,5.3132e+06,0
2.6059e+07,1.6029e+06,0,9036,1.1504e+06,19764,9.2368e+06,1,1.1133e+08,4.0628e+05,1.0001e+09,2.5935e+08,2.1947e+09,0,94751,0,0,18625,0,0,4.649e+06,0,2.4404e+07,1.7756e+08,5999,86363,0,4.8803e+07,1.5632e+07,9.3339e+08,3.9666e+05,2.1948e+09,9.8988e+08,167,23003,0,8.5276e+05,0,1.0043e+05,5.5311e+06,4.4294e+06,0,59237,0,0,4.2695e+05,4.4446e+09,9.8988e+08,0,0,95301,1.7601e+09,0,0,3197,8.0618e+08,9.3365e+08,0,2.2048e+05,4.3478e+08,0,7.6266e+05,1,0,6.4924e+06,0,5.4193e+06,3278,0,0,0,0,2008,1.8456e+06,6654,2.6255e+08,1004,46882,7.6781e+05,0,3.8308e+05,1.6888e+09,0,1.3463e+08,0,0,6.5922e+07,16015,6.1032e+06,2.2726e+06,1.2981e+08,813,0,3,2.245e+05,8.1148e+08,7.6221e+07,4.4217e+09,25,0,0,0,4.6639e+09,0,0,0,4,1.9952e+09,94350,3,4.2925e+08,4.0446e+05,1.0001e+09,0,0,3.9978e+05,1.7653e+09,2461,8.4549e+05,2.9808e+05,7.9208e+05,0,2.8193e+08,29544,0,0,8.3341e+05,47936,22,73,94747,3231,1.3911e+09,0,0,1.4256e+08,31454,8379,5.2284e+06,0
3.7671e+07,1.4984e+06,1,9225,1.1511e+06,23507,9.3312e+06,0,1.1141e+08,4.066e+05,1.0001e+09,2.5928e+08,2.1947e+09,0,94782,0,0,9726,0,0,4.6345e+06,0,2.4403e+07,1.7419e+08,6002,90960,0,4.8836e+07,1.5643e+07,9.2901e+08,3.9677e+05,2.1939e+09,9.8988e+08,13,23193,0,8.454e+05,0,97437,5.8127e+06,4.4463e+06,0,59234,0,0,4.3917e+05,4.4237e+09,9.8988e+08,0,0,95334,1.7596e+09,0,0,3370,8.0432e+08,9.3002e+08,0,1.4327e+05,4.3503e+08,0,7.6199e+05,1,0,6.4899e+06,0,5.4053e+06,3641,0,0,0,0,2008,1.8544e+06,6168,2.6288e+08,1025,61063,7.6767e+05,0,3.8299e+05,1.6896e+09,0,1.2794e+08,0,0,6.7487e+07,17833,5.8911e+06,2.2954e+06,1.2967e+08,1053,0,14,2.5802e+05,8.1093e+08,7.7037e+07,4.4096e+09,0,0,0,0,4.6421e+09,0,0,3,0,1.9952e+09,94492,8,4.2983e+08,4.0484e+05,1.0001e+09,0,0,3.9985e+05,1.7673e+09,2510,8.4118e+05,2.9189e+05,7.814e+05,0,2.8166e+08,33185,0,0,8.7932e+05,46764,10,39,94780,3380,1.3881e+09,0,0,1.4351e+08,37073,8366,3.1723e+06,0
2.6879e+07,1.5014e+06,0,9036,1.1505e+06,19912,9.3834e+06,0,1.1187e+08,4.0636e+05,1.0001e+09,2.593e+08,2.1947e+09,0,94620,0,0,7741,0,0,4.6386e+06,0,2.4394e+07,1.7529e+08,6000,86397,0,4.9039e+07,1.5708e+07,9.3248e+08,3.9576e+05,2.1947e+09,9.8988e+08,131,23055,0,8.3045e+05,0,1.0065e+05,5.7062e+06,4.4292e+06,0,59235,0,0,4.2757e+05,4.4402e+09,9.8988e+08,0,0,95809,1.7603e+09,0,0,3459,8.0546e+08,9.3097e+08,0,2.7656e+05,4.3529e+08,0,7.6398e+05,1,0,6.4971e+06,0,5.4099e+06,3019,0,0,0,0,2008,1.8619e+06,6195,2.6377e+08,1004,43819,7.6873e+05,0,3.8301e+05,1.6943e+09,0,1.2985e+08,0,0,6.5979e+07,16672,5.8356e+06,2.3092e+06,1.3003e+08,924,0,1,2.3611e+05,8.1219e+08,7.746e+07,4.4172e+09,1300,0,0,0,4.6594e+09,0,0,0,4,1.9952e+09,94448,4,4.2906e+08,4.0634e+05,1.0001e+09,0,0,4.0052e+05,1.7616e+09,2404,8.4616e+05,2.8919e+05,9.5059e+05,0,2.8152e+08,28510,0,0,8.3396e+05,47641,18,120,94623,3451,1.383e+09,0,0,1.4421e+08,31228,8445,1.5273e+06,0
3.9701e+07,1.4341e+06,0,9225,1.1509e+06,23600,9.3896e+06,0,1.1195e+08,4.0698e+05,1.0001e+09,2.5969e+08,2.1947e+09,0,94588,0,0,6888,0,0,4.7226e+06,0,2.4409e+07,1.7938e+08,6000,90429,0,4.9074e+07,1.5719e+07,9.2897e+08,3.9561e+05,2.1939e+09,9.8988e+08,10,23116,0,8.0859e+05,0,97269,5.4969e+06,4.4382e+06,0,59235,0,0,4.3719e+05,4.4235e+09,9.8988e+08,0,0,95760,1.762e+09,0,0,3297,8.0484e+08,9.3387e+08,0,3.0724e+05,4.3457e+08,0,7.6207e+05,1,0,6.5017e+06,0,5.4928e+06,3568,0,0,0,0,2008,1.8492e+06,5302,2.631e+08,1026,52452,7.6837e+05,0,3.8359e+05,1.6947e+09,0,1.3813e+08,0,0,6.8376e+07,18679,5.9095e+06,2.3056e+06,1.2968e+08,826,0,13,2.6152e+05,8.12e+08,7.7332e+07,4.4026e+09,1200,0,0,0,4.6419e+09,0,0,0,0,1.9952e+09,94457,8,4.3157e+08,4.0666e+05,1.0001e+09,0,0,4.0159e+05,1.7631e+09,2463,8.4802e+05,2.9342e+05,7.9829e+05,0,2.8114e+08,33309,0,0,8.7876e+05,46996,18,72,94588,3375,1.3818e+09,0,0,1.4524e+08,39827,8323,1.5516e+06,0
4.9948e+07,1.6558e+06,0,9036,9.5004e+05,19433,9.3575e+06,0,1.1195e+08,4.0702e+05,1.0001e+09,2.5918e+08,2.1947e+09,0,94069,0,0,9151,0,0,4.6994e+06,0,2.4455e+07,1.6645e+08,5999,86468,0,4.9074e+07,1.5719e+07,9.3272e+08,3.9578e+05,2.1949e+09,9.8988e+08,166,23249,0,2.9545e+06,0,1.0031e+05,5.52e+06,4.425e+06,1,59235,39,0,4.2724e+05,4.4414e+09,9.8988e+08,0,0,95868,1.762e+09,0,0,3494,8.093e+08,9.3324e+08,0,3.2287e+05,4.3449e+08,0,7.6432e+05,2,0,6.5023e+06,0,5.4692e+06,3098,0,0,0,0,2008,1.8383e+06,6089,2.6425e+08,1004,46239,7.6951e+05,1,3.8284e+05,1.6944e+09,0,1.126e+08,0,0,6.6512e+07,15869,5.6545e+06,2.3028e+06,1.3008e+08,851,0,1,2.5258e+05,8.1218e+08,7.7345e+07,4.4347e+09,125,0,0,0,4.6606e+09,0,0,1,5,1.9953e+09,94516,3,4.3003e+08,4.0603e+05,1.0001e+09,0,0,4.004e+05,1.7624e+09,2391,8.4811e+05,3.0176e+05,7.9787e+05,0,2.8203e+08,28734,0,0,8.193e+05,47889,20,55,94064,3603,1.3846e+09,0,0,1.4475e+08,35848,8613,1.534e+06,0
3.9001e+07,9.8483e+06,0,9229,1.0389e+06,24280,9.3739e+06,0,1.116e+08,4.0661e+05,1.0001e+09,2.5967e+08,2.1947e+09,0,94732,0,0,18301,0,0,4.678e+06,0,2.4414e+07,1.6785e+08,6002,91200,0,4.8922e+07,1.5671e+07,9.3227e+08,3.9609e+05,2.1939e+09,9.8995e+08,10,22806,0,8.4949e+05,0,97369,5.6134e+06,4.4382e+06,0,59236,0,0,4.3919e+05,4.4392e+09,9.8995e+08,0,0,95702,1.7583e+09,0,0,3395,8.079e+08,9.3178e+08,0,2.0427e+05,4.3477e+08,0,7.638e+05,1,0,6.4861e+06,0,5.4483e+06,3373,0,0,0,0,2008,1.8278e+06,5904,2.6318e+08,1025,53376,7.6568e+05,0,3.8356e+05,1.6926e+09,0,1.1441e+08,0,0,6.7527e+07,18837,5.8927e+06,2.306e+06,1.2998e+08,888,0,15,2.3769e+05,8.1147e+08,7.7444e+07,4.4309e+09,75,0,0,0,4.6584e+09,0,0,0,0,1.9952e+09,94098,5,4.2966e+08,4.0635e+05,1.0001e+09,0,0,4.0184e+05,1.7648e+09,2553,8.4192e+05,9.8178e+05,1.0328e+06,0,2.82e+08,33156,0,0,8.9096e+05,48168,18,71,94736,3461,1.3863e+09,0,0,1.4426e+08,36293,8451,1.5473e+06,0
4.7753e+07,1.1678e+07,0,9036,1.1494e+06,22531,9.3755e+06,11,1.119e+08,4.1655e+05,1.0001e+09,2.5954e+08,2.1949e+09,0,94727,0,0,18818,0,0,4.6564e+06,0,2.4387e+07,1.7756e+08,6006,86424,0,4.9054e+07,1.5713e+07,9.3233e+08,3.9565e+05,2.1948e+09,9.8988e+08,136,22879,0,8.3786e+05,0,1.0062e+05,5.5359e+06,4.4246e+06,0,59235,0,0,4.268e+05,4.4395e+09,9.8988e+08,0,0,95543,1.759e+09,0,0,3430,8.0723e+08,9.3305e+08,0,2.867e+05,4.3513e+08,0,7.642e+05,1,0,6.7542e+06,0,5.4272e+06,3152,0,0,0,0,2010,1.8298e+06,6253,2.6315e+08,1004,53517,7.6664e+05,0,3.8338e+05,1.6953e+09,0,1.3373e+08,0,0,6.7625e+07,19532,5.9088e+06,2.3071e+06,1.3006e+08,819,0,1,2.4346e+05,8.1152e+08,7.7389e+07,4.4279e+09,200,0,0,0,4.6586e+09,0,0,0,4,1.9952e+09,94302,12,4.3086e+08,4.0661e+05,1.0001e+09,0,0,4.0158e+05,1.7619e+09,2473,8.4611e+05,9.7156e+05,9.3423e+05,0,2.8286e+08,29104,0,0,9.6072e+05,46446,18,59,94719,2341,1.3854e+09,0,0,1.4423e+08,34748,8440,1.5217e+06,0
2.8206e+07,1.2308e+07,0,9225,1.151e+06,58551,9.3702e+06,0,1.1189e+08,4.0579e+05,1.0001e+09,2.5927e+08,2.1948e+09,0,94715,0,0,18358,0,0,4.6665e+06,0,2.4376e+07,1.7268e+08,6000,91127,0,4.905e+07,1.5712e+07,9.3227e+08,3.9586e+05,2.1938e+09,9.8989e+08,5,23179,0,8.1542e+05,0,97101,5.5496e+06,4.4227e+06,0,59414,0,0,4.4019e+05,4.4392e+09,9.8989e+08,0,0,94998,1.7645e+09,0,0,3329,8.0523e+08,9.3264e+08,0,3.003e+05,4.3503e+08,0,7.6365e+05,1,0,6.6112e+06,0,5.4371e+06,10211,0,0,0,0,2018,1.8589e+06,5330,2.6185e+08,1025,51304,7.6612e+05,0,3.8297e+05,1.6947e+09,0,1.2415e+08,0,0,6.6221e+07,10889,6.2425e+06,2.3051e+06,1.2995e+08,858,0,13,2.5758e+05,8.1121e+08,7.7354e+07,4.4156e+09,175,0,0,0,4.6584e+09,0,0,0,0,1.9952e+09,94725,13,4.296e+08,4.0659e+05,1.0001e+09,0,0,4.0143e+05,1.7637e+09,2448,8.4197e+05,9.636e+05,8.339e+05,0,2.8261e+08,32933,0,0,5.6423e+05,44752,18,61,94723,1906,1.3861e+09,0,0,1.4409e+08,38489,8371,1.5122e+06,0
5.0547e+07,1.1621e+07,1,9036,1.1508e+06,5159,9.3409e+06,174,1.1179e+08,5.2847e+05,1.0001e+09,2.593e+08,2.1948e+09,0,94466,0,0,23113,0,0,4.8115e+06,0,2.4359e+07,1.8078e+08,6000,86313,0,4.9003e+07,1.5697e+07,9.3238e+08,3.9608e+05,2.1948e+09,9.8987e+08,141,20527,0,8.1103e+05,0,1.0075e+05,5.4847e+06,4.0248e+06,0,58634,0,0,4.0628e+05,4.4397e+09,9.8987e+08,0,0,95602,1.7601e+09,0,0,2005,8.0648e+08,9.3384e+08,0,1.5452e+05,4.3422e+08,0,7.6237e+05,1,0,6.4933e+06,0,5.5807e+06,1.3332e+05,0,0,0,0,2008,1.8626e+06,7092,2.6288e+08,1004,3.6355e+05,7.6722e+05,0,3.8301e+05,1.6935e+09,0,1.3442e+08,0,0,6.8865e+07,2457,5.9855e+06,2.2993e+06,1.2994e+08,969,0,1,7.9578e+05,8.1047e+08,7.723e+07,4.4236e+09,0,0,0,0,4.6587e+09,0,0,0,4,1.9952e+09,94504,6,4.2941e+08,4.066e+05,1.0001e+09,0,0,4.0107e+05,1.7632e+09,2423,8.4537e+05,9.8072e+05,8.3077e+05,0,2.8272e+08,48396,0,20,1.6928e+05,45528,24,67,94463,1961,1.387e+09,0,0,1.4399e+08,2.0941e+05,7876,1.5526e+06,0
4.0871e+07,2.5302e+06,1,9225,9.4988e+05,23087,9.366e+06,0,1.1176e+08,4.47e+05,1.0001e+09,2.5993e+08,2.1947e+09,0,88798,0,0,7648,0,0,4.7281e+06,0,2.4253e+07,1.8248e+08,6003,90624,0,4.8991e+07,1.5693e+07,9.2815e+08,3.9593e+05,2.194e+09,9.8988e+08,14,22645,0,2.8461e+06,0,90469,5.4968e+06,3.8636e+06,1,58304,39,0,4.401e+05,4.4195e+09,9.8988e+08,0,0,90513,1.7592e+09,0,0,2678,8.0608e+08,9.3362e+08,0,4.0639e+05,4.3467e+08,0,7.6248e+05,2,0,6.488e+06,0,5.4975e+06,5689,0,0,0,0,2008,1.8505e+06,4134,2.6324e+08,1025,52303,7.6623e+05,5,3.8395e+05,1.693e+09,0,1.257e+08,0,0,6.8033e+07,19386,6.0015e+06,2.3023e+06,1.3008e+08,944,0,13,2.3422e+05,8.1159e+08,7.763e+07,4.4209e+09,50,0,0,0,4.6374e+09,0,0,1,0,1.9952e+09,94912,14,4.298e+08,4.0641e+05,1.0001e+09,0,0,3.9956e+05,1.764e+09,2466,8.4206e+05,2.9991e+05,7.663e+05,0,2.8046e+08,30576,0,0,8.9627e+05,49363,67,127,88800,2173,1.382e+09,0,0,1.4421e+08,38728,8756,1.5656e+06,0
2.2865e+07,1.5698e+06,0,9036,8.1251e+05,19304,9.3395e+06,0,1.1137e+08,4.0438e+05,1.0001e+09,2.5906e+08,2.1947e+09,0,85625,0,0,8516,0,0,4.7414e+06,0,2.4297e+07,1.8244e+08,6000,85701,0,4.8818e+07,1.5637e+07,9.3275e+08,3.9687e+05,2.1948e+09,9.8988e+08,135,22306,0,5.9257e+05,0,90352,5.5443e+06,3.9667e+06,0,58237,0,0,4.284e+05,4.4414e+09,9.8988e+08,0,0,87000,1.7598e+09,0,0,3036,8.0625e+08,9.3321e+08,0,1.4475e+05,4.3458e+08,0,7.6183e+05,1,0,6.4898e+06,0,5.5107e+06,2870,0,0,0,0,2008,1.8353e+06,4147,2.6416e+08,1005,40903,7.6655e+05,0,3.8266e+05,1.6889e+09,0,1.2784e+08,0,0,6.5001e+07,16635,5.75e+06,2.2995e+06,1.2999e+08,829,0,3,1.9408e+05,8.0989e+08,7.7376e+07,4.4223e+09,100,0,0,0,4.6604e+09,0,0,0,4,1.9952e+09,90388,7,4.2809e+08,4.0592e+05,1.0001e+09,0,0,4.0045e+05,1.7659e+09,2995,8.4263e+05,2.971e+05,8.2633e+05,0,2.8037e+08,25213,0,0,8.4054e+05,42722,27,69,85625,2305,1.3866e+09,0,0,1.4468e+08,26921,8958,1.5025e+06,0
3.3549e+07,9.5022e+06,0,9225,1.1514e+06,23736,9.3504e+06,0,1.1148e+08,4.0493e+05,1.0001e+09,2.598e+08,2.1947e+09,0,85576,0,0,7041,0,0,4.6643e+06,0,2.4288e+07,1.8242e+08,6000,90215,0,4.887e+07,1.5654e+07,9.2713e+08,3.9623e+05,2.1939e+09,9.8988e+08,2,20740,0,5.691e+05,0,87845,5.6598e+06,3.965e+06,0,58239,0,0,4.4071e+05,4.4147e+09,9.8988e+08,0,0,85587,1.7572e+09,0,0,2726,8.0594e+08,9.3155e+08,0,1.3403e+05,4.3523e+08,0,7.6149e+05,1,0,6.4807e+06,0,5.4346e+06,3520,0,0,0,0,2008,1.8263e+06,3394,2.64e+08,1025,44411,7.6686e+05,0,3.8374e+05,1.6894e+09,0,1.2744e+08,0,0,6.6546e+07,18658,5.7134e+06,2.3012e+06,1.2991e+08,916,0,13,1.9966e+05,8.1161e+08,7.7446e+07,4.4203e+09,25,0,0,0,4.6324e+09,0,0,0,0,1.9952e+09,85432,14,4.2843e+08,4.0685e+05,1.0001e+09,0,0,3.9992e+05,1.7653e+09,2870,8.3587e+05,9.6519e+05,8.8375e+05,0,2.8068e+08,28789,0,0,8.9382e+05,40244,10,60,85573,2428,1.3867e+09,0,0,1.4472e+08,31220,8650,1.5483e+06,0
6.8944e+07,1.7001e+07,11,1.9471e+06,5.8648e+05,1.119e+06,8.3085e+06,3.8022e+05,3.5723e+07,3.7792e+07,1.0001e+09,2.6713e+07,2.1947e+09,1.6796e+05,2.319e+06,0,0,98928,0,0,2.85e+06,0,1.7736e+07,9.9347e+07,3.9128e+05,1.6634e+06,0,1.566e+07,5.016e+06,2.6365e+08,1.0025e+05,2.1945e+09,9.8988e+08,89364,4.5257e+07,0,7.6455e+07,0,6.9835e+07,3.8884e+06,2.3719e+08,3,2.2129e+07,41,0,46627,1.3732e+09,9.8988e+08,0,0,2.2786e+06,9.2401e+08,0,0,1.7098e+07,4.705e+08,4.53e+08,0,8.8474e+07,1.5473e+08,1.8129e+05,4.5055e+05,1.1737e+05,0,4.6125e+06,0,3.3731e+06,4.348e+05,0,1.8129e+05,0,0,5.2632e+05,4.6203e+08,5.1606e+07,9.7172e+07,1004,1.953e+07,7.0447e+05,3,39460,2.0327e+09,0,2.3842e+08,0,474,6.3154e+07,39465,3.5217e+06,2.3091e+06,3.5738e+07,8.5369e+05,573,1,7.5232e+07,3.4738e+08,4.885e+06,2.2836e+09,82,0,0,0,1.778e+09,0,0,39258,4.9856e+05,1.9952e+09,1.6927e+06,4,1.4763e+09,1.5795e+07,1.0001e+09,0,0,8.1628e+06,8.6845e+08,1.6357e+07,2.6451e+08,1.2164e+06,5.8844e+05,0,2.2605e+08,3.7975e+07,0,96168,5.2301e+06,6.6502e+07,59453,1694,2.2797e+06,1.6726e+07,1.8122e+09,0,0,4.9413e+07,3.5271e+07,2.3206e+07,1.0563e+09,1
6.4724e+07,7.3389e+08,16,2.5604e+06,4.1578e+05,1.9164e+07,8.3184e+06,4.0074e+05,0,3.9076e+07,1.0001e+09,0,2.1947e+09,2.0553e+05,2.7104e+06,0,0,4.5612e+06,0,0,2.3703e+06,0,1.7392e+07,7.4561e+07,4.3231e+05,2.5139e+06,0,0,1,1.933e+08,13019,2.1935e+09,9.8987e+08,1.3263e+05,7.4916e+07,0,1.4846e+08,0,8.0807e+07,2.8521e+06,3.087e+08,1,2.4148e+07,11,0,57119,1.0949e+09,9.8987e+08,0,0,2.3923e+06,6.4998e+08,0,0,1.9034e+07,2.7105e+08,1.6022e+08,0,1.0178e+08,1.407e+08,2.7272e+05,3.7757e+05,1.4293e+05,0,5.577e+06,0,2.8649e+06,6.1365e+07,0,2.7272e+05,0,0,5.3675e+05,6.0133e+08,5.8489e+07,0,1025,1.9707e+07,54,1,0,2.1947e+09,0,2.7353e+08,0,630,6.2173e+07,2.3551e+05,2.5672e+06,2.315e+06,2.8193e+07,8.9462e+05,5153,13,7.9381e+07,2.7044e+08,0,9.5487e+08,17,0,0,0,1.5307e+09,0,0,43351,6e+05,1.9952e+09,2.7494e+06,5,1.5582e+09,1.4001e+07,1.0001e+09,0,0,2.1892e+07,6.6089e+08,1.2866e+07,3.2445e+08,3.9231e+07,5.1191e+05,0,2.4066e+08,3.8353e+07,0,1.0028e+05,8.2837e+07,7.7229e+07,1.6442e+05,2247,2.667e+06,1.941e+07,1.8888e+09,0,0,3.1188e+07,3.7061e+07,3.8664e+07,1.1322e+09,1
5.5578e+07,6.2282e+08,7,2.5692e+06,3.135e+05,1.9259e+07,8.2591e+06,4.0015e+05,0,3.9142e+07,1.0002e+09,0,2.1945e+09,2.1214e+05,2.7069e+06,0,0,4.3367e+06,0,0,2.4971e+06,0,1.7061e+07,7.5369e+07,4.0763e+05,2.5781e+06,0,0,0,1.6965e+08,13439,2.1948e+09,9.8988e+08,1.5544e+05,7.7033e+07,0,1.7937e+08,0,7.8209e+07,3.361e+06,2.8608e+08,4,2.3682e+07,19,0,45097,9.6196e+08,9.8987e+08,0,0,2.4589e+06,6.5899e+08,0,0,1.9123e+07,2.7001e+08,1.7016e+08,0,9.8455e+07,1.253e+08,2.7141e+05,3.953e+05,1.3574e+05,0,5.6583e+06,0,2.7474e+06,6.2024e+07,0,2.7141e+05,0,0,5.7095e+05,5.8156e+08,5.6133e+07,0,1004,1.9668e+07,32,0,0,2.1944e+09,0,2.7201e+08,0,524,6.1352e+07,2.5323e+05,2.9672e+06,2.3354e+06,2.5636e+07,9.314e+05,5188,1,7.8742e+07,2.956e+08,0,9.5837e+08,8,0,0,0,1.3943e+09,0,0,44793,5.5867e+05,1.9953e+09,2.4812e+06,0,1.5719e+09,9.8315e+06,1.0002e+09,0,0,2.2722e+07,7.0208e+08,7.6554e+06,2.613e+08,3.9587e+07,5.3301e+05,0,2.6171e+08,3.8307e+07,0,1.0078e+05,8.2617e+07,8.1346e+07,2.3614e+05,2696,2.6621e+06,2.0433e+07,1.9199e+09,0,0,2.8348e+07,3.6922e+07,3.9666e+07,1.1368e+09,1
6.4845e+07,6.1025e+08,9,2.3848e+06,3.4481e+05,1.9284e+07,8.3027e+06,3.7254e+05,0,3.9027e+07,9.9994e+08,0,2.1947e+09,2.1185e+05,2.5282e+06,0,0,4.3468e+06,0,0,2.399e+06,0,1.6995e+07,7.6131e+07,4.2727e+05,2.4946e+06,0,0,0,1.7022e+08,13039,2.1938e+09,9.8993e+08,1.615e+05,7.9956e+07,0,1.9327e+08,0,8.0728e+07,3.9603e+06,2.9075e+08,0,2.3608e+07,10,0,57593,9.6536e+08,9.8994e+08,0,0,2.4219e+06,6.9905e+08,0,0,1.9735e+07,2.7005e+08,2.0107e+08,0,1.0139e+08,1.2557e+08,2.711e+05,3.9868e+05,1.6266e+05,0,5.7812e+06,0,2.6531e+06,6.1648e+07,0,2.711e+05,0,0,5.7246e+05,5.6032e+08,5.8255e+07,1,1025,2.1902e+07,31,1,0,2.1947e+09,0,2.6974e+08,0,576,6.1111e+07,2.2131e+05,3.799e+06,2.3466e+06,2.5472e+07,9.6958e+05,5595,15,7.8296e+07,2.7485e+08,0,9.5715e+08,11,0,0,0,1.3993e+09,0,0,44221,6.0704e+05,1.9942e+09,2.7545e+06,3,1.5701e+09,1.1742e+07,9.9995e+08,0,0,2.3652e+07,6.5287e+08,1.0069e+07,3.2392e+08,3.8858e+07,5.6253e+05,0,2.4918e+08,4.2708e+07,0,1.0045e+05,8.4089e+07,8.5904e+07,1.8674e+05,2505,2.484e+06,2.1581e+07,1.9216e+09,0,0,2.7702e+07,3.71e+07,4.1042e+07,1.1398e+09,1
5.0476e+07,6.0836e+08,8,2.4503e+06,3.2373e+05,1.9321e+07,8.2951e+06,3.6532e+05,0,3.9024e+07,1.0001e+09,0,2.1947e+09,2.1058e+05,2.517e+06,0,0,4.4034e+06,0,0,2.4049e+06,0,1.7155e+07,7.7618e+07,4.3335e+05,2.4609e+06,0,0,0,1.7088e+08,13443,2.1948e+09,9.8987e+08,1.3963e+05,6.2856e+07,0,1.6751e+08,0,8.1715e+07,2.8456e+06,2.885e+08,0,2.3729e+07,60,0,44481,9.6925e+08,9.8987e+08,0,0,2.4057e+06,6.4793e+08,0,0,2.1136e+07,2.6786e+08,1.6181e+08,0,1.0278e+08,1.257e+08,2.7154e+05,4.0293e+05,1.6526e+05,0,5.5235e+06,0,2.6559e+06,6.1634e+07,0,2.7154e+05,0,0,5.7305e+05,5.9653e+08,5.9051e+07,0,1005,2.1883e+07,5,0,0,2.1949e+09,0,2.6201e+08,0,657,5.9748e+07,2.358e+05,3.5033e+06,2.3517e+06,2.5622e+07,9.8128e+05,7076,2,7.804e+07,2.6606e+08,0,9.5326e+08,11,0,0,0,1.4051e+09,0,0,44192,6.0178e+05,1.9952e+09,2.7336e+06,18,1.5698e+09,1.7645e+07,1.0001e+09,0,0,1.3721e+07,6.5258e+08,1.7219e+07,3.23e+08,3.885e+07,5.7406e+05,0,2.3804e+08,4.2742e+07,0,98047,8.4438e+07,8.6657e+07,1.8293e+05,2642,2.4728e+06,2.1769e+07,1.922e+09,0,0,2.781e+07,3.7011e+07,3.2477e+07,1.1405e+09,1
6.9243e+07,6.1111e+08,13,2.5506e+06,3.5765e+05,1.9271e+07,8.3282e+06,3.5037e+05,0,3.922e+07,1.0001e+09,0,2.1949e+09,1.6189e+05,2.526e+06,0,0,4.2869e+06,0,0,2.431e+06,0,1.7138e+07,7.6873e+07,4.6041e+05,2.37e+06,0,0,0,1.705e+08,13005,2.1935e+09,9.8988e+08,1.2188e+05,5.738e+07,0,1.6716e+08,0,8.2195e+07,2.8864e+06,2.8815e+08,0,2.3721e+07,16,0,56929,9.671e+08,9.8988e+08,0,0,2.4253e+06,6.4988e+08,0,0,2.178e+07,2.903e+08,1.5937e+08,0,1.0315e+08,1.2566e+08,2.7222e+05,4.0605e+05,1.6122e+05,0,5.5535e+06,0,2.6856e+06,6.1727e+07,0,2.7222e+05,0,0,5.7283e+05,5.9158e+08,5.8993e+07,0,1026,2.1845e+07,87,0,0,2.1947e+09,0,2.6717e+08,0,604,6.204e+07,2.1854e+05,3.541e+06,2.3495e+06,2.5708e+07,9.946e+05,6764,13,7.8225e+07,2.6566e+08,0,1.0417e+09,7,0,0,0,1.4017e+09,0,0,44263,5.9758e+05,1.9952e+09,2.6729e+06,0,1.5675e+09,2.1095e+07,1.0001e+09,0,0,1.0344e+07,6.5542e+08,2.1332e+07,3.2402e+08,3.892e+07,5.8326e+05,0,2.3812e+08,4.2652e+07,0,95283,8.3485e+07,8.2054e+07,1.8235e+05,2189,2.4817e+06,2.0619e+07,1.9262e+09,0,0,2.7558e+07,3.7092e+07,2.9696e+07,1.1358e+09,1
5.0761e+07,6.2491e+08,9,2.5466e+06,3.2521e+05,1.9318e+07,8.3639e+06,3.5308e+05,0,3.9547e+07,1.0001e+09,0,2.1947e+09,1.8071e+05,2.5065e+06,0,0,4.3838e+06,0,0,2.5084e+06,0,1.7214e+07,7.5311e+07,4.6441e+05,2.4035e+06,0,0,0,1.8094e+08,13439,2.1948e+09,9.8986e+08,1.1765e+05,5.629e+07,0,1.6698e+08,0,8.1885e+07,3.0369e+06,2.8875e+08,0,2.3792e+07,8,0,45176,1.0266e+09,9.8986e+08,0,0,2.4054e+06,6.5143e+08,0,0,2.1913e+07,2.8869e+08,1.5887e+08,0,1.032e+08,1.258e+08,2.7183e+05,4.0569e+05,1.61e+05,0,5.5502e+06,0,2.7651e+06,6.2004e+07,0,2.7183e+05,0,0,5.7353e+05,5.9224e+08,5.9473e+07,0,1004,2.0122e+07,27,4,0,2.1947e+09,0,2.7348e+08,0,664,5.8304e+07,2.1429e+05,3.4073e+06,2.3602e+06,2.5699e+07,9.9127e+05,3380,1,7.8097e+07,2.692e+08,0,1.036e+09,11,0,0,0,1.4941e+09,0,0,45575,5.9718e+05,1.9952e+09,2.5941e+06,0,1.5711e+09,2.3631e+07,1.0001e+09,0,0,9.6625e+06,6.5577e+08,2.427e+07,3.2382e+08,3.9632e+07,5.8087e+05,0,2.3778e+08,3.9257e+07,0,96673,8.38e+07,8.0422e+07,1.833e+05,2173,2.4609e+06,2.0208e+07,1.9242e+09,0,0,2.7577e+07,3.7086e+07,2.9154e+07,1.1389e+09,1
5.8577e+07,6.202e+08,11,2.5535e+06,3.3219e+05,1.953e+07,8.3742e+06,3.5091e+05,0,3.9405e+07,1.0001e+09,0,2.1945e+09,1.1489e+05,2.4604e+06,0,0,4.4186e+06,0,0,2.3784e+06,0,1.7175e+07,7.613e+07,4.6258e+05,2.5357e+06,0,0,0,1.8475e+08,13002,2.1937e+09,9.8988e+08,1.2111e+05,5.6157e+07,0,1.4726e+08,0,8.1661e+07,2.9655e+06,2.897e+08,5,2.3716e+07,13,0,57150,1.0483e+09,9.8988e+08,0,0,2.3929e+06,6.5229e+08,0,0,2.1858e+07,2.6774e+08,1.5895e+08,0,1.0298e+08,1.2614e+08,2.72e+05,4.0172e+05,1.6026e+05,0,5.5938e+06,0,2.6315e+06,6.1957e+07,0,2.72e+05,0,0,5.7564e+05,5.9684e+08,5.9252e+07,0,1025,1.9615e+07,33,1,0,2.1944e+09,0,2.7261e+08,0,695,6.1158e+07,2.3965e+05,2.8739e+06,2.337e+06,2.5699e+07,9.7042e+05,3513,14,7.8103e+07,2.6947e+08,0,9.5386e+08,13,0,0,0,1.5278e+09,0,0,45257,5.9829e+05,1.9952e+09,2.6618e+06,1,1.5679e+09,2.3579e+07,1.0001e+09,0,0,9.6192e+06,6.5499e+08,2.4281e+07,3.2409e+08,3.9523e+07,5.6223e+05,0,2.3889e+08,3.8252e+07,0,96732,8.3871e+07,8.036e+07,1.8205e+05,1756,2.4151e+06,2.0198e+07,1.9175e+09,0,0,2.7716e+07,3.6987e+07,2.9078e+07,1.1337e+09,1
5.89e+07,6.0698e+08,8,2.5565e+06,3.5733e+05,1.935e+07,8.3517e+06,3.4515e+05,0,3.9264e+07,9.9995e+08,0,2.1947e+09,2.0704e+05,2.6164e+06,0,0,4.2044e+06,0,0,2.8057e+06,0,1.7229e+07,7.7825e+07,4.6364e+05,2.5331e+06,0,0,0,1.8484e+08,13440,2.1948e+09,9.8987e+08,1.3409e+05,5.2824e+07,0,1.4882e+08,0,8.1376e+07,2.867e+06,2.8854e+08,0,2.3825e+07,8,0,44527,1.0485e+09,9.8987e+08,0,0,2.4511e+06,6.495e+08,0,0,2.0112e+07,2.6588e+08,1.5917e+08,0,1.0273e+08,1.2588e+08,2.7131e+05,3.9727e+05,1.5908e+05,0,5.5598e+06,0,3.0581e+06,6.172e+07,0,2.7132e+05,0,0,5.7403e+05,6.094e+08,5.918e+07,0,1004,1.9225e+07,140,0,0,2.1947e+09,0,2.7282e+08,0,778,6.0661e+07,2.3933e+05,2.6613e+06,2.3267e+06,2.573e+07,1.0097e+06,3243,3,7.8082e+07,2.687e+08,0,9.5825e+08,10,0,0,0,1.525e+09,0,0,44259,5.9873e+05,1.9952e+09,2.6668e+06,1,1.569e+09,2.3591e+07,9.9995e+08,0,0,9.7212e+06,6.5691e+08,2.4293e+07,3.242e+08,3.8881e+07,5.3747e+05,0,2.3898e+08,3.7344e+07,0,95208,8.3336e+07,8.0466e+07,1.8479e+05,2061,2.5721e+06,2.0225e+07,1.9194e+09,0,0,2.7845e+07,3.6997e+07,2.7655e+07,1.1337e+09,1
6.2226e+07,5.9836e+08,12,2.5522e+06,3.3731e+05,1.9358e+07,8.3217e+06,3.485e+05,0,3.9269e+07,1.0001e+09,0,2.1947e+09,1.7938e+05,2.6712e+06,0,0,4.4632e+06,0,0,2.2894e+06,0,1.7195e+07,7.8324e+07,4.668e+05,2.5328e+06,0,0,0,2.1003e+08,13020,2.1937e+09,9.8987e+08,1.3398e+05,5.9937e+07,0,1.6847e+08,0,8.1589e+07,2.9456e+06,2.8785e+08,0,2.3794e+07,9,0,58009,1.189e+09,9.8987e+08,0,0,2.4282e+06,6.5256e+08,0,0,2.1444e+07,2.6745e+08,1.5896e+08,0,1.0299e+08,1.2633e+08,2.6602e+05,3.9691e+05,1.588e+05,0,5.6107e+06,0,2.5468e+06,6.152e+07,0,2.6602e+05,0,0,5.7678e+05,6.1261e+08,5.9431e+07,0,1025,1.8818e+07,32,1,0,2.1947e+09,0,2.6914e+08,0,721,6.4e+07,2.331e+05,2.6673e+06,2.3331e+06,2.5705e+07,9.4034e+05,3741,13,7.818e+07,2.6724e+08,0,9.544e+08,8,0,0,0,1.6539e+09,0,0,44894,5.9744e+05,1.9952e+09,2.5849e+06,7,1.5655e+09,2.3634e+07,1.0001e+09,0,0,1.2011e+07,6.571e+08,2.4306e+07,3.2457e+08,3.8746e+07,5.3745e+05,0,2.399e+08,3.6528e+07,0,96124,8.378e+07,7.6899e+07,1.8284e+05,2383,2.6263e+06,1.9328e+07,1.9224e+09,0,0,2.7566e+07,3.7042e+07,3.1006e+07,1.1383e+09,1
5.1993e+07,5.9722e+08,16,2.5503e+06,5.5255e+05,1.9344e+07,8.3843e+06,3.4633e+05,0,3.9236e+07,1.0001e+09,1,2.1947e+09,1.9021e+05,2.3842e+06,0,0,4.4311e+06,0,0,2.3525e+06,0,1.7162e+07,7.8254e+07,4.6615e+05,2.5629e+06,0,0,0,1.8214e+08,13459,2.1947e+09,9.8987e+08,1.3249e+05,5.9085e+07,0,1.4925e+08,0,8.1409e+07,2.4605e+06,2.8814e+08,1,2.3767e+07,8,0,44476,1.0331e+09,9.8987e+08,0,0,2.4107e+06,6.5239e+08,0,0,2.1668e+07,2.6978e+08,1.5974e+08,0,1.0272e+08,1.2634e+08,2.6214e+05,3.9791e+05,1.5789e+05,0,5.5766e+06,0,2.6101e+06,6.1557e+07,0,2.6214e+05,0,0,5.7676e+05,6.1463e+08,5.9108e+07,0,1004,1.9713e+07,103,0,0,2.1947e+09,0,2.7773e+08,0,693,5.7751e+07,2.3122e+05,2.7022e+06,2.3356e+06,2.5763e+07,9.4461e+05,3140,1,7.79e+07,2.7036e+08,0,9.564e+08,11,0,0,0,1.5049e+09,0,0,42725,5.9755e+05,1.9952e+09,2.6384e+06,1,1.572e+09,2.3673e+07,1.0001e+09,0,0,1.1329e+07,6.5658e+08,2.4321e+07,3.2453e+08,3.8761e+07,5.386e+05,0,2.3963e+08,3.8395e+07,0,95608,8.4174e+07,7.7657e+07,1.8399e+05,2372,2.3415e+06,1.9513e+07,1.9215e+09,0,0,2.7923e+07,3.6755e+07,3.056e+07,1.1387e+09,1
5.2253e+07,5.9812e+08,8,2.5558e+06,4.1041e+05,1.9319e+07,8.3629e+06,3.5132e+05,0,3.7446e+07,1.0001e+09,1,2.1947e+09,1.531e+05,2.3387e+06,0,0,4.374e+06,0,0,2.0027e+06,0,1.7305e+07,7.9889e+07,4.6106e+05,2.522e+06,0,0,0,1.8495e+08,13013,2.1937e+09,9.8986e+08,1.3112e+05,5.6202e+07,0,1.6778e+08,0,8.1363e+07,2.2925e+06,2.8885e+08,0,2.3881e+07,8,0,57492,1.0494e+09,9.8987e+08,0,0,2.4181e+06,6.5214e+08,0,0,2.1892e+07,2.6951e+08,1.6025e+08,0,1.0278e+08,1.2667e+08,2.6214e+05,3.9653e+05,1.5794e+05,0,5.5945e+06,0,2.2611e+06,6.1585e+07,0,2.6214e+05,0,0,5.7878e+05,6.0835e+08,5.9169e+07,0,1025,1.9752e+07,31,0,0,2.1947e+09,0,2.7473e+08,0,660,5.9507e+07,2.3718e+05,2.8133e+06,2.3275e+06,2.5695e+07,9.3907e+05,3425,13,7.4885e+07,2.6858e+08,0,9.5606e+08,9,0,0,0,1.5295e+09,0,0,40511,5.9926e+05,1.9952e+09,2.6351e+06,1,1.5696e+09,2.3613e+07,1.0001e+09,0,0,9.638e+06,6.5593e+08,2.4288e+07,3.2518e+08,3.8791e+07,5.3473e+05,0,2.3756e+08,3.8394e+07,0,92725,8.3829e+07,8.0431e+07,1.8386e+05,2210,2.2982e+06,2.0209e+07,1.9241e+09,0,0,2.7441e+07,3.4774e+07,2.911e+07,1.1334e+09,1
5.797e+07,5.9666e+08,8,2.5606e+06,3.5006e+05,1.9314e+07,7.8302e+06,3.585e+05,0,3.7757e+07,1.0001e+09,0,2.1945e+09,1.6854e+05,2.5662e+06,0,0,4.4507e+06,0,0,2.1081e+06,0,1.596e+07,1.052e+08,4.6396e+05,2.6188e+06,0,0,1,1.8534e+08,13448,2.1948e+09,9.8983e+08,1.318e+05,6.5027e+07,0,1.6279e+08,0,8.1279e+07,2.4934e+06,2.9184e+08,0,2.2051e+07,14,0,44459,1.0516e+09,9.8983e+08,0,0,2.4319e+06,6.5219e+08,0,0,2.1111e+07,2.6887e+08,1.5992e+08,0,1.0261e+08,1.313e+08,2.6755e+05,3.7268e+05,1.6199e+05,0,5.5644e+06,0,2.386e+06,6.1564e+07,0,2.6755e+05,0,0,5.5833e+05,6.0748e+08,5.905e+07,0,1004,1.9709e+07,59,0,0,2.1945e+09,0,2.9727e+08,0,619,6.1521e+07,2.3272e+05,2.7446e+06,2.1892e+06,2.8075e+07,8.8006e+05,3170,1,7.8301e+07,2.7045e+08,0,9.5428e+08,12,0,0,0,1.5329e+09,0,0,44415,5.9703e+05,1.9953e+09,2.631e+06,0,1.5221e+09,2.3573e+07,1.0001e+09,0,0,1.4871e+07,6.582e+08,2.4254e+07,3.2319e+08,3.8752e+07,5.0236e+05,0,2.4128e+08,3.8404e+07,0,95055,8.3911e+07,7.8791e+07,1.8407e+05,2250,2.5217e+06,1.9809e+07,1.9205e+09,0,0,2.8016e+07,3.6737e+07,3.363e+07,1.0768e+09,1
6.0655e+07,6.0275e+08,12,2.5566e+06,3.2721e+05,1.8503e+07,8.0034e+06,3.8843e+05,0,3.9483e+07,1e+09,0,2.1947e+09,2.1491e+05,2.6435e+06,0,0,4.3279e+06,0,0,2.439e+06,0,1.668e+07,8.6809e+07,4.6099e+05,2.6312e+06,0,0,0,1.8527e+08,13018,2.1938e+09,9.8985e+08,1.3387e+05,8.0605e+07,0,1.7065e+08,0,8.155e+07,2.6437e+06,3.2978e+08,2,2.2995e+07,9,0,57344,1.0512e+09,9.8985e+08,0,0,2.6523e+06,6.5349e+08,0,0,1.9768e+07,2.657e+08,1.5954e+08,0,1.0286e+08,1.4264e+08,2.7091e+05,3.7882e+05,1.5707e+05,0,5.5321e+06,0,2.7869e+06,6.1542e+07,0,2.7091e+05,0,0,5.3142e+05,5.7761e+08,5.9062e+07,0,1025,1.9626e+07,32,1,0,2.1947e+09,0,2.7982e+08,0,595,6.108e+07,2.2569e+05,3.239e+06,2.2325e+06,2.8177e+07,9.0626e+05,3807,15,7.8987e+07,2.6941e+08,0,9.5141e+08,10,0,0,0,1.5323e+09,0,0,42930,5.9073e+05,1.9952e+09,2.5985e+06,2,1.5536e+09,2.2862e+07,1e+09,0,0,2.4086e+07,6.5694e+08,2.3213e+07,3.2175e+08,3.8758e+07,5.1165e+05,0,2.4154e+08,3.8235e+07,0,1.0605e+05,7.9601e+07,7.9077e+07,1.8406e+05,2680,2.6005e+06,1.9882e+07,1.8915e+09,0,0,3.1842e+07,3.7096e+07,4.1614e+07,1.0939e+09,1
4.8513e+07,5.9437e+08,6,2.5611e+06,3.4723e+05,1.8723e+07,8.2849e+06,3.7393e+05,0,3.9405e+07,1.0001e+09,0,2.1947e+09,2.0562e+05,2.5083e+06,0,0,4.4704e+06,0,0,2.2013e+06,0,1.7143e+07,7.8807e+07,4.1744e+05,2.5446e+06,0,0,0,2.1305e+08,13436,2.1948e+09,9.8992e+08,1.3842e+05,8.0745e+07,0,1.8873e+08,0,8.1493e+07,2.762e+06,3.0975e+08,0,2.369e+07,12,0,45282,1.2061e+09,9.8992e+08,0,0,2.4715e+06,6.5431e+08,0,0,1.9806e+07,2.678e+08,1.5945e+08,0,1.0286e+08,1.2577e+08,2.7163e+05,3.9595e+05,1.5671e+05,0,5.5657e+06,0,2.4539e+06,5.9184e+07,0,2.7163e+05,0,0,5.7391e+05,5.8936e+08,5.9134e+07,0,1005,1.9709e+07,5,0,0,2.1947e+09,0,2.7165e+08,0,570,5.6906e+07,2.3972e+05,3.0861e+06,2.3208e+06,2.5635e+07,9.516e+05,6508,1,7.864e+07,2.6855e+08,0,9.5029e+08,13,0,0,0,1.6769e+09,0,0,43101,5.5381e+05,1.9952e+09,2.5148e+06,2,1.5759e+09,2.2431e+07,1.0001e+09,0,0,2.4108e+07,6.9763e+08,2.2848e+07,3.0117e+08,3.7296e+07,5.358e+05,0,2.4145e+08,3.8447e+07,0,1.0334e+05,7.9989e+07,7.8924e+07,1.9388e+05,2282,2.4652e+06,1.9842e+07,1.9171e+09,0,0,2.8522e+07,3.7148e+07,4.1678e+07,1.1338e+09,1
5.0006e+07,5.8202e+08,9,2.5467e+06,3.262e+05,1.9227e+07,8.3548e+06,3.6479e+05,0,3.9264e+07,1.0001e+09,0,2.1947e+09,1.8967e+05,2.5796e+06,0,0,4.4709e+06,0,0,2.2269e+06,0,1.7152e+07,7.9805e+07,4.4238e+05,2.6309e+06,0,0,0,1.8036e+08,13005,2.1935e+09,9.8988e+08,1.6594e+05,7.875e+07,0,1.7026e+08,0,8.1033e+07,2.8865e+06,2.9147e+08,0,2.372e+07,9,0,57049,1.0228e+09,9.8988e+08,0,0,2.4144e+06,6.9318e+08,0,0,1.938e+07,2.6698e+08,1.5962e+08,0,1.0228e+08,1.2573e+08,2.7113e+05,3.9635e+05,1.5068e+05,0,5.8105e+06,0,2.4766e+06,5.8953e+07,0,2.7113e+05,0,0,5.7346e+05,6.1686e+08,5.915e+07,1,1025,1.9605e+07,134,0,0,2.1948e+09,0,2.6684e+08,0,615,5.679e+07,2.434e+05,2.9584e+06,2.3225e+06,2.5643e+07,9.9787e+05,6724,13,7.8461e+07,2.7184e+08,0,9.5606e+08,7,0,0,0,1.4892e+09,0,0,43517,6.0978e+05,1.9952e+09,2.6538e+06,1,1.5745e+09,2.3616e+07,1.0001e+09,0,0,2.3624e+07,6.618e+08,2.4244e+07,3.2502e+08,3.7144e+07,5.3675e+05,0,2.6157e+08,3.8228e+07,0,1.0117e+05,8.25e+07,7.9147e+07,2.4773e+05,2328,2.5361e+06,1.9895e+07,1.9233e+09,0,0,2.7622e+07,3.7148e+07,4.0753e+07,1.1368e+09,1
5.3478e+07,6.2054e+08,8,2.5564e+06,3.268e+05,1.9234e+07,8.3405e+06,3.52e+05,0,3.9559e+07,1.0001e+09,0,2.1949e+09,1.8265e+05,2.5072e+06,0,0,4.4186e+06,0,0,2.6082e+06,0,1.7122e+07,8.0065e+07,4.4746e+05,2.4716e+06,0,0,0,1.8493e+08,13446,2.1948e+09,9.8986e+08,1.4398e+05,7.5641e+07,0,1.6997e+08,0,8.1161e+07,2.7301e+06,2.8898e+08,0,2.3763e+07,16,0,44763,1.0493e+09,9.8986e+08,0,0,2.2723e+06,6.6391e+08,0,0,1.8701e+07,2.6537e+08,1.5938e+08,0,1.024e+08,1.2561e+08,2.7218e+05,4.054e+05,1.6038e+05,0,5.5717e+06,0,2.8567e+06,6.1692e+07,0,2.7218e+05,0,0,5.725e+05,6.1165e+08,5.9126e+07,0,1004,1.9701e+07,29,4,0,2.1947e+09,0,2.7116e+08,0,670,5.8144e+07,2.3542e+05,2.9169e+06,2.3518e+06,2.5706e+07,9.9008e+05,3604,1,7.8416e+07,2.6898e+08,0,9.5438e+08,7,0,0,0,1.5294e+09,0,0,43523,6.0398e+05,1.9952e+09,2.8229e+06,1,1.5728e+09,2.3714e+07,1.0001e+09,0,0,2.2558e+07,6.534e+08,2.4355e+07,3.2389e+08,3.9408e+07,5.7912e+05,0,2.5101e+08,3.8428e+07,0,1.0081e+05,8.2042e+07,7.9184e+07,1.9325e+05,2282,2.4637e+06,1.9907e+07,1.9233e+09,0,0,2.773e+07,3.7136e+07,3.9253e+07,1.1367e+09,1
6.5715e+07,6.1623e+08,4,2.3741e+06,3.5866e+05,1.9382e+07,8.3412e+06,3.3093e+05,0,3.9601e+07,1.0001e+09,0,2.1945e+09,2.0329e+05,2.5214e+06,0,0,4.4162e+06,0,0,2.7596e+06,0,1.7169e+07,7.9395e+07,4.5323e+05,2.5746e+06,0,0,0,1.8478e+08,13008,2.1937e+09,9.8987e+08,1.4175e+05,8.0344e+07,0,1.4961e+08,0,7.7639e+07,2.7837e+06,2.8978e+08,7,2.377e+07,11,0,57167,1.0484e+09,9.8987e+08,0,0,2.4114e+06,6.4908e+08,0,0,1.9769e+07,2.6719e+08,1.6134e+08,0,9.7441e+07,1.2553e+08,2.7154e+05,4.04e+05,1.6945e+05,0,5.5382e+06,0,3.0081e+06,6.1562e+07,0,2.7154e+05,0,0,5.7204e+05,6.0691e+08,5.557e+07,0,1025,1.9627e+07,34,1,0,2.1944e+09,0,2.7333e+08,0,725,6.1563e+07,2.4372e+05,2.7717e+06,2.3494e+06,2.5729e+07,9.8157e+05,3260,13,7.8506e+07,2.9083e+08,0,9.5593e+08,9,0,0,0,1.528e+09,0,0,45330,6.0042e+05,1.9952e+09,2.8148e+06,3,1.5667e+09,2.3672e+07,1.0001e+09,0,0,2.3975e+07,6.5317e+08,2.4293e+07,3.2523e+08,3.9247e+07,5.7149e+05,0,2.3891e+08,3.8283e+07,0,98427,8.3369e+07,7.8944e+07,1.8288e+05,1788,2.476e+06,1.9848e+07,1.9363e+09,0,0,2.6357e+07,3.7193e+07,4.1464e+07,1.1373e+09,1
5.2114e+07,6.0049e+08,2,2.4554e+06,3.2739e+05,1.9315e+07,8.3725e+06,3.2686e+05,0,3.9452e+07,9.9995e+08,0,2.1947e+09,2.0742e+05,2.552e+06,0,0,4.366e+06,0,0,2.6112e+06,0,1.7196e+07,7.9954e+07,4.6179e+05,2.5342e+06,0,0,0,1.8513e+08,13446,2.1949e+09,9.8987e+08,1.3441e+05,8.0229e+07,0,1.493e+08,0,7.9066e+07,2.9659e+06,2.8934e+08,0,2.3829e+07,8,0,44452,1.0504e+09,9.8987e+08,0,0,2.6991e+06,6.5234e+08,0,0,1.9699e+07,2.6878e+08,1.7737e+08,0,9.9455e+07,1.2589e+08,2.7194e+05,3.9744e+05,1.6162e+05,0,5.5734e+06,0,2.8615e+06,6.1357e+07,0,2.7194e+05,0,0,5.7412e+05,6.1013e+08,5.7257e+07,0,1004,1.9576e+07,18,5,0,2.1947e+09,0,2.6936e+08,0,562,6.0734e+07,2.3763e+05,2.4498e+06,2.3341e+06,2.5785e+07,9.3796e+05,3209,3,7.8428e+07,2.8403e+08,0,9.5813e+08,7,0,0,0,1.5311e+09,0,0,44683,6.0082e+05,1.9952e+09,2.8185e+06,1,1.5675e+09,2.3709e+07,9.9995e+08,0,0,2.3969e+07,6.5598e+08,2.4369e+07,3.2573e+08,3.864e+07,5.3407e+05,0,2.3979e+08,3.82e+07,0,96689,8.373e+07,7.8752e+07,1.8329e+05,1836,2.5073e+06,1.9801e+07,1.9351e+09,0,0,2.6793e+07,3.7168e+07,4.1403e+07,1.1382e+09,1
5.2976e+07,6.0181e+08,4,2.5443e+06,3.7685e+05,1.9381e+07,8.4075e+06,3.3012e+05,0,3.956e+07,1.0001e+09,0,2.1947e+09,1.6638e+05,2.4915e+06,0,0,4.3229e+06,0,0,2.2606e+06,0,1.7225e+07,7.9237e+07,4.6293e+05,2.4599e+06,0,0,0,1.9715e+08,13014,2.1937e+09,9.8987e+08,1.3509e+05,8.0463e+07,0,1.6887e+08,0,8.125e+07,2.6434e+06,2.8802e+08,0,2.382e+07,8,0,57180,1.117e+09,9.8987e+08,0,0,2.4747e+06,6.5227e+08,0,0,1.9753e+07,2.7398e+08,1.6997e+08,0,1.0278e+08,1.2629e+08,2.7141e+05,3.9698e+05,1.6123e+05,0,5.584e+06,0,2.5162e+06,6.1451e+07,0,2.7141e+05,0,0,5.7655e+05,6.1427e+08,5.9146e+07,1,1025,1.965e+07,31,0,0,2.1947e+09,0,2.6898e+08,0,579,5.8006e+07,2.3763e+05,2.5338e+06,2.3349e+06,2.572e+07,9.3948e+05,3247,13,7.8258e+07,2.6588e+08,0,9.6919e+08,7,0,0,0,1.5881e+09,0,0,43687,6.0067e+05,1.9952e+09,2.8415e+06,1,1.5705e+09,2.3683e+07,1.0001e+09,0,0,2.4017e+07,6.5769e+08,2.4406e+07,3.2502e+08,3.8701e+07,5.3666e+05,0,2.3775e+08,3.832e+07,0,97394,8.4097e+07,7.8705e+07,1.833e+05,1820,2.4478e+06,1.9786e+07,1.9363e+09,0,0,2.6687e+07,3.7045e+07,4.1522e+07,1.1385e+09,1
5.0656e+07,6.0246e+08,3,2.5449e+06,4.0636e+05,1.9318e+07,8.3754e+06,3.2816e+05,0,3.9429e+07,1.0001e+09,0,2.1947e+09,1.8158e+05,2.5171e+06,0,0,4.3662e+06,0,0,2.389e+06,0,1.7179e+07,7.8557e+07,4.5941e+05,2.2849e+06,0,0,0,1.9683e+08,13435,2.1945e+09,9.8986e+08,1.3786e+05,8.0403e+07,0,1.4889e+08,0,8.1152e+07,2.4781e+06,2.8798e+08,0,2.3784e+07,8,0,44603,1.1153e+09,9.8986e+08,0,0,2.3838e+06,6.5263e+08,0,0,1.9736e+07,3.0044e+08,1.591e+08,0,1.0285e+08,1.263e+08,2.7229e+05,3.9797e+05,1.6636e+05,0,5.5721e+06,0,2.6411e+06,6.1501e+07,0,2.7229e+05,0,0,5.766e+05,6.1312e+08,5.9275e+07,0,1004,1.967e+07,64,0,0,2.1947e+09,0,2.546e+08,0,677,5.7918e+07,2.3923e+05,2.763e+06,2.337e+06,2.5771e+07,9.4165e+05,3321,1,7.8397e+07,2.6909e+08,0,1.0903e+09,7,0,0,0,1.5831e+09,0,0,43850,6.0071e+05,1.9952e+09,2.6184e+06,3,1.5708e+09,2.3692e+07,1.0001e+09,0,0,2.4005e+07,6.5665e+08,2.435e+07,3.2527e+08,3.8741e+07,5.3739e+05,0,2.3939e+08,3.8394e+07,0,96899,8.3777e+07,7.8646e+07,1.8144e+05,1579,2.4732e+06,1.9769e+07,1.9332e+09,0,0,2.6969e+07,3.7159e+07,4.1495e+07,1.1395e+09,1
5.2022e+07,6.0082e+08,0,2.5471e+06,3.7776e+05,1.9387e+07,8.3945e+06,3.2681e+05,0,3.9416e+07,1.0001e+09,0,2.1947e+09,1.5259e+05,2.7966e+06,0,0,4.3833e+06,0,0,2.1805e+06,0,1.7148e+07,7.9253e+07,4.6031e+05,2.408e+06,0,0,0,1.8335e+08,13022,2.1937e+09,9.8987e+08,1.2889e+05,8.0635e+07,0,1.6618e+08,0,8.1486e+07,2.4413e+06,2.8791e+08,0,2.3761e+07,10,0,57430,1.0402e+09,9.8987e+08,0,0,2.4036e+06,6.5176e+08,0,0,1.9785e+07,2.7495e+08,1.5962e+08,0,1.0331e+08,1.2647e+08,2.7181e+05,3.9558e+05,1.5998e+05,0,5.575e+06,0,2.4386e+06,6.1709e+07,0,2.7181e+05,0,0,5.7763e+05,6.1121e+08,5.9598e+07,0,1026,1.9666e+07,68,0,0,2.1947e+09,0,2.7034e+08,0,790,5.8842e+07,2.4272e+05,2.9631e+06,2.3296e+06,2.5653e+07,1.1481e+06,3439,13,7.8377e+07,2.6781e+08,0,9.7389e+08,7,0,0,0,1.5155e+09,0,0,44317,5.9921e+05,1.9952e+09,2.6643e+06,851,1.5696e+09,2.3673e+07,1.0001e+09,0,0,2.4077e+07,6.5652e+08,2.4333e+07,3.2524e+08,3.8858e+07,5.3442e+05,0,2.3985e+08,3.835e+07,0,95788,8.3785e+07,7.5761e+07,1.8423e+05,1826,2.7522e+06,1.9043e+07,1.9338e+09,0,0,2.6934e+07,3.7137e+07,4.162e+07,1.1356e+09,1
6.1408e+07,5.9938e+08,1,2.55e+06,3.6991e+05,1.9359e+07,8.3389e+06,3.3308e+05,0,3.8731e+07,1.0001e+09,0,2.1945e+09,1.7521e+05,2.4954e+06,0,0,4.4304e+06,0,0,2.4721e+06,0,1.7205e+07,7.9035e+07,4.5825e+05,2.5331e+06,0,0,0,1.8489e+08,13435,2.1948e+09,9.8987e+08,1.1787e+05,8.0415e+07,0,1.6803e+08,0,8.1221e+07,2.5991e+06,2.8784e+08,11,2.3808e+07,9,0,44459,1.049e+09,9.8987e+08,0,0,2.3768e+06,6.5263e+08,0,0,1.9728e+07,2.6797e+08,1.5952e+08,0,1.0299e+08,1.2618e+08,2.7228e+05,3.966e+05,1.603e+05,0,5.5991e+06,0,2.7256e+06,6.1759e+07,0,2.7228e+05,0,0,5.7579e+05,6.0911e+08,5.9519e+07,0,1004,1.9659e+07,37,0,0,2.1945e+09,0,2.7304e+08,0,648,5.993e+07,2.3584e+05,2.9631e+06,2.3357e+06,2.5686e+07,9.6734e+05,3363,1,7.5647e+07,2.6878e+08,0,9.5324e+08,7,0,0,0,1.529e+09,0,0,45452,5.9952e+05,1.9952e+09,2.8243e+06,1,1.5694e+09,2.3773e+07,1.0001e+09,0,0,2.4021e+07,6.5427e+08,2.4437e+07,3.2502e+08,3.8896e+07,5.3724e+05,0,2.3982e+08,3.8371e+07,0,95498,8.3708e+07,7.5959e+07,1.8321e+05,1715,2.45e+06,1.9094e+07,1.9311e+09,0,0,2.7374e+07,3.5135e+07,4.1515e+07,1.1378e+09,1
5.2329e+07,5.9897e+08,1,2.5579e+06,2.2091e+05,1.9356e+07,8.4326e+06,3.8744e+05,0,3.7042e+07,1e+09,0,2.1947e+09,1.7646e+05,2.3692e+06,0,0,4.5073e+06,0,0,2.6538e+06,0,1.7228e+07,7.8967e+07,4.6243e+05,2.532e+06,0,0,0,1.8481e+08,13011,2.1938e+09,9.8986e+08,1.2652e+05,8.0593e+07,0,2.06e+08,0,8.1614e+07,2.5995e+06,2.8789e+08,0,2.3835e+07,9,0,57067,1.0486e+09,9.8986e+08,0,0,2.3899e+06,6.5364e+08,0,0,1.9776e+07,2.705e+08,1.5916e+08,0,1.0343e+08,1.2606e+08,2.7168e+05,3.9573e+05,1.6246e+05,0,5.5958e+06,0,2.9098e+06,6.1705e+07,0,2.7168e+05,0,0,5.7507e+05,5.5931e+08,5.9707e+07,0,1025,1.9593e+07,30,4,0,2.1947e+09,0,2.7085e+08,0,625,5.7051e+07,2.3926e+05,2.5199e+06,2.3388e+06,2.5657e+07,9.3522e+05,3506,15,7.769e+07,2.6761e+08,0,9.5379e+08,7,0,0,0,1.5283e+09,0,0,43780,6.0133e+05,1.9953e+09,2.8224e+06,1,1.561e+09,2.3641e+07,1e+09,0,0,2.4069e+07,6.5453e+08,2.4295e+07,3.2594e+08,3.887e+07,5.3346e+05,0,2.4049e+08,3.8173e+07,0,95033,8.376e+07,7.8781e+07,1.8354e+05,2326,2.3254e+06,1.9807e+07,1.9326e+09,0,0,2.7028e+07,3.6424e+07,4.16e+07,1.1393e+09,1
4.9621e+07,5.9856e+08,3,2.5532e+06,2.3454e+05,1.9305e+07,7.989e+06,4.047e+05,0,3.9107e+07,1.0001e+09,1,2.1947e+09,1.9448e+05,2.3841e+06,0,0,4.4764e+06,0,0,2.5569e+06,0,1.6792e+07,8.866e+07,4.6379e+05,2.5406e+06,0,0,0,1.8495e+08,13450,2.1948e+09,9.8987e+08,1.1943e+05,8.072e+07,0,1.5465e+08,0,8.1438e+07,2.6118e+06,2.8842e+08,0,2.3246e+07,9,0,44893,1.0494e+09,9.8987e+08,0,0,2.4019e+06,6.5418e+08,0,0,1.9801e+07,2.6924e+08,1.5914e+08,0,1.0328e+08,1.2915e+08,2.7185e+05,3.6589e+05,1.616e+05,0,5.5649e+06,0,2.8242e+06,6.1796e+07,0,2.7185e+05,0,0,5.6082e+05,6.0232e+08,5.9677e+07,0,1004,1.8812e+07,5,1,0,2.1947e+09,0,2.5809e+08,0,503,5.995e+07,2.3299e+05,2.5188e+06,2.2336e+06,2.9452e+07,8.633e+05,6107,1,7.8939e+07,2.6821e+08,0,9.579e+08,7,0,0,0,1.5296e+09,0,0,40468,6.0206e+05,1.9952e+09,2.6559e+06,0,1.5167e+09,2.3659e+07,1.0001e+09,0,0,2.4104e+07,6.5587e+08,2.4404e+07,3.2632e+08,3.892e+07,4.9299e+05,0,2.3809e+08,3.6476e+07,0,1.0166e+05,8.378e+07,7.9001e+07,1.8283e+05,1805,2.3436e+06,1.9862e+07,1.9323e+09,0,0,2.7075e+07,3.7072e+07,4.167e+07,1.0966e+09,1
7.3171e+07,5.9823e+08,0,2.5572e+06,1.6868e+05,1.9465e+07,7.929e+06,4.0114e+05,0,3.9095e+07,1.0001e+09,0,2.1947e+09,1.8054e+05,2.4886e+06,0,0,4.4542e+06,0,0,2.6607e+06,0,1.583e+07,1.0262e+08,4.5812e+05,2.5304e+06,0,0,0,2.114e+08,13024,2.1936e+09,9.8993e+08,1.3674e+05,8.0691e+07,0,1.7055e+08,0,8.1946e+07,2.3085e+06,2.9765e+08,0,2.1851e+07,9,0,57707,1.1965e+09,9.8993e+08,0,0,2.3797e+06,6.5534e+08,0,0,1.9794e+07,2.6941e+08,1.599e+08,0,1.0385e+08,1.4372e+08,2.7188e+05,3.8589e+05,1.6283e+05,0,5.5834e+06,0,3.0144e+06,6.1773e+07,0,2.7187e+05,0,0,5.263e+05,6.186e+08,5.9899e+07,0,1025,1.9187e+07,214,0,0,2.1948e+09,0,2.9157e+08,0,515,6.2888e+07,2.405e+05,2.7821e+06,2.1787e+06,2.684e+07,9.1115e+05,6105,13,7.8583e+07,2.6631e+08,0,9.5544e+08,7,0,0,0,1.6625e+09,0,0,43062,5.7207e+05,1.9952e+09,2.5335e+06,155,1.5681e+09,2.369e+07,1.0001e+09,0,0,2.4094e+07,6.5738e+08,2.4341e+07,3.1284e+08,3.8901e+07,5.1947e+05,0,2.3997e+08,3.7339e+07,0,1.0063e+05,8.3677e+07,7.8961e+07,1.8442e+05,1626,2.4455e+06,1.9852e+07,1.9333e+09,0,0,2.7345e+07,3.7075e+07,4.1652e+07,1.0696e+09,1
6.4441e+07,6.1231e+08,1,2.5583e+06,3.1968e+05,1.9314e+07,8.2718e+06,4.0331e+05,0,3.9411e+07,1.0001e+09,0,2.1947e+09,2.0892e+05,2.4911e+06,0,0,4.4197e+06,0,0,2.3589e+06,0,1.714e+07,7.9536e+07,4.5157e+05,2.5185e+06,0,0,0,1.8151e+08,13438,2.1948e+09,9.8986e+08,1.3739e+05,8.0736e+07,0,1.7042e+08,0,8.1601e+07,2.1988e+06,3.3538e+08,0,2.3636e+07,8,0,44900,1.0295e+09,9.8986e+08,0,0,2.3968e+06,6.5348e+08,0,0,1.9804e+07,2.6933e+08,1.6031e+08,0,1.0346e+08,1.2607e+08,2.7243e+05,4.0107e+05,1.584e+05,0,5.6339e+06,0,2.6146e+06,6.1729e+07,0,2.7243e+05,0,0,5.7175e+05,6.1917e+08,5.9724e+07,0,1004,1.9668e+07,141,0,1,2.1947e+09,0,2.7626e+08,0,632,5.9133e+07,2.4115e+05,3.1908e+06,2.3324e+06,2.5503e+07,9.7555e+05,3833,2,7.8273e+07,2.6783e+08,0,9.5634e+08,7,0,0,0,1.4993e+09,0,0,42833,5.7157e+05,1.9952e+09,2.6527e+06,1,1.5723e+09,2.3437e+07,1.0001e+09,0,0,2.4111e+07,6.5932e+08,2.3928e+07,3.0808e+08,3.9404e+07,5.7019e+05,0,2.3827e+08,3.8285e+07,0,1.0219e+05,8.3234e+07,7.8781e+07,1.8452e+05,1762,2.4483e+06,1.9803e+07,1.9304e+09,0,0,2.7297e+07,3.7043e+07,4.1679e+07,1.1307e+09,1
6.4331e+07,6.0982e+08,0,2.5521e+06,3.9196e+05,1.9055e+07,8.2863e+06,4.0366e+05,0,3.937e+07,1.0001e+09,0,2.1946e+09,1.656e+05,2.4719e+06,0,0,4.3731e+06,0,0,1.973e+06,0,1.7187e+07,7.8261e+07,4.1958e+05,2.4772e+06,0,0,0,1.8458e+08,13005,2.1937e+09,9.8986e+08,1.5019e+05,8.0454e+07,0,1.494e+08,0,8.136e+07,2.1928e+06,2.9801e+08,1,2.3743e+07,10,0,57726,1.0473e+09,9.8986e+08,0,0,2.404e+06,6.8821e+08,0,0,1.9737e+07,2.6912e+08,1.6029e+08,0,1.0323e+08,1.2605e+08,2.7154e+05,4.0374e+05,1.6015e+05,0,5.8438e+06,0,2.222e+06,6.169e+07,0,2.7154e+05,0,0,5.7542e+05,6.1031e+08,5.9696e+07,0,1025,1.9674e+07,58,0,0,2.1944e+09,0,2.7177e+08,0,706,6.1534e+07,2.3658e+05,2.989e+06,2.3321e+06,2.5679e+07,9.8974e+05,3415,11,7.8112e+07,2.6789e+08,0,9.5844e+08,8,0,0,0,1.5263e+09,0,0,44851,6.0762e+05,1.9951e+09,2.5311e+06,2,1.5663e+09,2.228e+07,1.0001e+09,0,0,2.4024e+07,7.0355e+08,2.2624e+07,3.2339e+08,3.9354e+07,5.7224e+05,0,2.4001e+08,3.8288e+07,0,1.021e+05,8.2213e+07,7.8911e+07,1.8463e+05,1730,2.4271e+06,1.9836e+07,1.9125e+09,0,0,3.0179e+07,3.6939e+07,4.1532e+07,1.1306e+09,1
6.2042e+07,5.9615e+08,1,2.5511e+06,3.4329e+05,1.8344e+07,8.3199e+06,3.7363e+05,0,3.9217e+07,9.9995e+08,0,2.1947e+09,1.6601e+05,2.4915e+06,0,0,4.3909e+06,0,0,2.1941e+06,0,1.7208e+07,7.8066e+07,4.4561e+05,2.3104e+06,0,0,0,1.849e+08,13442,2.1948e+09,9.8987e+08,1.4526e+05,7.6148e+07,0,1.6858e+08,0,8.1334e+07,2.4577e+06,2.9097e+08,2,2.3825e+07,10,0,44899,1.0491e+09,9.8987e+08,0,0,2.428e+06,6.6803e+08,0,0,1.8803e+07,2.7102e+08,1.5982e+08,0,1.0309e+08,1.259e+08,2.7077e+05,3.966e+05,1.516e+05,0,5.5689e+06,0,2.4438e+06,6.1612e+07,0,2.7077e+05,0,0,5.7429e+05,6.0715e+08,5.9434e+07,0,1004,1.9608e+07,47,1,1,2.1947e+09,0,2.7062e+08,0,607,5.8943e+07,2.2202e+05,2.5763e+06,2.3286e+06,2.5715e+07,9.3376e+05,3426,3,7.7938e+07,2.6974e+08,0,9.5735e+08,13,0,0,0,1.5291e+09,0,0,43267,6.0012e+05,1.9952e+09,2.5779e+06,1,1.5708e+09,2.3396e+07,9.9995e+08,0,0,2.2887e+07,6.5336e+08,2.3959e+07,3.2408e+08,3.8794e+07,5.3474e+05,0,2.5445e+08,3.8217e+07,0,97268,7.8656e+07,7.8948e+07,2.447e+05,1698,2.4482e+06,1.9846e+07,1.9161e+09,0,0,2.9383e+07,3.6863e+07,3.952e+07,1.134e+09,1
5.2538e+07,5.9784e+08,0,2.5482e+06,4.5331e+05,1.922e+07,8.3496e+06,3.6797e+05,0,3.9228e+07,1.0001e+09,0,2.1947e+09,1.9859e+05,2.4995e+06,0,0,4.4581e+06,0,0,2.0847e+06,0,1.7159e+07,7.717e+07,4.5167e+05,2.5767e+06,0,0,0,1.8504e+08,13021,2.1937e+09,9.8987e+08,1.3021e+05,7.7457e+07,0,1.4877e+08,0,8.151e+07,2.6618e+06,2.887e+08,0,2.376e+07,9,0,57137,1.0499e+09,9.8987e+08,0,0,2.3304e+06,6.5011e+08,0,0,1.9123e+07,2.7041e+08,1.5953e+08,0,1.0336e+08,1.261e+08,2.7131e+05,3.9685e+05,1.5796e+05,0,5.6022e+06,0,2.3346e+06,5.9706e+07,0,2.7131e+05,0,0,5.7552e+05,5.9887e+08,5.9646e+07,0,1022,1.9642e+07,139,0,0,2.1947e+09,0,2.7516e+08,0,597,6.0293e+07,2.5398e+05,2.735e+06,2.329e+06,2.5715e+07,9.3793e+05,3388,1,7.7818e+07,2.6793e+08,0,9.5626e+08,7,0,0,0,1.5303e+09,0,0,42837,6.0067e+05,1.9952e+09,2.672e+06,1,1.5687e+09,2.3594e+07,1.0001e+09,0,0,2.3093e+07,6.5406e+08,2.423e+07,3.2542e+08,3.7627e+07,5.356e+05,0,2.5671e+08,3.8297e+07,0,95912,8.224e+07,7.9136e+07,2.0007e+05,1839,2.4567e+06,1.9893e+07,1.9327e+09,0,0,2.708e+07,3.684e+07,4.0101e+07,1.135e+09,1
2.4424e+07,5.8074e+08,1,2.5584e+06,3.2476e+05,1.9317e+07,4.8925e+06,1.0437e+05,0,1.6543e+07,1.0001e+09,0,8.2804e+08,1.3604e+05,1.3021e+06,0,0,4.4588e+06,0,0,1.2036e+06,0,1.0279e+07,6.1093e+07,3.7157e+05,2.5641e+06,0,0,0,5.4101e+07,10417,2.1946e+09,9.8751e+08,47793,7.1341e+07,0,7.6097e+07,0,1.7469e+07,2.8087e+06,2.2249e+08,0,1.43e+07,8,0,29842,3.0477e+08,9.8751e+08,0,0,2.413e+06,5.2812e+08,0,0,1.7474e+07,2.6948e+08,1.5953e+08,0,2.1714e+07,8.6627e+07,94636,2.0606e+05,1.4626e+05,0,4.5378e+06,0,1.4158e+06,5.8604e+07,0,94635,0,0,3.3375e+05,1.6857e+08,1.2029e+07,0,507,1.2745e+07,78,14,0,1.9756e+09,0,1.8052e+08,0,373,2.9082e+07,2.6016e+05,2.1736e+06,1.3696e+06,1.6617e+07,4.9263e+05,3300,1,2.7414e+07,1.0177e+08,0,9.5299e+08,35,0,0,0,3.7637e+08,0,0,23523,3.6744e+05,9.1656e+08,2.1904e+06,2,7.5714e+08,1.8735e+07,1.0001e+09,0,0,2.1352e+07,5.2111e+08,1.9293e+07,2.0758e+08,3.6899e+07,2.8317e+05,0,2.1963e+08,2.4932e+07,0,31092,8.271e+07,2.6288e+07,1.7329e+05,936,1.2785e+06,6.6046e+06,1.6094e+09,0,0,2.3978e+07,1.2826e+07,3.6866e+07,6.6685e+08,1
0,0,0,28244,198,1.5483e+07,0,0,0,0,2.4268e+08,0,0,0,0,0,0,1.6381e+06,0,0,0,0,0,0,0,5.89e+05,0,0,0,0,0,6.5276e+08,0,0,0,0,0,0,0,9.6659e+05,0,0,0,36,0,0,0,0,0,0,1725,0,0,0,0,1.0845e+08,6.2087e+07,0,0,0,0,0,0,0,0,0,0,0,0,0,0,0,0,0,0,0,0,0,63,0,0,0,0,0,0,0,0,1.658e+05,0,0,0,0,1324,0,0,0,0,4.0534e+08,0,0,0,0,0,0,0,0,0,0,0,0,0,0,2.4268e+08,0,0,0,0,0,0,0,0,0,0,0,0,0,6.8139e+07,0,0,0,0,0,0,0,0,0,0,0,0,0
