4.1993e+07,9.2944e+08,5,2.458e+06,3.7062e+05,2.338e+07,7.3354e+06,1.4419e+06,0,4.004e+07,6.2284e+08,189,1.4314e+09,1.0797e+05,9.5022e+05,0,36,4.9409e+06,0,0,1.4197e+06,0,1.5688e+07,8.893e+07,3.6674e+05,7.1008e+05,0,20,44,1.3762e+08,8765,1.2005e+09,6.257e+08,76937,7.4063e+07,0,6.5768e+07,0,7.0967e+07,1.8698e+06,1.7315e+08,1,2.1851e+07,285,0,35761,7.8916e+08,6.257e+08,0,0,1.0616e+06,6.0487e+08,0,0,1.8081e+07,1.1633e+08,8.0703e+07,0,1.1116e+08,5.0719e+07,2.6227e+05,3.2097e+05,1.0466e+05,0,4.8839e+06,0,1.5057e+06,8.686e+07,4,2.6227e+05,0,0,3.09e+05,4.1475e+08,5.3732e+07,366,647,4.3509e+07,43,39,3,1.9631e+09,0,2.1645e+08,0,274,3.9338e+07,5.7264e+05,3.3636e+06,2.0729e+06,1.4847e+07,9.5719e+05,3.1256e+05,6,7.4905e+07,2.0543e+08,0,3.9789e+08,177,10,0,0,1.172e+09,0,0,40206,3.4494e+05,1.4312e+09,8.3661e+05,44,1.0686e+09,1.3717e+07,6.2285e+08,0,0,2.1824e+07,4.1583e+08,1.4474e+07,1.4521e+08,5.1517e+07,4.391e+05,0,2.2891e+08,5.1511e+07,0,3.1881e+05,2.0502e+08,5.6012e+07,1.199e+05,1168,9.1007e+05,1.4068e+07,1.5214e+09,0,0,1.592e+07,3.376e+07,3.8219e+07,9.5111e+08,1
4.2504e+07,1.1496e+09,7,2.5017e+06,2.7473e+05,2.2475e+07,5.738e+06,1.3267e+06,0,4.2577e+07,6.3289e+08,0,1.455e+09,1.1377e+05,8.2864e+05,0,0,4.9559e+06,0,0,1.8387e+06,0,1.6249e+07,9.5974e+07,3.299e+05,8.5064e+05,0,0,0,1.711e+08,8969,1.6783e+09,6.2985e+08,88189,5.3114e+07,0,1.1646e+08,0,7.4009e+07,1.7755e+06,2.1815e+08,7,2.2569e+07,41,0,36320,9.7828e+08,6.2986e+08,0,0,7.6803e+05,5.9974e+08,0,0,2.1597e+07,2.062e+08,1.1256e+08,0,1.2063e+08,8.974e+07,2.8695e+05,2.6645e+05,1.1639e+05,0,4.7686e+06,0,2.0742e+06,9.6877e+07,0,2.8695e+05,0,0,3.5162e+05,4.2792e+08,5.5999e+07,0,573,4.3748e+07,30,6,0,2.1947e+09,0,2.3457e+08,0,31,3.3957e+07,5.6615e+05,2.0998e+06,1.5822e+06,1.9258e+07,6.5017e+05,3.087e+05,2,1.0551e+08,2.789e+08,0,7.3733e+08,27,0,0,0,1.4004e+09,0,0,36970,3.3472e+05,1.6423e+09,4.0991e+05,3,8.8811e+08,7.6209e+06,6.329e+08,0,0,7.9491e+06,4.7719e+08,7.7445e+06,1.3942e+08,6.1607e+07,3.5882e+05,0,2.374e+08,5.1374e+07,0,2.7835e+05,2.0016e+08,4.9035e+07,1.2173e+05,3833,7.9171e+05,1.2318e+07,1.499e+09,0,0,2.2057e+07,4.687e+07,2.7433e+07,8.2544e+08,1
5.0011e+07,1.1218e+09,13,2.5046e+06,3.4861e+05,2.2168e+07,6.1389e+06,1.0684e+06,0,3.5524e+07,6.9409e+08,0,1.6585e+09,1.1808e+05,6.5155e+05,0,0,4.696e+06,0,0,1.7823e+06,0,1.638e+07,9.3998e+07,3.4369e+05,7.9833e+05,0,0,0,1.6043e+08,9098,1.6452e+09,5.7902e+08,61409,5.0976e+07,0,1.2323e+08,0,7.7181e+07,1.9701e+06,1.9993e+08,3,2.2794e+07,36,0,36237,9.187e+08,5.7902e+08,0,0,7.5238e+05,4.2136e+08,0,0,2.1887e+07,2.0198e+08,1.2088e+08,0,1.2413e+08,7.821e+07,3.0775e+05,2.5924e+05,1.1154e+05,0,3.4579e+06,0,1.9449e+06,9.6916e+07,0,3.0775e+05,0,0,3.9262e+05,3.6966e+08,5.8909e+07,0,815,4.5157e+07,218,11,0,2.1946e+09,0,2.3228e+08,0,27,4.5379e+07,6.2021e+05,2.0955e+06,1.6829e+06,1.89e+07,6.4954e+05,2.6774e+05,3,1.1121e+08,2.5224e+08,0,7.2925e+08,21,0,0,0,1.3412e+09,0,0,34021,3.7339e+05,1.3669e+09,46523,70,1.2952e+09,2.4129e+05,6.941e+08,0,0,6.5714e+06,4.8456e+08,11858,1.8478e+08,5.9084e+07,3.5202e+05,0,2.3703e+08,5.3545e+07,0,2.2439e+05,1.9446e+08,5.9477e+07,1.2364e+05,1463,6.1757e+05,1.4936e+07,1.5725e+09,0,0,2.2431e+07,4.9433e+07,2.6352e+07,8.8291e+08,1
5.4227e+07,1.1455e+09,9,2.5065e+06,2.935e+05,1.9994e+07,5.88e+06,1.1653e+06,0,4.1901e+07,6.5036e+08,0,1.4339e+09,1.1651e+05,7.3369e+05,0,0,4.3683e+06,0,0,2.2278e+06,0,1.7438e+07,1.0917e+08,3.4618e+05,8.3718e+05,0,0,0,1.5989e+08,9194,1.4208e+09,6.4639e+08,74222,2.2955e+07,0,8.8297e+07,0,6.8722e+07,1.9884e+06,2.1124e+08,4,2.0173e+07,25,0,36234,9.156e+08,6.4639e+08,0,0,8.0848e+05,9.7074e+08,0,0,1.0346e+07,1.4069e+08,8.5335e+07,0,1.126e+08,9.8659e+07,3.0266e+05,2.5909e+05,1.0959e+05,0,4.5076e+06,0,2.4433e+06,9.5613e+07,0,3.0266e+05,0,1,4.8917e+05,4.6315e+08,5.2455e+07,0,680,4.4266e+07,18,5,0,2.1947e+09,0,2.1853e+08,0,0,4.1226e+07,5.0956e+05,2.1246e+06,1.6063e+06,1.89e+07,6.7296e+05,2.422e+05,3,1.1249e+08,2.7429e+08,0,4.7629e+08,19,0,0,0,1.3363e+09,0,0,34852,3.6003e+05,1.6358e+09,48985,5,1.1332e+09,2.445e+05,6.5037e+08,0,0,2.7116e+06,4.8757e+08,13986,1.6048e+08,6.0687e+07,3.495e+05,0,2.3579e+08,5.1629e+07,0,2.2921e+05,2.3958e+08,5.0143e+07,1.2163e+05,1962,6.9887e+05,1.2596e+07,1.6258e+09,0,0,2.2853e+07,5.0123e+07,1.2008e+07,8.4506e+08,0
4.4582e+07,6.9262e+08,11,2.4986e+06,2.4491e+05,8.682e+06,5.8323e+06,1.1003e+06,0,4.0794e+07,7.2552e+08,0,1.6725e+09,97078,6.6281e+05,0,0,3.522e+06,0,0,2.1353e+06,0,2.5048e+07,1.7138e+08,3.9773e+05,9.2346e+05,0,0,0,1.5984e+08,9177,1.6358e+09,6.5998e+08,86269,17067,0,1.0459e+08,0,75726,2.0377e+06,1.5e+08,2,58233,34,0,36260,9.1536e+08,6.5998e+08,0,0,6.902e+05,1.5957e+09,0,0,8218,2.0168e+08,1.2676e+08,0,2.5431e+07,1.0771e+08,1.8748e+05,2.6015e+05,77665,0,6.5956e+06,0,2.3867e+06,4.7474e+07,0,1.8748e+05,0,10,4.6132e+05,4.6631e+08,8276,0,769,4.4004e+07,36,6,0,2.1947e+09,0,1.1847e+08,0,32,4.1727e+07,2.5338e+05,1.995e+06,1.6019e+06,1.2071e+07,6.3925e+05,97435,22,4.3971e+07,8.1057e+08,0,7.3089e+08,35,0,0,0,1.3358e+09,0,0,31415,3.0597e+05,1.6106e+09,49813,3,1.2127e+09,2.4384e+05,7.2552e+08,0,0,4.0263e+05,4.6711e+08,14576,1.4671e+08,2.8952e+07,3.5193e+05,0,1.3892e+08,5.2689e+07,0,2.1629e+05,1.8019e+08,5.8663e+07,59287,1518,6.3144e+05,1.4735e+07,1.2529e+09,0,0,2.1066e+07,1.9658e+07,8519,8.3512e+08,0
3.8302e+07,5.1783e+08,9,2.5084e+06,2.6382e+05,8.3831e+06,5.9916e+06,1.1544e+06,0,4.0529e+07,7.4651e+08,0,1.7166e+09,1.2512e+05,6.7752e+05,0,0,2.171e+06,0,0,2.3031e+06,0,2.4975e+07,1.694e+08,3.9468e+05,8.5461e+05,0,0,0,3.8172e+08,9168,1.5911e+09,8.0675e+08,77622,16054,0,8.3729e+07,0,72621,2.1328e+06,1.9323e+08,0,58092,29,0,36292,1.9375e+09,8.0675e+08,0,0,8.1218e+05,7.2592e+08,0,0,7797,1.9747e+08,1.2944e+08,0,2.5045e+07,1.0904e+08,1.7827e+05,3.8781e+05,1.0199e+05,0,5.1748e+06,0,2.5725e+06,2.8817e+07,0,1.7827e+05,0,8,4.6835e+05,1.0648e+08,7787,0,652,4.5041e+07,2.1428e+05,40,0,2.1947e+09,0,1.1388e+08,0,24,3.659e+07,2.3697e+05,1.8798e+06,1.6939e+06,6.2865e+07,1.9574e+05,86346,33,3.2967e+07,8.1124e+08,0,7.1335e+08,28,0,0,0,2.3035e+09,0,0,29348,4.0979e+05,1.4786e+09,60599,11,1.0156e+09,3.5183e+05,7.4651e+08,0,0,4.0116e+05,4.9004e+08,54678,1.4033e+08,1.7697e+07,2.7659e+05,0,1.8108e+08,5.2651e+07,0,2.4225e+05,1.7562e+08,1.4288e+07,1.1753e+05,934,6.482e+05,3.582e+06,1.2484e+09,0,0,1.3607e+07,1.5274e+07,8049,7.6444e+08,0
4.1165e+07,4.8449e+08,3,2.5076e+06,2.5338e+05,1.0393e+07,5.8656e+06,2.0792e+05,0,1.1345e+07,7.6321e+08,0,2.1286e+09,1.2988e+05,44803,0,0,2.4455e+06,0,0,1.8072e+06,0,1.9609e+07,9.1674e+07,62117,9.1287e+05,0,0,0,9.3871e+08,2.2022e+05,1.6746e+09,7.5326e+08,55572,15925,0,6.9309e+07,0,72673,2.1488e+06,1.9692e+08,1,1.937e+07,36,0,1.6419e+05,4.4713e+09,7.5326e+08,0,0,7.4465e+05,6.6178e+08,0,0,7703,2.0393e+08,1.3146e+08,0,2.4665e+07,1.008e+08,49606,5.3979e+05,74758,0,5.2519e+06,0,2.0587e+06,2.8795e+07,0,49606,0,12,4.1912e+05,3.9636e+05,7957,7.0222e+07,807,3.762e+07,7.703e+05,31,0,2.1947e+09,0,1.8576e+08,0,0,5.152e+07,2.9756e+05,2.7389e+06,1.5177e+06,9.2048e+07,989,1.9214e+05,23,3.2512e+07,8.116e+08,3.2791e+07,7.3749e+08,565,0,0,0,4.6915e+09,0,0,6256,3.8682e+05,1.4861e+09,9.0893e+05,15,9.3452e+08,1.4446e+07,7.6322e+08,0,0,4.0113e+05,1.1386e+09,1.4721e+07,1.8829e+08,1.6737e+07,2.7878e+05,0,1.7386e+08,3.8383e+07,0,25306,2.0983e+08,27562,95396,189,38555,7517,8.913e+08,0,0,6.6349e+07,1.512e+07,8014,2.3539e+08,0
4.6369e+06,4.7083e+08,0,1.4379e+06,3.0214e+05,1.5052e+07,6.064e+06,1.2763e+05,2.9128e+07,1.0525e+07,5.7964e+08,0,2.1946e+09,83367,49344,0,229,4.7161e+06,0,0,2.7793e+06,0,1.6351e+07,9.3908e+07,4488,7.1618e+05,0,1.2768e+07,4.09e+06,9.3769e+08,3.0375e+05,1.231e+09,6.9225e+08,31151,16061,0,5.6339e+07,0,2.0381e+07,1.7885e+06,1.552e+08,2,2.2732e+07,25,0,4.1583e+05,4.4664e+09,6.9226e+08,0,0,7.9058e+05,5.8462e+08,0,0,7804,1.2138e+08,7.6443e+07,0,5.1528e+07,2.2483e+08,1.1152e+05,5.646e+05,82339,0,4.7137e+06,0,3.2567e+06,2.9523e+07,4,1.1152e+05,0,11,2.7053e+05,2.3769e+05,1.5524e+07,1.7415e+08,819,2.3954e+07,7.7046e+05,30,0,2.0664e+09,0,2.2524e+08,0,27,4.7695e+07,4.3261e+05,3.3632e+06,1.4911e+06,9.6278e+07,7231,2.5821e+05,27,3.2372e+07,6.6174e+08,5.1047e+07,4.1097e+08,605,0,0,0,4.6864e+09,0,0,4464,1.1263e+05,1.4458e+09,1.1443e+06,22,3.43e+08,2.3281e+07,5.7964e+08,0,0,4.0136e+05,1.355e+09,2.363e+07,5.7758e+07,1.6019e+07,2.8975e+05,0,1.9192e+08,1.3341e+07,0,13728,2.094e+08,1.6338e+07,1.0264e+05,194,44883,4.111e+06,9.5291e+08,0,0,1.0069e+08,1.5004e+07,8076,7.3546e+08,0
3.4499e+06,4.9907e+08,0,9023,9.1145e+05,2.8319e+07,6.7092e+06,1.2851e+05,1.1232e+08,1.0842e+07,7.522e+08,1.3253e+08,2.1947e+09,46876,47351,0,72,4.4167e+06,0,0,3.6196e+06,0,1.6358e+07,9.4918e+07,7765,1.6871e+05,0,4.9234e+07,1.5771e+07,5.5529e+08,2.9317e+05,1.5197e+09,7.3631e+08,1388,15973,0,3.469e+07,0,7.7485e+07,3.4514e+06,8.6629e+07,0,2.2736e+07,88,0,3.5712e+05,2.7055e+09,7.3632e+08,0,0,3.1804e+05,3.4328e+08,0,0,7786,4.9184e+08,5.9338e+08,0,1.2433e+08,3.6635e+08,2.2538e+05,6.416e+05,74670,0,2.4731e+06,0,4.2682e+06,2.9873e+07,8,2.2538e+05,0,10,1243,5.1069e+05,5.8847e+07,1.8152e+08,761,2.1251e+07,7.7005e+05,57,1.9576e+05,1.6992e+09,0,2.1293e+08,0,3,4.5401e+07,6.7402e+05,3.5444e+06,1.8019e+06,1.095e+08,51573,2.8716e+05,15,3.2361e+07,2.5767e+08,1.3369e+07,2.5675e+09,327,0,0,0,3.0213e+09,0,0,6010,7021,1.3603e+09,1.1685e+06,31,3.1913e+08,2.3301e+07,7.522e+08,0,0,4.013e+05,1.3119e+09,2.3644e+07,3.4984e+06,1.7481e+07,3.2709e+05,0,1.3141e+08,1.1394e+07,0,13152,2.4783e+08,8.7094e+07,51656,144,41342,2.1856e+07,1.1839e+09,0,0,1.2509e+08,1.5126e+07,8032,9.47e+08,0
3.5123e+07,5.0163e+08,3,9006,1.1588e+06,3.0106e+07,6.805e+06,1.0974e+06,1.1241e+08,4.0599e+07,6.8306e+08,5.0249e+07,2.1946e+09,32148,43409,0,109,4.1793e+06,0,0,3.623e+06,0,1.6216e+07,1.0086e+08,3667,50094,0,4.9274e+07,1.5783e+07,1.5984e+08,3.0552e+05,1.4175e+09,7.5619e+08,81462,16317,0,7.6623e+07,0,7.7539e+07,3.4952e+06,9.3506e+07,0,2.2533e+07,0,0,3.9288e+05,9.1535e+08,7.562e+08,0,0,59886,9.3726e+08,0,0,7906,5.1654e+08,6.4247e+08,0,1.2442e+08,3.6728e+08,2.0091e+05,2.878e+05,4894,0,4.3851e+06,0,4.2731e+06,3.0579e+07,12,2.0091e+05,0,14,1346,3.9397e+08,5.8964e+07,5.8093e+07,556,2.3061e+07,7.7044e+05,41,74224,1.7003e+09,0,2.3752e+08,0,0,3.4328e+07,7.6483e+05,2.3263e+06,1.8888e+06,3.3415e+07,2.9137e+05,61465,22,2.807e+07,2.554e+08,2.3029e+07,2.8271e+09,439,0,0,0,1.3358e+09,0,0,6322,4.4716e+05,1.518e+09,1.1651e+06,2,7.3359e+08,2.332e+07,6.8305e+08,0,0,4.014e+05,1.3618e+09,2.3663e+07,2.1886e+08,1.7214e+07,2.461e+05,0,2.4024e+08,1.2741e+07,0,2.2531e+05,2.7637e+08,8.6918e+07,56290,3002,37089,2.1814e+07,1.0332e+09,0,0,6.4065e+07,1.3044e+07,8175,1.1451e+09,0
5.2931e+07,4.6943e+08,4,8984,7.9816e+05,2.9375e+07,7.9811e+06,1.5279e+06,1.1241e+08,4.2523e+07,7.3068e+08,1.0544e+08,2.1947e+09,1.1436e+05,52862,0,0,3.7177e+06,0,0,3.3307e+06,0,2.3271e+07,1.9122e+08,4515,52513,0,4.9274e+07,1.5783e+07,1.603e+08,3.5954e+05,1.551e+09,6.8385e+08,94253,16188,0,1.0695e+08,0,7.7492e+07,3.7178e+06,1.9915e+08,0,59210,1,0,2.7177e+05,9.1799e+08,6.8385e+08,0,0,62838,1.472e+09,0,0,7849,5.6522e+08,6.8703e+08,0,1.2443e+08,3.3704e+08,2.2496e+05,2.6192e+05,206,0,6.068e+06,0,3.9278e+06,2.9116e+07,0,2.2496e+05,0,12,1296,3.8654e+08,5.8978e+07,7.42e+05,767,1.6063e+07,7.7035e+05,19,1.5574e+05,1.7003e+09,0,1.6383e+08,0,38,4.5965e+07,7.231e+05,1.7879e+06,2.2049e+06,1.9685e+07,5.9422e+05,24487,22,9.2313e+07,2.5358e+08,4.5629e+07,3.0946e+09,23,0,0,0,1.3399e+09,0,0,4554,3.2699e+05,1.5986e+09,1.8445e+05,2,1.1927e+09,3.3327e+06,7.3066e+08,0,0,4.014e+05,1.603e+09,2.8971e+06,1.6381e+08,1.6107e+07,3.3242e+05,0,2.2038e+08,8.6277e+06,0,3.1202e+05,2.673e+08,8.717e+07,40,1790,48315,2.1875e+07,1.3174e+09,0,0,1.7401e+07,4.1211e+07,8136,4.7266e+08,0
4.8234e+07,5.6923e+08,10,2.0646e+06,6.3648e+05,1.8018e+07,5.9581e+06,9.7982e+05,1.1217e+08,3.8106e+07,7.4261e+08,1.6532e+08,1.7436e+09,66272,52492,0,0,1.6867e+06,0,0,2.9332e+06,0,2.502e+07,1.8187e+08,4390,56829,0,4.9169e+07,1.575e+07,1.601e+08,3.3487e+05,1.7427e+09,7.047e+08,94995,7.247e+07,0,8.9845e+07,0,3.878e+07,3.7466e+06,1.0751e+08,0,58032,4,0,2.2586e+05,9.1689e+08,7.047e+08,0,0,4.8545e+05,1.3549e+09,0,0,1.7904e+07,6.3455e+08,6.9724e+08,0,7.2287e+07,3.0026e+08,28821,3.1686e+05,9666,0,5.5874e+06,0,3.4656e+06,3.7069e+07,0,28820,0,6,1192,3.5312e+08,2.9133e+07,1.16e+08,529,1.5403e+07,4.7036e+05,20,2.442e+05,1.6974e+09,0,1.4192e+08,0,21,3.2974e+07,7.7448e+05,1.4612e+06,1.5555e+06,1.4973e+07,7.2128e+05,22577,29,1.1286e+08,4.6339e+08,5.7098e+07,3.4678e+09,35,0,0,0,1.3382e+09,0,0,4691,3.9354e+05,1.4786e+09,52431,4,8.7239e+08,2.7732e+05,7.426e+08,0,0,2.0984e+07,1.4935e+09,1.3355e+05,1.9535e+08,2.2337e+07,3.9979e+05,0,1.7978e+08,9.9272e+06,0,1.9044e+05,1.807e+08,9.7294e+06,279,1445,47808,2.4261e+06,1.0501e+09,0,0,1.4675e+07,5.0058e+07,3.7019e+07,7.7618e+06,1
1.1417e+07,9.5342e+08,2,2.5146e+06,4.0489e+05,9.869e+06,5.4848e+06,7.2836e+05,1.1227e+08,2.7696e+07,6.8537e+08,2.2318e+08,1.7922e+09,55515,3.0535e+05,0,0,2.5171e+06,0,0,2.9778e+06,0,2.4976e+07,1.8238e+08,29275,51116,0,4.9216e+07,1.5765e+07,7.439e+08,2.6686e+05,1.4657e+09,6.2541e+08,34775,7.5444e+07,0,8.0833e+07,0,5.6365e+05,3.515e+06,1.2824e+08,0,57942,9,0,25180,3.6059e+09,6.2541e+08,0,0,1.0029e+06,1.181e+09,0,0,1.8737e+07,5.3388e+08,6.4387e+08,0,1.9796e+07,2.4493e+08,2231,2.3002e+05,83911,0,4.8709e+06,0,3.3914e+06,8.5719e+07,0,2231,0,5,3.3025e+05,4.4491e+08,3.8694e+05,1.7846e+08,510,3.2914e+07,62,24,3.2966e+05,1.698e+09,0,1.34e+08,0,0,2.9755e+07,2.9636e+05,3.1089e+06,1.35e+06,1.7558e+07,5.3472e+05,29560,32,1.1591e+08,6.1705e+08,6.1579e+07,2.9228e+09,16,0,0,0,3.884e+09,0,0,16517,3.9899e+05,1.4505e+09,55029,13,3.5873e+08,3.6314e+05,6.8536e+08,0,0,2.1726e+07,1.2229e+09,74351,1.964e+08,5.2812e+07,3.0627e+05,0,1.723e+08,3.9091e+07,0,1.4348e+05,1.9826e+08,8.9427e+05,2479,1558,2.8885e+05,1.7878e+05,1.7068e+09,0,0,2.3899e+07,5.1242e+07,3.8612e+07,6.0075e+08,1
4.3321e+06,1.0188e+09,0,2.517e+06,3.7024e+05,9.3614e+06,6.784e+06,1.2712e+05,3.4987e+07,1.0021e+07,6.1613e+08,2.5927e+08,1.749e+09,83324,8.1203e+05,0,0,1.6501e+06,0,0,2.3904e+06,0,2.5057e+07,1.8188e+08,3.4732e+05,49402,0,1.5337e+07,4.9126e+06,9.3937e+08,7762,1.3075e+09,6.6022e+08,29641,7.6856e+07,0,9.9304e+07,0,44854,3.1367e+06,2.1766e+06,0,57905,9,0,24829,4.4744e+09,6.6023e+08,0,0,9.965e+05,1.2676e+09,0,0,1.8975e+07,4.7623e+08,5.7629e+08,0,1.9083e+07,1.1082e+08,1.2814e+05,3.5184e+05,74217,0,5.2375e+06,0,2.6486e+06,9.0075e+07,0,1.2814e+05,0,3,4.8063e+05,1.1431e+08,85229,1.9973e+08,520,3.001e+07,5,0,3.8296e+05,2.04e+09,0,1.4166e+08,0,36,3.1098e+07,2.8778e+05,3.5478e+06,1.6682e+06,5.0797e+07,2.99e+05,24152,27,3.5458e+07,5.9921e+08,4.8164e+07,2.6057e+09,31,0,0,0,4.6948e+09,0,0,37004,8292,1.5337e+09,57326,4,2.2827e+08,3.4388e+05,6.1611e+08,0,0,2.2249e+07,3.7998e+08,1.2567e+07,6.9366e+06,5.619e+07,2.8148e+05,0,1.6799e+08,3.5462e+07,0,12902,1.8936e+08,1.6757e+05,62380,983,7.7507e+05,1903,1.6598e+09,0,0,8.5078e+07,1.6178e+07,3.9272e+07,7.5267e+08,1
4.6175e+06,9.3989e+08,0,2.3652e+06,3.8714e+05,9.4759e+06,7.3164e+06,1.2973e+05,394,1.0703e+07,6.1604e+08,2.6008e+08,1.7971e+09,1.6569e+05,6.1962e+05,0,0,2.2501e+06,0,0,1.5309e+06,0,2.3869e+07,1.7382e+08,3.0398e+05,3.7745e+05,0,173,56,9.3848e+08,9345,1.6899e+09,6.8759e+08,494,6.6343e+07,0,3.4704e+07,0,46852,2.4909e+06,2.7386e+06,0,55324,10,0,25232,4.4702e+09,6.8759e+08,0,0,1.1825e+06,1.0647e+09,0,0,1.6332e+07,4.6226e+08,3.4664e+08,0,1.9084e+07,8.37e+07,1.7684e+05,4.9871e+05,74939,0,4.3925e+06,0,1.7567e+06,8.7465e+07,0,1.7684e+05,0,6,3.1137e+05,4.3656e+05,1.3432e+07,1.9419e+08,678,3.2723e+07,20,1,3.8416e+05,2.1946e+09,0,1.3155e+08,0,9,4.0569e+07,2.8443e+05,3.8898e+06,1.8002e+06,8.5083e+07,6383,1.3124e+05,21,3.3535e+07,6.108e+08,5.3932e+07,2.4109e+09,25,0,0,0,4.6903e+09,0,0,30279,2815,1.4983e+09,53438,8,2.8514e+08,2.5448e+05,6.1605e+08,0,0,1.9249e+07,4.5025e+08,1.1407e+07,1.6573e+06,5.2803e+07,2.721e+05,0,1.6673e+08,3.8033e+07,0,13196,1.8923e+08,1.6804e+05,92446,288,5.8936e+05,3650,1.3821e+09,0,0,1.4591e+08,1.5608e+07,3.3905e+07,7.4344e+08,1
4.1324e+06,7.7106e+08,0,8854,8.4354e+05,9.9543e+06,5.7327e+06,1.448e+05,291,1.1601e+07,6.0769e+08,2.5985e+08,1.2592e+09,1.7294e+05,5.194e+05,0,0,2.5039e+06,0,0,2.0174e+06,0,1.9449e+07,9.6327e+07,2.8472e+05,8.6069e+05,0,127,41,9.3713e+08,7278,1.5798e+09,6.6001e+08,82797,16606,0,4.3705e+07,0,1.6636e+05,1.8187e+06,3.0155e+06,1,1.9489e+07,39,0,81150,4.4637e+09,6.6001e+08,0,0,3.6034e+05,4.1333e+08,0,0,7994,2.0446e+08,1.1315e+08,0,1.911e+07,7.3081e+07,2.2539e+05,5.7929e+05,62016,0,2.6085e+06,0,2.1382e+06,6.3391e+07,0,2.2539e+05,0,4,4.3262e+05,1.4694e+06,4.6362e+07,1.5645e+08,580,2.8615e+07,4.5231e+05,12,3.8383e+05,2.1946e+09,0,1.9182e+08,0,12,3.5001e+07,2.9037e+05,3.7402e+06,1.4095e+06,9.8837e+07,539,2.9533e+05,27,3.3035e+07,6.1803e+08,1.1463e+07,7.4533e+08,25,0,0,0,4.6836e+09,0,0,26424,4.3537e+05,1.7279e+09,6.6624e+05,3,2.4602e+08,1.2066e+07,6.077e+08,0,0,4.0132e+05,4.2127e+08,1.7621e+07,4.6809e+05,3.944e+07,3.0051e+05,0,1.7591e+08,3.0744e+07,0,15030,1.9648e+08,82436,1.0011e+05,255,4.93e+05,9666,1.3814e+09,0,0,1.4616e+08,1.5309e+07,8325,8.3734e+08,0
5.353e+06,5.3486e+08,0,9013,8.5225e+05,1.6032e+07,6.4162e+06,1.5432e+05,266,1.2657e+07,7.1914e+08,8.8739e+07,1.2638e+09,1.6995e+05,65457,0,0,4.5389e+06,0,0,2.8609e+06,0,1.6501e+07,9.5865e+07,3.8549e+05,1.0639e+06,0,117,37,8.6763e+08,9994,1.6655e+09,7.0299e+08,96485,16353,0,7.1492e+07,0,1.7419e+07,1.905e+06,3.1357e+06,4,2.2876e+07,520,0,2.9312e+05,4.1327e+09,7.03e+08,0,0,53050,3.9297e+08,0,0,7923,1.6683e+08,9.2642e+07,0,4.2698e+07,2.9713e+08,1.6742e+05,6.3554e+05,620,0,2.2129e+06,0,3.4713e+06,2.8644e+07,0,1.6742e+05,0,3,31873,3.771e+05,4.3085e+07,1.9505e+08,745,1.8581e+07,7.6632e+05,65,1.3108e+05,2.1952e+09,0,2.3127e+08,0,3,4.4656e+07,5.8611e+05,3.0538e+06,1.5778e+06,1.0845e+08,283,2.0772e+05,14,3.0737e+07,5.0975e+08,2.0815e+05,5.6195e+08,450,0,0,0,4.3362e+09,0,0,1589,3.5756e+05,1.8935e+09,5.861e+05,13,3.1762e+08,1.123e+07,7.1915e+08,0,0,4.0143e+05,4.3423e+08,1.4196e+07,3.5194e+05,1.8546e+07,3.2982e+05,0,1.6452e+08,9.8727e+06,0,15516,1.9779e+08,9.0788e+06,94273,123,63888,2.2784e+06,1.0305e+09,0,0,1.0886e+08,1.4295e+07,8253,2.6103e+08,0
5.4563e+06,4.6969e+08,1,8987,7.9861e+05,3.338e+07,5.7299e+06,1.4622e+05,1.0406e+08,1.296e+07,6.4239e+08,3.2477e+07,1.3889e+09,89892,50997,0,0,4.3105e+06,0,0,2.9795e+06,0,1.1954e+07,7.8096e+07,2684,6.8368e+05,0,4.5616e+07,1.4612e+07,3.8629e+08,2.0264e+05,1.2831e+09,6.9268e+08,77566,16102,0,6.0659e+07,0,6.0769e+07,1.8986e+06,3.1444e+06,5,1.6912e+07,618,0,2.9756e+05,1.8773e+09,6.9268e+08,0,0,50911,5.139e+08,0,0,7782,1.6855e+08,1.1644e+08,0,9.8823e+07,3.0302e+08,94734,6.6669e+05,12024,0,2.8217e+06,0,3.517e+06,2.5782e+07,0,94733,0,4,1341,4.829e+05,4.265e+07,5.774e+07,1006,1.845e+07,7.7095e+05,30,47971,1.738e+09,0,1.8218e+08,0,1,5.9979e+07,1.5639e+06,3.7629e+06,1.548e+06,1.1375e+08,625,1.9391e+05,23,3.3539e+07,2.1183e+08,3.2577e+07,6.1495e+08,801,0,0,0,2.0827e+09,0,0,6736,3.1138e+05,1.6797e+09,9.0602e+05,19,4.2454e+08,1.6626e+07,6.424e+08,0,0,4.0128e+05,9.8473e+08,8.8129e+06,3.333e+05,1.5983e+07,3.39e+05,0,2.1848e+08,1.0049e+07,0,14610,2.295e+08,5.2061e+07,845,117,44264,1.3079e+07,7.1811e+08,0,0,7.5711e+07,1.5564e+07,8058,1.5225e+06,0
3.3207e+07,4.6664e+08,2,8990,7.4383e+05,3.2139e+07,5.9492e+06,1.0788e+06,1.1222e+08,3.1802e+07,7.0002e+08,2.6066e+08,1.3673e+09,1.9308e+05,47433,0,0,4.4415e+06,0,0,2.9217e+06,0,1.6626e+07,1.3315e+08,2935,5.0002e+05,0,4.9191e+07,1.5757e+07,1.1706e+08,2.2736e+05,1.5838e+09,7.4963e+08,49610,16258,0,3.3005e+07,0,6.216e+07,2.4319e+06,1.4305e+08,12,6.3812e+06,682,0,2.8284e+05,6.689e+08,7.4963e+08,0,0,49098,4.038e+08,0,0,7855,3.3076e+08,2.6073e+08,0,9.2216e+07,2.9892e+08,1182,7.693e+05,1.4113e+05,0,2.5576e+06,0,3.4521e+06,2.6014e+07,0,1182,0,4,2630,1.9142e+06,9.5459e+06,3.7956e+05,899,1.6538e+07,7.6869e+05,40,3.8502e+05,1.6972e+09,0,1.5559e+08,0,2,5.0585e+07,1.4892e+06,2.3336e+06,1.6901e+06,1.313e+08,613,19860,23,3.165e+07,1.8867e+08,6.6503e+07,1.5489e+09,361,0,0,0,9.4867e+08,0,0,6518,4.0095e+05,1.1629e+09,7.2627e+05,2,1.1595e+09,1.3769e+07,7.0003e+08,0,0,4.0135e+05,1.0133e+09,2.9829e+06,3.6165e+05,1.6018e+07,3.9361e+05,0,1.446e+08,9.139e+06,0,2.4139e+05,2.1057e+08,4.556e+07,778,220,40919,1.1447e+07,1.2314e+09,0,0,7.1005e+07,1.4601e+07,8168,6.6158e+08,0
4.7063e+07,5.3821e+08,12,9001,6.9163e+05,3.1962e+07,5.3747e+06,1.3755e+06,1.1231e+08,4.383e+07,6.6234e+08,2.599e+08,1.3127e+09,1.8584e+05,47061,0,0,3.6838e+06,0,0,3.7005e+06,0,1.6701e+07,1.1909e+08,4477,52134,0,4.9234e+07,1.5771e+07,7.9451e+07,3.4237e+05,1.5329e+09,7.7456e+08,30328,16172,0,6.0468e+07,0,5.8741e+07,3.3563e+06,2.7729e+08,8,1.4314e+05,819,0,2.618e+05,4.5797e+08,7.7457e+08,0,0,48829,8.0079e+08,0,0,7820,5.5851e+08,6.1976e+08,0,9.2532e+07,3.669e+08,356,5.5923e+05,1.4042e+05,0,3.8957e+06,0,4.3501e+06,2.7729e+07,0,356,0,4,1157,3.0233e+08,3.673e+05,4.4738e+05,851,1.5387e+07,7.5643e+05,35,3.839e+05,1.6987e+09,0,9.1663e+07,0,0,4.6263e+07,1.4625e+06,1.9053e+06,1.4813e+06,6.4781e+07,5.8427e+05,18789,23,1.0801e+08,2.038e+08,5.3039e+07,3.0564e+09,29,0,0,0,7.1915e+08,0,0,6989,75174,1.6725e+09,6.0145e+05,1,1.3544e+09,8.9487e+06,6.6232e+08,0,0,4.013e+05,1.5269e+09,3.7251e+06,1.7866e+08,1.8569e+07,4.9192e+05,0,1.4906e+08,8.1105e+06,0,2.9882e+05,2.1394e+08,3.7218e+07,4118,1022,40078,9.348e+06,1.1718e+09,0,0,1.9372e+07,4.8081e+07,8108,6.5366e+08,0
6.3615e+07,5.1262e+08,5,2.1032e+06,4.901e+05,1.067e+07,5.8632e+06,1.7089e+06,1.1204e+08,4.4223e+07,6.4487e+08,2.6051e+08,1.3108e+09,1.4809e+05,49209,0,0,2.105e+06,0,0,3.1738e+06,0,1.957e+07,1.3731e+08,5230,60302,0,4.9112e+07,1.5732e+07,1.2356e+08,3.971e+05,1.549e+09,6.9541e+08,814,7.2838e+07,0,1.041e+08,0,1.3635e+07,3.2938e+06,3.3481e+08,18,39330,577,0,3.2783e+05,7.062e+08,6.9541e+08,0,0,3.1858e+05,8.9468e+08,0,0,1.793e+07,5.6061e+08,6.0605e+08,0,3.606e+07,3.2373e+08,1.0389e+05,3.7845e+05,1.3958e+05,0,3.6919e+06,0,3.7476e+06,3.2739e+07,0,1.0389e+05,0,2,1075,3.7397e+08,1.2376e+07,1.2782e+08,934,2.136e+07,4.5729e+05,33,3.848e+05,1.6948e+09,0,1.0399e+08,0,24,5.3742e+07,3.1184e+05,1.7833e+06,1.6121e+06,2.4316e+07,9.2985e+05,16457,23,1.1427e+08,5.197e+08,5.8555e+07,3.0655e+09,15,0,0,0,1.0076e+09,0,0,7183,4227,1.6483e+09,54422,2,1.4868e+09,2.7272e+05,6.4485e+08,0,0,2.1147e+07,1.7718e+09,7.0566e+06,1.7832e+08,1.9731e+07,5.1252e+05,0,2.2497e+08,1.3421e+07,0,3.9327e+05,2.0246e+08,1.1339e+05,1.4817e+05,1630,42028,11615,1.7387e+09,0,0,1.9353e+07,5.0424e+07,3.719e+07,9.2401e+08,1
2.7637e+07,9.689e+08,4,2.5154e+06,2.698e+05,1.0526e+07,5.6773e+06,7.9263e+05,1.1209e+08,3.068e+07,7.3618e+08,2.605e+08,1.2655e+09,43618,3.8082e+05,0,0,1.845e+06,0,0,2.3383e+06,0,1.6233e+07,1.1459e+08,4967,51710,0,4.9133e+07,1.5738e+07,5.4337e+08,3.6866e+05,1.5e+09,7.3426e+08,403,7.614e+07,0,9.1859e+07,0,16842,3.7402e+06,3.0733e+08,2,35351,27,0,22662,2.6819e+09,7.3426e+08,0,0,7.388e+05,1.0924e+09,0,0,1.8795e+07,5.4668e+08,6.9178e+08,0,2.1905e+07,1.8054e+08,1.682e+05,5.0073e+05,91153,0,4.5064e+06,0,2.6469e+06,8.2165e+07,0,1.682e+05,0,2,2.1503e+05,4.4696e+08,3.8449e+07,2.6476e+08,1004,2.8486e+07,27,27,3.8478e+05,1.6946e+09,0,8.7907e+07,0,24,5.7359e+07,3.117e+05,1.827e+06,1.4342e+06,2.7226e+07,1.3978e+06,17100,26,1.1609e+08,6.7298e+08,5.6884e+07,2.9868e+09,36,0,0,0,3.0072e+09,0,0,17403,2248,1.5958e+09,48005,1,9.1193e+08,2.3093e+05,7.3616e+08,0,0,2.2036e+07,1.6452e+09,1.7707e+07,1.483e+08,5.0501e+07,8.9341e+05,0,2.8314e+08,3.3437e+07,0,1.507e+05,2.0648e+08,2.8351e+05,1.4854e+05,1920,3.6342e+05,60003,1.7846e+09,0,0,4.0885e+07,5.1245e+07,3.8926e+07,8.7376e+08,1
3.5793e+06,8.2512e+08,1,2.4776e+06,3.4095e+05,8.8189e+06,7.8823e+06,98312,3.4857e+07,8.4284e+06,8.0025e+08,2.6027e+08,1.7886e+09,99859,7.512e+05,0,0,1.969e+06,0,0,2.051e+06,0,2.1051e+07,1.4911e+08,51752,63126,0,1.528e+07,4.8944e+06,9.3298e+08,2.8867e+05,2.0959e+09,9.8999e+08,472,7.6844e+07,0,8.883e+07,0,20450,4.1085e+06,3.1694e+06,2,42993,30,0,31782,4.4439e+09,9.8999e+08,0,0,7.1134e+05,1.2976e+09,0,0,1.8899e+07,7.6319e+08,7.5159e+08,0,1.9412e+07,1.0263e+08,2.5304e+05,4.5974e+05,12809,0,5.3601e+06,0,2.3052e+06,7.316e+07,0,2.5304e+05,0,1,4.1897e+05,4.1187e+08,4.3878e+07,2.6455e+08,1004,3.8763e+07,61,0,3.8444e+05,2.0402e+09,0,1.1266e+08,0,0,5.798e+07,2.6056e+05,3.6725e+06,1.9397e+06,3.702e+07,1.3066e+06,16749,27,1.001e+08,6.2941e+08,5.7234e+07,4.1859e+09,676,0,0,0,4.6628e+09,0,0,34559,2806,1.1337e+09,53796,8,4.2515e+08,2.7601e+05,8.0024e+08,0,0,2.228e+07,1.3453e+09,1.3074e+05,1.9121e+08,4.4915e+07,7.7152e+05,0,2.8162e+08,4.5513e+07,0,10114,1.7862e+08,1.7953e+05,1.4818e+05,1183,7.1667e+05,5645,8.9661e+08,0,0,9.4575e+07,4.4609e+07,3.9312e+07,1.5025e+08,1
3.6253e+06,8.98e+08,1,2.365e+06,3.4394e+05,9.4723e+06,6.3253e+06,1.1334e+05,387,8.8946e+06,7.746e+08,8.8637e+07,1.4877e+09,49981,8.6804e+05,0,0,1.7021e+06,0,0,1.8318e+06,0,2.2845e+07,1.6607e+08,3.9813e+05,61940,0,170,54,9.3821e+08,8492,2.0191e+09,9.8986e+08,78275,6.6396e+07,0,1.1001e+08,0,24736,3.9176e+06,3.1318e+06,2,47497,22,0,27061,4.4689e+09,9.8986e+08,0,0,8.9672e+05,1.4966e+09,0,0,1.6316e+07,7.3446e+08,7.2721e+08,0,1.8665e+07,1.0055e+08,2.408e+05,7.7025e+05,1.1067e+05,0,6.1714e+06,0,2.0784e+06,8.2104e+07,0,2.408e+05,0,2,4.2282e+05,1.6233e+08,3.5154e+07,2.6492e+08,1010,3.4358e+07,41914,7,1.3093e+05,2.1947e+09,0,1.279e+08,0,27,5.9634e+07,2.8724e+05,5.2608e+06,1.5559e+06,1.3144e+08,19,70957,35,3.0881e+07,6.1782e+08,8.0663e+06,4.0329e+09,625,0,0,0,4.689e+09,0,0,36442,3.5239e+05,1.3384e+09,53452,6,4.2491e+08,2.7532e+05,7.7459e+08,0,0,1.9295e+07,4.2051e+08,2737,3.9315e+07,4.9641e+07,3.8661e+05,0,2.3752e+08,3.9428e+07,0,11701,1.9193e+08,1.3906e+05,1.2157e+05,1081,8.3163e+05,9263,9.1903e+08,0,0,9.6894e+07,1.4149e+07,3.3991e+07,71527,1
3.756e+06,4.8479e+08,1,8896,5.1524e+05,9.8199e+06,6.9358e+06,1.4706e+05,358,1.1396e+07,6.4072e+08,4.9407e+07,1.1869e+09,82909,8.2388e+05,0,0,2.0721e+06,0,0,2.2321e+06,0,1.7942e+07,8.9564e+07,4.495e+05,3.9273e+05,0,157,50,8.5318e+08,11553,1.582e+09,9.8984e+08,79778,16558,0,5.1935e+07,0,5.4177e+05,2.8241e+06,3.1353e+06,8,1.7166e+07,483,0,1.6764e+05,4.0638e+09,9.8984e+08,0,0,4.7702e+05,1.5466e+09,0,0,7972,4.431e+08,4.006e+08,0,2.1331e+07,8.3303e+07,22955,7.7169e+05,1.0939e+05,0,6.3881e+06,0,2.3609e+06,2.723e+07,0,22953,0,2,5.0529e+05,3.1052e+05,2.329e+07,2.5706e+08,1026,3.0692e+07,7.7032e+05,1,72978,2.1947e+09,0,1.764e+08,0,9,5.9753e+07,2.9316e+05,5.3866e+06,1.7062e+06,1.3169e+08,6347,2.156e+05,22,3.2657e+07,6.2957e+08,16860,2.3147e+09,326,0,0,0,4.264e+09,0,0,35580,3.2043e+05,1.6117e+09,50833,10,4.2454e+08,2.6083e+05,6.4071e+08,0,0,4.0099e+05,6.5406e+08,3330,2.4741e+06,1.6236e+07,3.8969e+05,0,2.3822e+08,2.8587e+07,0,15274,2.0005e+08,56150,4655,169,7.8835e+05,10743,1.1652e+09,0,0,1.2295e+08,1.5078e+07,8280,3.6068e+06,0
4.2081e+06,4.9891e+08,1,9005,6.7137e+05,1.5438e+07,6.7673e+06,1.8458e+05,413,1.4577e+07,7.7417e+08,1.9305e+08,1.0836e+09,57437,5.7766e+05,0,0,4.4769e+06,0,0,2.8049e+06,0,1.3368e+07,7.9265e+07,4.4796e+05,8.8356e+05,0,181,58,6.2071e+08,20249,1.571e+09,8.7176e+08,30793,18151,0,4.3347e+07,0,1.5976e+07,2.2723e+06,3.1164e+06,21,1.8736e+07,895,0,2.8399e+05,2.9566e+09,8.7176e+08,0,0,48196,5.4786e+08,0,0,8534,1.9818e+08,1.3009e+08,0,3.8802e+07,3.0182e+08,1.3824e+05,7.4676e+05,1.0877e+05,0,3.5636e+06,0,3.419e+06,2.7264e+07,0,1.3824e+05,0,7,22178,3.9678e+05,62795,2.6456e+08,1004,1.708e+07,7.6561e+05,9,2.8516e+05,2.195e+09,0,1.9983e+08,0,5,6.0158e+07,4.3538e+05,5.2383e+06,1.6653e+06,1.2743e+08,19188,2.1778e+05,27,3.0506e+07,4.985e+08,4.6358e+07,7.2332e+08,425,0,0,0,3.1021e+09,0,0,27249,3.5965e+05,1.9952e+09,6.0862e+05,51,4.241e+08,3.911e+06,7.7417e+08,0,0,3.9964e+05,6.826e+08,6.7354e+06,1.5422e+06,1.692e+07,3.8176e+05,0,2.3826e+08,9.3163e+06,0,18971,2.1602e+08,7.1725e+06,1.2524e+05,89,5.5045e+05,1.808e+06,1.0346e+09,0,0,1.0911e+08,1.4188e+07,8854,7.3287e+08,0
9.7265e+06,4.5308e+08,1,9001,7.2293e+05,2.9988e+07,6.7779e+06,1.7028e+05,1.0575e+08,1.306e+07,5.8883e+08,2.0082e+08,1.1436e+09,1.3743e+05,57364,0,0,3.6985e+06,0,0,2.4892e+06,0,1.1547e+07,7.2435e+07,5432,1.0277e+06,0,4.6356e+07,1.4849e+07,6.25e+08,3.9728e+05,1.9061e+09,5.9768e+08,29883,16582,0,3.9024e+07,0,5.4923e+07,1.5938e+06,3.1446e+06,23,1.602e+07,770,0,2.8972e+05,2.9781e+09,5.9768e+08,0,0,49535,4.7325e+08,0,0,8014,1.9577e+08,7.4382e+07,0,8.4449e+07,2.511e+08,1.981e+05,6.5876e+05,66704,0,3.3436e+06,0,2.935e+06,2.7041e+07,0,1.981e+05,0,10,796,4.6395e+05,1.3293e+07,9.713e+07,1004,1.8138e+07,7.6806e+05,19,2.9663e+05,1.7299e+09,0,1.707e+08,0,2,5.8919e+07,7.6589e+05,4.9518e+06,1.6673e+06,1.124e+08,5.1091e+05,1.8662e+05,25,3.3156e+07,2.1243e+08,7.8674e+07,6.7896e+08,529,0,0,0,3.1274e+09,0,0,5364,24278,1.8457e+09,9.1836e+05,52,4.2708e+08,5.3458e+06,5.8884e+08,0,0,3.9921e+05,1.7723e+09,1.2897e+07,2.9194e+05,1.5209e+07,3.7627e+05,0,2.6015e+08,1.0334e+07,0,17369,2.7301e+08,4.1497e+07,1.2404e+05,142,52002,1.0429e+07,9.8596e+08,0,0,1.0301e+08,1.5471e+07,8401,9.3834e+08,0
4.2278e+07,5.0208e+08,1,8992,7.5918e+05,2.8585e+07,5.6739e+06,1.323e+06,1.1225e+08,3.2375e+07,6.124e+08,1.7768e+08,1.5429e+09,1.6378e+05,52168,0,0,4.2075e+06,0,0,2.8371e+06,0,1.6249e+07,1.1581e+08,5119,8.9649e+05,0,4.9206e+07,1.5762e+07,3.2167e+08,3.6958e+05,1.6389e+09,5.5876e+08,533,16419,0,5.3918e+07,0,5.6978e+07,1.8899e+06,1.673e+08,16,1.3663e+07,757,0,2.7295e+05,1.5681e+09,5.5876e+08,0,0,56723,4.6069e+08,0,0,7972,1.9399e+08,1.1566e+08,0,9.0164e+07,2.8511e+08,1.9168e+05,5.745e+05,17,0,3.4339e+06,0,3.3427e+06,2.6826e+07,0,1.9168e+05,0,6,934,4.6784e+05,4.2191e+07,2.2066e+08,1004,1.6062e+07,7.6634e+05,25,2.6245e+05,1.7021e+09,0,1.859e+08,0,3,5.9402e+07,6.7998e+05,5.3247e+06,1.5411e+06,9.7727e+07,1.0272e+06,1.2885e+05,25,3.2987e+07,1.4937e+08,7.8792e+07,6.8703e+08,231,0,0,0,1.7541e+09,0,0,5958,11,1.1191e+09,8.0806e+05,22,1.3314e+09,7.8499e+06,6.1241e+08,0,0,3.9902e+05,1.6494e+09,1.0568e+07,1.6106e+06,1.7064e+07,3.0258e+05,0,2.8604e+08,8.5806e+06,0,2.9659e+05,2.5437e+08,5.2152e+07,1.2382e+05,138,46203,1.3101e+07,1.3544e+09,0,0,8.1099e+07,1.5218e+07,8272,1.0272e+09,0
6.6532e+07,4.9358e+08,16,8994,8.7628e+05,2.8549e+07,4.6539e+06,1.3746e+06,1.1226e+08,4.4129e+07,6.9085e+08,1.6096e+08,1.6201e+09,1.7016e+05,55017,0,0,3.8743e+06,0,0,2.4632e+06,0,2.5073e+07,1.6959e+08,4212,2.8258e+05,0,4.9209e+07,1.5763e+07,9.9956e+07,3.0065e+05,1.5108e+09,5.1243e+08,223,15984,0,4.3181e+06,0,4.7076e+07,2.4134e+06,3.5685e+08,9,50089,559,0,2.5796e+05,5.7256e+08,5.1243e+08,0,0,55353,4.5969e+08,0,0,7773,4.3974e+08,2.1675e+08,0,7.5284e+07,2.4836e+08,2.5156e+05,4.322e+05,6847,0,3.2203e+06,0,2.9037e+06,2.7923e+07,0,2.5156e+05,0,3,839,7.214e+05,3.7493e+07,2.6441e+08,1004,1.5448e+07,7.6639e+05,28,2.3775e+05,1.7021e+09,0,1.2021e+08,0,7,5.6834e+07,6.7868e+05,3.3971e+06,1.2843e+06,4.7176e+07,1.0794e+06,13573,11,1.0726e+08,1.7669e+08,7.9045e+07,2.2533e+09,27,0,0,0,8.3551e+08,0,0,6505,2997,1.7118e+09,8.5109e+05,2,1.6068e+09,1.6934e+07,6.9085e+08,0,0,3.9766e+05,1.3409e+09,1.255e+07,2.7458e+05,1.695e+07,4.0611e+05,0,2.8604e+08,8.6039e+06,0,2.8296e+05,2.5192e+08,4.3807e+07,1.0322e+05,64,48531,1.0998e+07,1.1999e+09,0,0,2.0112e+07,4.7779e+07,8040,6.1916e+08,0
5.048e+07,5.6522e+08,9,2.0843e+06,5.5776e+05,2.0343e+07,6.5701e+06,9.858e+05,1.1177e+08,3.3557e+07,7.9552e+08,1.849e+08,1.5557e+09,52195,46883,0,0,1.8944e+06,0,0,3.6391e+06,0,1.7058e+07,1.2243e+08,6776,52340,0,4.8994e+07,1.5694e+07,1.1268e+08,3.7146e+05,1.4295e+09,6.3336e+08,84034,7.2879e+07,0,8.0853e+07,0,3.6696e+07,4.1139e+06,3.1585e+08,7,38789,406,0,2.8497e+05,6.4763e+08,6.3336e+08,0,0,3.4077e+05,1.2411e+09,0,0,1.7911e+07,5.1956e+08,7.4693e+08,0,6.0304e+07,3.64e+08,7606,3.6576e+05,95225,0,5.1966e+06,0,4.2834e+06,3.2686e+07,0,7604,0,1,1247,5.24e+08,3.7335e+07,2.6425e+08,1005,2.0753e+07,4.6782e+05,67,2.7312e+05,1.6959e+09,0,9.0404e+07,0,146,5.7788e+07,5.2789e+05,2.4933e+06,1.8024e+06,2.3699e+07,9.0944e+05,15928,7,1.1518e+08,3.5038e+08,7.3386e+07,2.8432e+09,26,0,0,0,9.7966e+08,0,0,8049,1513,1.3538e+09,55229,1,1.6035e+09,2.9011e+05,7.9552e+08,0,0,2.117e+07,1.6588e+09,1.2051e+05,1.6399e+08,2.1711e+07,4.9774e+05,0,2.8605e+08,1.293e+07,0,1.9755e+05,2.4999e+08,42370,18,3616,38824,1233,1.2842e+09,0,0,1.3983e+07,5.1026e+07,3.7256e+07,1.1548e+05,1
6.139e+07,8.4357e+08,7,2.5163e+06,2.8474e+05,8.5483e+06,6.2603e+06,1.0008e+06,1.1174e+08,3.6146e+07,6.1704e+08,5.0889e+07,2.1947e+09,54607,54034,0,0,1.6579e+06,0,0,2.5792e+06,0,1.6731e+07,1.1936e+08,5532,69936,0,4.898e+07,1.5689e+07,1.3495e+08,3.9711e+05,2.1143e+09,6.3942e+08,99293,7.6373e+07,0,1.0359e+08,0,5735,3.1281e+06,2.2739e+08,4,41137,32,0,25411,7.7201e+08,6.3943e+08,0,0,7.5614e+05,1.3935e+09,0,0,1.8833e+07,7.6612e+08,5.7546e+08,0,1.9089e+07,1.8238e+08,797,3.7813e+05,78101,0,5.7476e+06,0,2.8873e+06,7.489e+07,0,797,0,0,2.5913e+05,3.5461e+08,3.5119e+07,2.6464e+08,1010,3.1753e+07,18,24,75170,1.6961e+09,0,9.0172e+07,0,28,5.862e+07,2.4384e+05,2.2034e+06,1.7259e+06,2.4272e+07,2.6442e+05,15241,1,1.1536e+08,5.9399e+08,5.9434e+07,4.2064e+09,29,0,0,0,1.1113e+09,0,0,5994,4.4979e+05,1.4165e+09,50142,1,1.5936e+09,2.6158e+05,6.1703e+08,0,0,2.2113e+07,1.7716e+09,48720,1.555e+08,4.6736e+07,5.1335e+05,0,2.8606e+08,3.7717e+07,0,1.99e+05,1.786e+08,34371,58,1758,48042,451,1.3601e+09,0,0,2.0366e+07,5.0889e+07,3.9103e+07,7.1216e+06,1
5.0237e+06,9.5874e+08,3,2.4501e+06,3.1856e+05,8.737e+06,6.5349e+06,1.1381e+05,3.4646e+07,8.6597e+06,6.4917e+08,6.2109e+07,2.0014e+09,1.0813e+05,2.8413e+05,0,0,1.9158e+06,0,0,2.248e+06,0,1.6027e+07,1.1484e+08,55663,64312,0,1.5187e+07,4.8647e+06,5.2769e+08,3.2891e+05,2.1948e+09,5.7463e+08,1.0055e+05,7.6801e+07,0,1.1886e+08,0,6901,3.3331e+06,2.5768e+06,4,36584,26,0,29720,2.5805e+09,5.7463e+08,0,0,8.9572e+05,1.0419e+09,0,0,1.8887e+07,7.9846e+08,6.0998e+08,0,1.9919e+07,1.0058e+08,89645,3.8016e+05,65751,0,4.1779e+06,0,2.4944e+06,8.8267e+07,0,89645,0,0,4.1929e+05,4.7019e+08,2.8602e+05,2.643e+08,1004,3.7251e+07,22,28,91742,2.0417e+09,0,8.7187e+07,0,0,5.8996e+07,2.4833e+05,2.2264e+06,1.6301e+06,2.4329e+07,622,15452,1,9.7228e+07,6.2054e+08,1.0707e+07,4.39e+09,315,0,0,0,2.8214e+09,0,0,17160,3.9757e+05,1.322e+09,68373,22,4.5367e+08,4.5199e+05,6.4916e+08,0,0,2.2292e+07,1.5286e+09,8.4109e+06,1.6227e+08,5.3435e+07,5.2035e+05,0,2.8209e+08,4.3763e+07,0,12254,1.8191e+08,2.9562e+05,2080,1793,2.6698e+05,71531,1.1301e+09,0,0,4.8792e+07,4.3053e+07,3.9295e+07,84928,1
3.7235e+06,9.8883e+08,2,2.4099e+06,2.7019e+05,9.8591e+06,9.2736e+06,1.0467e+05,459,9.5271e+06,8.3665e+08,2.3869e+08,1.8349e+09,71917,7.8521e+05,0,0,2.0192e+06,0,0,1.7955e+06,0,1.7051e+07,1.2264e+08,4.8018e+05,64013,0,201,64,6.9108e+08,11524,2.0713e+09,5.6081e+08,46609,6.6419e+07,0,1.0025e+08,0,13464,4.2075e+06,2.6418e+06,4,1.2344e+05,33,0,22030,3.2917e+09,5.6081e+08,0,0,7.3144e+05,9.5856e+08,0,0,1.6321e+07,7.5371e+08,7.8308e+08,0,1.775e+07,7.5278e+07,2.4921e+05,6.1459e+05,73836,0,3.9557e+06,0,1.9545e+06,8.7411e+07,0,2.4921e+05,0,0,3.752e+05,3.5818e+08,1.6236e+07,9.696e+07,1004,2.6685e+07,56,5,3.5257e+05,2.1946e+09,0,9.424e+07,0,26,5.9828e+07,2.9105e+05,4.6347e+06,2.2828e+06,9.8017e+07,13814,13113,1,3.1824e+07,5.8754e+08,1.1692e+07,4.1291e+09,726,0,0,0,3.454e+09,0,0,35164,4.4763e+05,1.3129e+09,47691,31,4.249e+08,2.1975e+05,8.3663e+08,0,0,1.9296e+07,6.2883e+08,1.0744e+07,1.0138e+07,5.5069e+07,4.0599e+05,0,2.3769e+08,3.0132e+07,0,10815,1.9932e+08,1.0755e+07,63905,1438,7.5013e+05,2.6915e+06,8.0247e+08,0,0,8.4575e+07,1.4864e+07,3.4008e+07,3.0378e+06,1
3.6292e+06,8.2498e+08,2,9017,2.4466e+05,9.4608e+06,9.2867e+06,1.5857e+05,412,1.3895e+07,1.0001e+09,2.5809e+08,1.3291e+09,1.1706e+05,8.0962e+05,0,0,2.0288e+06,0,0,2.1966e+06,0,1.3558e+07,5.7161e+07,4.774e+05,6.8683e+05,0,181,58,5.5707e+08,11557,2.1948e+09,5.6594e+08,520,16556,0,2.9261e+07,0,1.3273e+05,5.0248e+06,2.5147e+06,3,1.3115e+07,31,0,1.3379e+05,2.6534e+09,5.6595e+08,0,0,7.1493e+05,8.896e+08,0,0,7857,5.4981e+08,9.4035e+08,0,1.6302e+07,9.1315e+07,2.6681e+05,5.6248e+05,2569,0,3.6713e+06,0,2.3906e+06,7.352e+07,0,2.6681e+05,0,2,4.466e+05,3.881e+06,5.9317e+07,2.1251e+08,1005,3.4011e+07,5.0604e+05,6,3.8122e+05,2.1947e+09,0,1.1842e+08,0,10,5.8922e+07,2.725e+05,5.2809e+06,2.2861e+06,9.5958e+07,43966,66998,25,3.2894e+07,5.2956e+08,4.907e+07,2.8222e+09,751,0,0,0,2.7842e+09,0,0,33768,2.8972e+05,1.8955e+09,48536,41,4.2537e+08,2.2344e+05,1.0001e+09,0,0,4.0153e+05,6.2528e+08,1.4434e+07,2.2339e+05,4.4199e+07,2.9425e+05,0,2.3765e+08,3.5222e+07,0,16134,1.932e+08,6.0371e+07,96605,119,7.7586e+05,1.5163e+07,8.0672e+08,0,0,8.4988e+07,1.5225e+07,8275,5.7235e+08,0
3.6526e+06,4.9487e+08,0,8994,7.6328e+05,1.4221e+07,9.32e+06,1.607e+05,782,1.2596e+07,1.0001e+09,2.6068e+08,1.529e+09,1.2176e+05,8.1586e+05,0,0,3.7104e+06,0,0,2.5424e+06,0,1.2196e+07,7.6521e+07,4.7988e+05,9.0445e+05,0,342,110,6.3623e+08,11595,1.5409e+09,7.0023e+08,1.3105e+05,15977,0,16045,0,1.7233e+07,3.652e+06,2.3834e+06,13,1.6774e+07,801,0,4.1642e+05,3.0305e+09,7.0023e+08,0,0,53267,3.4364e+08,0,0,7737,1.9213e+08,5.5433e+08,0,3.8788e+07,2.4983e+08,1.8168e+05,5.6683e+05,25,0,2.2492e+06,0,3.066e+06,2.6286e+07,0,1.8168e+05,0,2,82845,6.9129e+05,5.9192e+07,2.6446e+08,1004,2.5134e+07,7.7085e+05,6,3.8504e+05,2.1953e+09,0,1.7449e+08,0,6,5.7105e+07,4.0615e+05,5.2713e+06,2.2944e+06,9.669e+07,1007,2.0098e+05,20,3.5439e+07,4.213e+08,4.502e+07,6.9374e+08,802,0,0,0,3.1797e+09,0,0,36724,2690,1.9952e+09,3.9347e+05,24,4.2654e+08,6.5851e+06,1.0001e+09,0,0,4.0231e+05,6.2921e+08,4.2679e+06,2.5901e+05,1.6321e+07,3.0161e+05,0,2.3886e+08,1.3247e+07,0,16327,1.9602e+08,4.8504e+07,89571,18,7.7917e+05,1.2181e+07,7.5944e+08,0,0,7.9761e+07,1.6556e+07,7974,7.0002e+08,0
3.6303e+06,5.1889e+08,5,8994,6.6947e+05,2.9432e+07,8.6588e+06,1.7754e+05,1.0437e+08,1.4255e+07,1.0001e+09,2.6078e+08,1.7161e+09,756,7.1599e+05,0,0,3.8722e+06,0,0,2.8617e+06,0,1.6441e+07,9.4847e+07,3.025e+05,7.7199e+05,0,4.5752e+07,1.4655e+07,8.7329e+08,1.4814e+05,1.2463e+09,7.3449e+08,63545,16114,0,2.8146e+07,0,5.5185e+07,2.3699e+06,2.6584e+06,8,2.2865e+07,803,0,4.1519e+05,4.1597e+09,7.345e+08,0,0,48375,5.1858e+08,0,0,7786,1.2353e+08,1.5797e+08,0,8.8139e+07,2.8607e+08,1.5314e+05,5.4369e+05,267,0,3.653e+06,0,3.3692e+06,3.2182e+07,0,1.5314e+05,0,3,1647,7.5689e+05,5.9445e+07,2.6419e+08,1004,2.4914e+07,7.6884e+05,7,3.8522e+05,1.7363e+09,0,2.2958e+08,0,8,5.7109e+07,7.3455e+05,5.0134e+06,2.1314e+06,9.2576e+07,5.1668e+05,1.909e+05,15,3.2591e+07,1.6723e+08,7.0934e+07,4.1641e+08,776,0,0,0,4.3647e+09,0,0,30805,5.3973e+05,1.9952e+09,6.1426e+05,10,4.2652e+08,1.2166e+07,1.0001e+09,0,0,4.0222e+05,1.0506e+09,19,1.6469e+06,1.7802e+07,2.8917e+05,0,2.6035e+08,1.3069e+07,0,17911,2.6836e+08,4.8123e+07,54778,30,6.8522e+05,1.2087e+07,7.9859e+08,0,0,8.4202e+07,1.5239e+07,8035,8.6325e+08,0
4.1008e+07,4.5965e+08,4,8995,1.0369e+06,2.8623e+07,7.104e+06,1.3282e+06,1.1222e+08,5.292e+07,1.0001e+09,2.6077e+08,1.3357e+09,144,45628,0,0,3.3222e+06,0,0,3.1955e+06,0,1.9864e+07,1.4128e+08,5581,8.694e+05,0,4.9192e+07,1.5757e+07,5.5177e+08,3.9736e+05,1.5756e+09,6.7196e+08,1.028e+05,16142,0,7.8918e+07,0,5.0615e+07,2.5958e+06,8.73e+07,5,1.2944e+07,199,0,4.1475e+05,2.6884e+09,6.7196e+08,0,0,60081,6.1044e+08,0,0,7797,1.9643e+08,1.5749e+08,0,7.9859e+07,3.199e+08,2.6611e+05,5.9184e+05,656,0,3.8835e+06,0,3.7627e+06,2.6252e+07,0,2.6611e+05,0,5,1079,8.1403e+05,2.8854e+07,2.6378e+08,1004,2.5068e+07,7.691e+05,36,3.8519e+05,1.696e+09,0,2.0204e+08,0,10,5.7172e+07,6.9478e+05,5.2719e+06,1.7482e+06,1.0096e+08,5.8988e+05,1.3557e+05,18,3.2183e+07,1.6897e+08,5.648e+07,7.043e+08,510,0,0,0,3.0028e+09,0,0,5303,4.066e+05,1.9952e+09,5.5944e+05,0,1.3349e+09,1.0394e+07,1.0001e+09,0,0,4.0238e+05,1.7729e+09,94137,3.1228e+05,1.5176e+07,3.0754e+05,0,2.8524e+08,1.3933e+07,0,2.5475e+05,2.5703e+08,4.8584e+07,53018,2,40326,1.2204e+07,1.0565e+09,0,0,5.8052e+07,1.4976e+07,8104,7.8134e+08,0
4.9367e+07,5.0484e+08,12,8995,1.1582e+06,2.8641e+07,6.3874e+06,1.3522e+06,1.1255e+08,5.1362e+07,1.0001e+09,8.8089e+07,1.4605e+09,231,53459,0,0,2.3028e+06,0,0,3.3234e+06,0,2.5311e+07,1.7133e+08,5605,4.7636e+05,0,4.9339e+07,1.5804e+07,1.5854e+08,3.9738e+05,1.2455e+09,7.8101e+08,43662,16439,0,1.5057e+08,0,4.965e+07,2.5743e+06,1.8637e+08,0,47222,3,0,3.6287e+05,9.0816e+08,7.8101e+08,0,0,63582,1.1016e+09,0,0,7859,2.5428e+08,1.5798e+08,0,8.1014e+07,3.3263e+08,2.6521e+05,3.763e+05,6510,0,6.052e+06,0,3.9129e+06,2.6031e+07,0,2.6521e+05,0,10,1149,7.0297e+05,1.6267e+07,2.645e+08,778,2.1704e+07,5.6299e+05,21,1.3012e+05,1.7e+09,0,1.1843e+08,0,4,4.3829e+07,6.8214e+05,3.1758e+06,1.7211e+06,3.8496e+07,1.0344e+06,14059,24,1.0803e+08,1.8346e+08,4.5251e+07,1.161e+09,29,0,0,0,1.3251e+09,0,0,5066,3.7302e+05,1.9952e+09,6.0339e+05,0,1.2213e+09,1.2151e+07,1.0001e+09,0,0,4.0213e+05,1.773e+09,8.2248e+06,1.1193e+06,1.6845e+07,3.9606e+05,0,2.511e+08,1.0943e+07,0,2.7143e+05,2.5051e+08,3.7342e+05,44,54,48400,72958,1.1518e+09,0,0,2.0055e+07,4.7959e+07,8311,3.5679e+08,0
5.2129e+07,5.3738e+08,2,2.3654e+06,1.158e+06,1.9019e+07,6.4762e+06,1.4395e+06,1.1255e+08,5.3098e+07,1.0001e+09,1.8053e+08,1.7323e+09,46341,51293,0,0,1.961e+06,0,0,3.1968e+06,0,2.6227e+07,1.6959e+08,5637,53441,0,4.9338e+07,1.5804e+07,1.5916e+08,3.9629e+05,1.2431e+09,7.6426e+08,44,7.2977e+07,0,2.1942e+08,0,4.6075e+07,4.4907e+06,1.2138e+08,0,47847,7,0,3.2094e+05,9.1173e+08,7.6426e+08,0,0,64146,1.5404e+09,0,0,1.7923e+07,4.4984e+08,7.2357e+08,0,7.4228e+07,3.1967e+08,2.6621e+05,2.513e+05,64328,0,6.3546e+06,0,3.764e+06,3.6708e+07,0,2.6621e+05,0,15,4356,4.1616e+08,5.953e+07,9.673e+07,775,2.2159e+07,4.575e+05,23,2.6667e+05,1.7e+09,0,1.15e+08,0,0,4.5745e+07,4.6605e+05,2.578e+06,1.7783e+06,1.8628e+07,9.1141e+05,16382,20,1.1484e+08,1.6673e+08,6.6493e+06,2.4586e+09,26,0,0,0,1.3307e+09,0,0,5289,2.5808e+05,1.9952e+09,50353,0,1.2206e+09,3.1575e+05,1.0001e+09,0,0,2.1207e+07,1.7677e+09,1.4129e+07,2.2095e+08,2.0954e+07,3.2693e+05,0,2.1203e+08,1.345e+07,0,2.8571e+05,2.2833e+08,4.596e+05,371,1111,46005,78220,1.3948e+09,0,0,1.5422e+07,5.0773e+07,3.7342e+07,80243,1
4.1337e+07,9.7653e+08,6,2.5857e+06,9.0195e+05,8.1215e+06,7.2359e+06,1.1354e+06,1.1207e+08,4.5929e+07,1.0001e+09,1.9391e+08,1.4733e+09,1.2127e+05,49119,0,0,1.8225e+06,0,0,2.7575e+06,0,2.6171e+07,1.6954e+08,5655,50122,0,4.9128e+07,1.5736e+07,1.5896e+08,3.9412e+05,1.3068e+09,7.5363e+08,625,7.6887e+07,0,1.5019e+08,0,7.0597e+05,5.024e+06,1.3722e+08,1,48533,10,0,25529,9.1056e+08,7.5363e+08,0,0,7.0614e+05,1.5165e+09,0,0,1.8942e+07,4.7547e+08,9.4037e+08,0,1.9196e+07,2.0775e+08,98823,3.9021e+05,50112,0,6.2559e+06,0,3.1125e+06,8.6447e+07,0,98823,0,13,2.348e+05,7.5646e+08,5.8796e+07,7.2423e+07,626,3.3523e+07,0,27,2.8643e+05,1.6939e+09,0,1.1486e+08,0,19,3.7565e+07,2.3568e+05,2.6433e+06,1.9824e+06,2.3934e+07,5.8379e+05,24147,22,1.133e+08,6.1491e+08,2.9726e+07,2.6015e+09,32,0,0,0,1.3288e+09,0,0,5480,700,1.9952e+09,56689,2,8.4706e+08,3.157e+05,1.0001e+09,0,0,2.2283e+07,1.7576e+09,1.122e+07,1.5949e+08,5.4418e+07,6.5018e+05,0,1.6468e+08,4.0566e+07,0,2.1716e+05,1.7424e+08,3.6234e+05,783,1669,43628,82718,1.2309e+09,0,0,1.9074e+07,5.0263e+07,3.9408e+07,2.0153e+06,1
4.3044e+06,9.5651e+08,5,2.8843e+06,4.2596e+05,9.7679e+06,5.7318e+06,1.6862e+05,3.4633e+07,1.4966e+07,1.0001e+09,2.1872e+08,1.7281e+09,56871,48971,0,0,2.525e+06,0,0,1.8794e+06,0,2.5164e+07,1.6946e+08,52720,51955,0,1.5182e+07,4.8629e+06,7.2242e+08,3.5191e+05,1.2741e+09,6.4216e+08,88,7.743e+07,0,91423,0,7013,5.0225e+06,3.2375e+06,0,49595,9,0,24357,3.5068e+09,6.4216e+08,0,0,1.1211e+06,1.3609e+09,0,0,1.9035e+07,4.6269e+08,9.4032e+08,0,1.9237e+07,9.9305e+07,1.2782e+05,5.6402e+05,1.0206e+05,0,5.612e+06,0,2.1235e+06,8.92e+07,0,1.2783e+05,0,9,4.118e+05,7.4271e+08,5.868e+07,2.6412e+08,664,3.0121e+07,14,38,3.2306e+05,2.0408e+09,0,1.1489e+08,0,21,3.9446e+07,2.8875e+05,2.4619e+06,1.5237e+06,6.1006e+07,9.5285e+05,29686,21,9.8877e+07,6.2575e+08,5.2068e+07,2.5311e+09,169,0,0,0,3.7895e+09,0,0,8023,3484,1.9952e+09,63850,2,2.819e+08,3.7725e+05,1.0001e+09,0,0,2.246e+07,1.6283e+09,5.3701e+06,1.9058e+08,5.3563e+07,7.0325e+05,0,1.9059e+08,3.3306e+07,0,17051,1.9839e+08,5.9182e+05,36,1452,40970,1.2583e+05,1.3329e+09,0,0,4.5145e+07,4.3889e+07,3.9631e+07,50265,1
4.8707e+06,9.7845e+08,1,1.6246e+06,4.1327e+05,8.8829e+06,5.8392e+06,1.6372e+05,543,1.2983e+07,1.0001e+09,1.7173e+08,1.285e+09,1.5195e+05,2.7385e+05,0,0,2.1328e+06,0,0,2.2144e+06,0,2.4948e+07,1.6945e+08,4.7234e+05,58366,0,238,76,9.397e+08,11650,1.7295e+09,7.3138e+08,80111,6.5367e+07,0,1.0146e+05,0,3898,5.0261e+06,3.3609e+06,0,49481,30,0,21679,4.4759e+09,7.3138e+08,0,0,1.003e+06,1.4833e+09,0,0,1.6053e+07,6.2948e+08,9.4032e+08,0,1.3266e+07,1.2382e+08,1.9634e+05,7.7118e+05,4475,0,6.1191e+06,0,2.4816e+06,8.667e+07,0,1.9634e+05,0,11,5.6167e+05,6.493e+08,2.9726e+07,2.6362e+08,820,2.7413e+07,5.7434e+05,23,2.5365e+05,2.1947e+09,0,1.149e+08,0,31,4.9675e+07,2.6112e+05,4.496e+06,1.4355e+06,1.3162e+08,8.871e+05,20719,28,3.0492e+07,4.614e+08,4.9424e+07,3.4453e+09,376,0,0,0,4.6963e+09,0,0,15913,743,1.9952e+09,52069,0,3.4801e+08,2.7716e+05,1.0001e+09,0,0,1.8992e+07,6.2287e+08,72386,1.4035e+08,5.4563e+07,3.8886e+05,0,1.4803e+08,3.0797e+07,0,17016,1.8379e+08,42560,1715,1602,2.5794e+05,2.729e+06,1.1751e+09,0,0,1.2384e+08,1.4012e+07,3.3501e+07,1.1952e+05,1
5.3198e+06,7.9804e+08,2,9010,4.116e+05,9.4535e+06,5.4188e+06,1.5995e+05,475,1.3628e+07,1.0002e+09,1.8062e+08,1.6296e+09,65448,7.2528e+05,0,0,3.4401e+06,0,0,3.1022e+06,0,1.8461e+07,8.6796e+07,4.7852e+05,55130,0,208,67,9.3981e+08,11674,1.7114e+09,6.184e+08,99549,16716,0,1.1273e+05,0,2.1074e+07,5.0302e+06,3.3609e+06,0,1.7907e+07,0,0,37772,4.4765e+09,6.184e+08,0,0,1.0142e+06,1.3998e+09,0,0,8105,6.2251e+08,9.4105e+08,0,1.5839e+07,2.2892e+08,2.0056e+05,7.7172e+05,6478,0,5.7763e+06,0,3.5848e+06,6.4263e+07,0,2.0056e+05,0,10,3.7282e+05,8.7083e+05,1.5033e+07,2.6362e+08,603,3.2002e+07,7.3231e+05,5,2.6678e+05,2.1945e+09,0,1.7754e+08,0,5,3.6595e+07,2.7992e+05,5.2861e+06,1.3329e+06,1.3171e+08,9.1476e+05,98551,29,3.086e+07,5.0764e+08,7.1476e+07,3.4087e+09,550,0,0,0,4.6969e+09,0,0,31963,4.7316e+05,1.9954e+09,53331,0,2.5627e+08,3.0711e+05,1.0002e+09,0,0,4.0156e+05,6.2746e+08,97341,2.2322e+05,3.99e+07,3.876e+05,0,1.7495e+08,3.6415e+07,0,16517,1.9387e+08,1.0899e+07,38596,21,6.9337e+05,1.3871e+07,1.0077e+09,0,0,1.0622e+08,1.4302e+07,8446,1.902e+05,0
3.8777e+06,4.8759e+08,0,8996,1.114e+06,1.5342e+07,8.4082e+06,2.1208e+05,325,1.4446e+07,1.0001e+09,6.259e+07,1.5866e+09,207,5.0373e+05,0,0,5.8126e+06,0,0,4.471e+06,0,1.2548e+07,7.2595e+07,4.7823e+05,3.5879e+05,0,143,45,9.3911e+08,11688,1.424e+09,6.7416e+08,1.0361e+05,17507,0,1.2322e+05,0,7.7733e+07,3.6168e+06,3.5355e+06,1,1.7387e+07,0,0,2.4041e+05,4.4731e+09,6.7416e+08,0,0,3.3318e+05,4.8793e+08,0,0,8102,3.709e+08,5.5401e+08,0,2.6101e+07,4.3539e+08,1.7489e+05,7.7154e+05,90967,0,3.5713e+06,0,5.2423e+06,2.9805e+07,0,1.7489e+05,0,5,1472,9.1033e+05,5.7742e+07,2.6373e+08,734,1.4146e+07,6.1823e+05,6,92459,2.195e+09,0,1.8571e+08,0,6,4.3936e+07,4.2164e+05,5.3983e+06,2.0687e+06,1.3168e+08,1.3259e+05,2.4169e+05,20,3.3521e+07,8.1278e+08,7.04e+07,1.9139e+09,726,0,0,0,4.6934e+09,0,0,24971,3.4823e+05,1.9952e+09,4.3525e+05,0,3.1988e+08,8.172e+06,1.0001e+09,0,0,3.9012e+05,6.2653e+08,1.4923e+07,2.3566e+05,1.6563e+07,3.8715e+05,0,1.596e+08,7.5421e+06,0,21839,2.135e+08,5.5221e+07,84155,37,4.7878e+05,1.2522e+07,7.8244e+08,0,0,8.2373e+07,1.5498e+07,8454,7.4309e+08,0
3.8913e+06,4.6642e+08,0,8995,1.5421e+06,2.8453e+07,6.7198e+06,1.5428e+05,1.0403e+08,1.3032e+07,1.0001e+09,1.6499e+07,1.4894e+09,597,6.3834e+05,0,0,5.956e+06,0,0,4.3491e+06,0,1.1062e+07,6.6998e+07,3.1413e+05,7.7052e+05,0,4.5601e+07,1.4607e+07,9.3905e+08,1.4216e+05,1.2583e+09,7.1451e+08,45920,22159,0,1.3487e+05,0,7.7242e+07,2.2932e+06,3.3444e+06,0,1.5397e+07,4,0,2.5925e+05,4.4728e+09,7.1451e+08,0,0,64696,5.0459e+08,0,0,8692,1.2455e+08,1.5839e+08,0,5.1576e+07,4.294e+08,88758,7.7198e+05,87251,0,4.051e+06,0,5.1098e+06,2.6856e+07,0,88758,0,3,1480,9.4683e+05,5.8132e+07,2.6369e+08,621,1.5857e+07,6.1649e+05,0,24375,1.7379e+09,0,1.6166e+08,0,3,3.7288e+07,6.681e+05,5.6465e+06,1.6528e+06,1.3175e+08,68,2.3732e+05,32,3.0379e+07,6.5939e+08,6.719e+07,4.1785e+08,525,0,0,0,4.693e+09,0,0,30469,5.3038e+05,1.9953e+09,6.4948e+05,0,2.7165e+08,1.0729e+07,1.0001e+09,0,0,3.3664e+05,1.0341e+09,2.3637e+07,2.2776e+05,1.5382e+07,3.8812e+05,0,1.3956e+08,8.9438e+06,0,15393,2.5432e+08,4.9857e+07,72094,16,6.0789e+05,1.3439e+07,9.7152e+08,0,0,1.0249e+08,1.4065e+07,9340,8.8282e+08,0
2.1407e+07,5.6757e+08,1,8997,1.5409e+06,3.0129e+07,5.4131e+06,1.4494e+06,1.1244e+08,5.2478e+07,1.0001e+09,1.9526e+08,1.5085e+09,47263,59146,0,0,5.6968e+06,0,0,4.4519e+06,0,1.0656e+07,5.6414e+07,5685,8.4674e+05,0,4.9289e+07,1.5788e+07,5.5e+08,3.9608e+05,1.552e+09,7.0945e+08,1.6197e+05,20842,0,7.3191e+07,0,7.7706e+07,2.093e+06,1.4319e+08,0,1.489e+07,7,0,2.986e+05,2.6795e+09,7.0945e+08,0,0,69491,3.9536e+08,0,0,8437,1.9805e+08,1.5884e+08,0,1.261e+08,4.351e+08,1395,7.7152e+05,80426,0,3.0038e+06,0,5.2221e+06,2.8936e+07,0,1395,0,0,1533,9.7786e+05,5.8004e+07,9.6272e+07,515,1.8493e+07,4.8081e+05,57,2.8843e+05,1.7005e+09,0,1.3494e+08,0,0,2.9066e+07,7.6426e+05,5.2302e+06,1.331e+06,1.3166e+08,33,3.8413e+05,6,3.3593e+07,2.5298e+08,6.7858e+06,7.164e+08,275,0,0,0,2.9918e+09,0,0,6924,2.2829e+05,1.9952e+09,8.4385e+05,14,6.8908e+08,1.3857e+07,1.0001e+09,0,0,3.2514e+05,1.7683e+09,2.3705e+07,1.8691e+06,1.6721e+07,3.8836e+05,0,2.1202e+08,1.0341e+07,0,2.8699e+05,2.8343e+08,5.3495e+07,54605,25,52248,1.172e+07,1.1772e+09,0,0,1.2373e+08,1.5743e+07,10377,8.7322e+08,0
4.017e+07,4.5361e+08,6,9006,1.5418e+06,2.9068e+07,5.0006e+06,1.4507e+06,1.1222e+08,5.3139e+07,1.0001e+09,1.971e+08,1.503e+09,1.6265e+05,54852,0,0,4.1597e+06,0,0,4.4682e+06,0,1.8082e+07,1.4328e+08,5701,1.0096e+06,0,4.9193e+07,1.5757e+07,1.5901e+08,3.9699e+05,1.6686e+09,6.7309e+08,1.2077e+05,18897,0,1.1423e+08,0,3.8413e+07,2.3339e+06,2.7245e+08,0,1.5143e+05,9,0,2.3798e+05,9.1078e+08,6.7309e+08,0,0,63898,3.6613e+08,0,0,7646,2.2154e+08,1.5857e+08,0,1.2641e+08,4.3501e+08,910,5.5838e+05,47502,0,2.723e+06,0,5.2378e+06,2.5783e+07,0,910,0,0,1554,1.0037e+06,2.7413e+07,1.895e+08,687,1.3554e+07,2.8116e+05,29,2.9114e+05,1.6973e+09,0,1.175e+08,0,0,3.9087e+07,6.998e+05,3.9563e+06,1.3751e+06,6.4514e+07,41,29045,2,1.1303e+08,2.5138e+08,4.812e+07,7.8847e+08,115,0,0,0,1.3291e+09,0,0,6093,6.2774e+05,1.9953e+09,3.117e+05,0,1.0739e+09,4.6144e+06,1.0001e+09,0,0,3.0587e+05,1.7714e+09,2.3633e+07,2.9279e+05,1.5322e+07,4.9319e+05,0,1.6068e+08,6.9892e+06,0,2.9165e+05,2.6213e+08,4.6658e+07,7,21,48764,2.2744e+06,1.2293e+09,0,0,8.9672e+07,4.9829e+07,8710,7.8462e+08,0
4.1231e+07,4.274e+08,6,2.087e+06,1.542e+06,1.8577e+07,5.038e+06,1.3228e+06,1.1211e+08,5.1431e+07,1.0001e+09,1.7785e+08,1.6025e+09,1.6156e+05,46584,0,0,2.6974e+06,0,0,4.4635e+06,0,1.5013e+07,1.0596e+08,5716,5.5032e+05,0,4.9143e+07,1.5741e+07,1.5946e+08,3.9701e+05,1.6044e+09,8.6396e+08,95540,4.6171e+07,0,9.8643e+07,0,78,4.515e+06,2.7294e+08,0,72651,9,0,2.4106e+05,9.1337e+08,8.6396e+08,0,0,63940,1.2337e+09,0,0,1.2336e+07,3.6424e+08,7.3031e+08,0,1.2416e+08,4.3458e+08,1.1762e+05,3.769e+05,774,0,5.5016e+06,0,5.2323e+06,2.9906e+07,0,1.1762e+05,0,0,1578,5.0127e+08,1.509e+07,1.7565e+08,567,1.4427e+07,5417,30,2.6271e+05,1.6957e+09,0,8.024e+07,0,19,3.3059e+07,4.4432e+05,2.9703e+06,1.4001e+06,2.427e+07,5.795e+05,18816,3,1.1437e+08,2.5402e+08,5.8001e+07,1.7427e+09,19,0,0,0,1.3331e+09,0,0,6551,6.3134e+05,1.9952e+09,50787,5,9.4145e+08,2.6259e+05,1.0001e+09,0,0,1.2532e+07,1.7715e+09,2.6123e+06,2.6643e+08,1.7295e+07,5.1083e+05,0,2.1425e+08,7.3914e+06,0,2.6225e+05,2.2116e+08,9159,1539,1212,40035,1.7109e+07,1.563e+09,0,0,2.2423e+07,5.0714e+07,2.3506e+07,3.0592e+06,1
2.1411e+07,6.0175e+08,13,2.526e+06,1.0459e+06,1.0378e+07,6.0605e+06,1.2482e+06,1.1199e+08,4.6578e+07,1.0001e+09,1.7761e+08,1.4613e+09,51618,40758,0,0,3.0578e+06,0,0,3.404e+06,0,1.4893e+07,1.0421e+08,5726,51560,0,4.9092e+07,1.5725e+07,1.5932e+08,3.9731e+05,1.4549e+09,7.6109e+08,77110,4.4731e+07,0,1.1138e+08,0,1605,5.3922e+06,2.7391e+08,0,32738,62,0,3.0319e+05,9.1257e+08,7.611e+08,0,0,5.0508e+05,1.1995e+09,0,0,1.1309e+07,5.3001e+08,9.3757e+08,0,7.3691e+07,2.56e+08,1.729e+05,3.7892e+05,10045,0,4.948e+06,0,3.8454e+06,5.3088e+07,0,1.7289e+05,0,0,3.3033e+05,4.4954e+08,5.9024e+07,1.7079e+08,696,2.081e+07,1.934e+05,31,2.6235e+05,1.6942e+09,0,7.9304e+07,0,0,4.1516e+07,3.0632e+05,3.438e+06,1.6719e+06,2.4334e+07,1.0858e+06,29216,2,1.1669e+08,5.3962e+08,4.9134e+07,2.9016e+09,33,0,0,0,1.3318e+09,0,0,5371,4.0357e+05,1.9952e+09,49022,1,5.7114e+08,2.3565e+05,1.0001e+09,0,0,1.2757e+07,1.7725e+09,87886,1.9959e+08,3.3183e+07,5.162e+05,0,1.8428e+08,1.2253e+07,0,2.4672e+05,2.1029e+08,12383,56019,1784,35387,1.6304e+07,1.2481e+09,0,0,1.4684e+07,5.1539e+07,2.2996e+07,1.9455e+05,1
4.8226e+06,7.1917e+08,13,2.4836e+06,3.463e+05,8.7131e+06,5.3929e+06,1.1685e+05,3.4494e+07,1.0015e+07,1.0001e+09,1.8308e+08,1.6653e+09,80517,49646,0,0,2.4657e+06,0,0,2.4991e+06,0,1.6856e+07,1.1979e+08,54251,54296,0,1.5121e+07,4.8434e+06,7.2603e+08,3.5136e+05,1.4521e+09,7.5594e+08,143,5.0004e+07,0,7.1461e+07,0,2.1142e+07,5.3914e+06,8.6288e+07,0,34263,0,0,22048,3.5235e+09,7.5595e+08,0,0,1.0083e+06,1.105e+09,0,0,1.2247e+07,5.2786e+08,9.3717e+08,0,2.5345e+07,1.2406e+08,1.9587e+05,3.8164e+05,78600,0,4.5589e+06,0,2.7694e+06,6.6401e+07,0,1.9588e+05,0,0,5.6274e+05,3.3821e+08,5.2308e+07,1.9795e+08,601,2.602e+07,6.5017e+05,18,2.7044e+05,2.0422e+09,0,9.0518e+07,0,23,3.5874e+07,2.5529e+05,4.0291e+06,1.4722e+06,2.4413e+07,1.1233e+06,23828,2,1.0161e+08,8.1338e+08,5.6492e+07,2.8876e+09,23,0,0,0,3.8056e+09,0,0,3159,4.3975e+05,1.4917e+09,51393,3,2.6232e+08,2.5864e+05,1.0001e+09,0,0,1.4608e+07,1.6273e+09,1.347e+07,1.8657e+08,3.9301e+07,5.2341e+05,0,2.1773e+08,2.9517e+07,0,11792,1.7858e+08,9659,1.0191e+05,1512,46473,1.5036e+07,1.3013e+09,0,0,2.1388e+07,4.5319e+07,2.5654e+07,5.9713e+06,1
3.7095e+06,7.9732e+08,12,2.3651e+06,3.7379e+05,8.8304e+06,6.0087e+06,92619,597,8.0922e+06,1.0001e+09,6.4045e+07,1.2769e+09,743,3.3484e+05,0,0,2.3348e+06,0,0,1.956e+06,0,1.9399e+07,1.3984e+08,4.6938e+05,58473,0,262,84,9.393e+08,11731,1.7093e+09,6.0037e+08,77733,5.2549e+07,0,6.113e+07,0,7.8176e+07,5.3883e+06,2.8185e+06,0,1.212e+05,659,0,26170,4.4741e+09,6.0038e+08,0,0,1.0092e+06,1.3388e+09,0,0,1.4882e+07,6.2138e+08,9.371e+08,0,2.378e+07,1.2415e+08,1.7238e+05,6.5322e+05,77763,0,5.523e+06,0,2.2428e+06,7.0458e+07,0,1.7238e+05,0,0,5.6321e+05,4.6864e+08,3.9269e+07,1.5363e+08,860,2.993e+07,5.3959e+05,16,94610,2.1947e+09,0,1.08e+08,0,20,5.1106e+07,2.4843e+05,5.392e+06,1.5319e+06,1.1133e+08,9.7834e+05,24197,4,3.1522e+07,8.1389e+08,7.4815e+07,3.3987e+09,173,0,0,0,4.6943e+09,0,0,13865,27,1.1832e+09,50797,0,3.6452e+08,2.5034e+05,1.0001e+09,0,0,1.3468e+07,6.2057e+08,1.5943e+07,1.2926e+08,4.3696e+07,3.7618e+05,0,1.6441e+08,3.438e+07,0,9967,1.8645e+08,9.0677e+06,1.006e+05,1845,3.21e+05,3.4702e+06,1.0595e+09,0,0,3.1227e+07,1.4718e+07,2.6844e+07,1.4065e+05,1
3.9819e+06,5.8155e+08,0,8888,3.7625e+05,9.5073e+06,6.1918e+06,94073,559,7.9822e+06,1.0001e+09,7.7032e+05,1.5448e+09,1.1201e+05,8.5369e+05,0,0,2.308e+06,0,0,2.4126e+06,0,1.3932e+07,6.8384e+07,4.7434e+05,53442,0,245,79,8.9738e+08,11738,1.427e+09,5.8218e+08,1.054e+05,1.1596e+07,0,3.4758e+07,0,7.7107e+07,5.389e+06,3.1291e+06,0,1.3494e+07,854,0,24893,4.2744e+09,5.8218e+08,0,0,9.8997e+05,1.1718e+09,0,0,3.3314e+06,5.1811e+08,9.3696e+08,0,2.3155e+07,1.2374e+08,1.2934e+05,7.6912e+05,1.0935e+05,0,4.8345e+06,0,2.6922e+06,5.1047e+07,0,1.2934e+05,0,0,5.6057e+05,2.0331e+06,2.2273e+05,6.9179e+07,838,3.0249e+07,6.6529e+05,1,1138,2.1947e+09,0,1.4023e+08,0,4,4.9648e+07,2.7895e+05,5.6428e+06,1.523e+06,1.3125e+08,1.4856e+05,1.0428e+05,2,3.6323e+07,7.8911e+08,1.3332e+07,2.8355e+09,504,0,0,0,4.4849e+09,0,0,34657,1128,1.1466e+09,53803,1,3.6407e+08,3.1868e+05,1.0001e+09,0,0,3.2399e+06,6.2523e+08,1.2463e+07,2.5611e+05,2.9815e+07,3.8774e+05,0,1.026e+08,3.4803e+07,0,9395,1.9588e+08,6.8158e+07,89481,201,8.1905e+05,3564,1.0162e+09,0,0,1.0623e+08,1.69e+07,6.1879e+06,1.6465e+06,0
5.5221e+06,2.9828e+08,1,9008,8.3226e+05,1.5032e+07,5.9076e+06,1.1623e+05,503,1.0929e+07,1.0001e+09,1.456e+06,1.6305e+09,1.4335e+05,9.238e+05,0,0,3.4104e+06,0,0,3.6773e+06,0,1.0725e+07,7.1601e+07,4.7591e+05,47548,0,220,70,7.5448e+08,11791,1.2561e+09,5.9276e+08,92394,2.2742e+05,0,6.2842e+07,0,7.677e+07,3.9774e+06,2.5265e+06,1,1.4675e+07,471,0,21858,3.5937e+09,5.9276e+08,0,0,3.4658e+05,1.0471e+09,0,0,61535,4.5766e+08,5.5145e+08,0,2.571e+07,3.8085e+08,93,7.7076e+05,58236,0,4.3253e+06,0,4.4263e+06,1.7939e+07,0,93,0,0,91581,2.085e+06,1.5792e+05,1.0334e+06,939,2.8715e+07,6.7072e+05,3,2151,2.1954e+09,0,1.6337e+08,0,4,5.7921e+07,4.3445e+05,5.6421e+06,1.4532e+06,1.3152e+08,180,3.0023e+05,3,3.2156e+07,8.1336e+08,4.5472e+06,2.5044e+09,576,0,0,0,3.7708e+09,0,0,36873,333,1.5163e+09,4.6692e+05,22,3.9775e+08,7.9449e+06,1.0001e+09,0,0,3.3506e+05,6.2449e+08,2.0865e+07,6.7808e+05,1.028e+07,3.8787e+05,0,1.3587e+08,3.4086e+07,0,11651,2.0475e+08,6.4887e+07,24,81,8.8697e+05,3.9898e+06,9.2989e+08,0,0,9.808e+07,1.4925e+07,1.1284e+05,7.1518e+08,0
6.4777e+06,2.599e+08,0,8997,1.1579e+06,2.9291e+07,8.4906e+06,1.2754e+05,1.0394e+08,1.2683e+07,1.0001e+09,5.8529e+07,1.5581e+09,1.4337e+05,7.7597e+05,0,0,3.8145e+06,0,0,3.4691e+06,0,1.5111e+07,8.0701e+07,3.1922e+05,5.3846e+05,0,4.5561e+07,1.4594e+07,6.9557e+08,1.3767e+05,1.4854e+09,6.6556e+08,58244,14628,0,6.7154e+07,0,3.9548e+07,2.5172e+06,2.7257e+06,0,2.0917e+07,23,0,2.2619e+05,3.3131e+09,6.6556e+08,0,0,64468,4.7591e+08,0,0,6004,3.3656e+08,1.5902e+08,0,5.1456e+07,3.5493e+08,1329,7.7073e+05,97,0,3.3273e+06,0,4.0986e+06,1.5761e+07,0,1329,0,0,1318,7.8268e+05,7.8553e+06,1.8552e+08,1004,1.7922e+07,7.6351e+05,1,86456,1.7381e+09,0,2.1588e+08,0,8,6.1637e+07,7.1474e+05,5.6416e+06,2.0892e+06,1.3153e+08,147,2.2893e+05,2,3.515e+07,6.5768e+08,5.9591e+07,1.6909e+09,726,2,0,0,3.4761e+09,0,0,34154,4.3707e+05,1.5907e+09,7.7484e+05,25,4.2541e+08,1.3632e+07,1.0001e+09,0,0,2.9775e+05,1.0194e+09,8.3788e+06,1.9344e+06,8.6156e+06,3.8777e+05,0,1.4902e+08,1.1557e+07,0,12720,2.6178e+08,5.9862e+07,21,218,7.4186e+05,1.9012e+07,8.5112e+08,0,0,8.9789e+07,1.6489e+07,4441,7.6954e+08,0
3.8272e+07,2.5786e+08,2,8997,1.1576e+06,3.2639e+07,8.3759e+06,8.5213e+05,1.1241e+08,3.515e+07,1.0001e+09,1.6242e+08,1.6282e+09,1.6218e+05,5.431e+05,0,0,3.5032e+06,0,0,3.2837e+06,0,1.8308e+07,1.1896e+08,5750,8.9331e+05,0,4.9277e+07,1.5784e+07,3.5662e+08,3.9603e+05,1.5994e+09,6.3046e+08,663,15869,0,6.4292e+07,0,5485,2.3986e+06,9.7416e+07,0,1.6646e+07,33,0,2.9386e+05,1.743e+09,6.3046e+08,0,0,64543,4.319e+08,0,0,6383,1.9764e+08,1.5932e+08,0,1.2472e+08,3.3407e+08,1.2819e+05,7.7134e+05,7144,0,2.7887e+06,0,3.8756e+06,1.6243e+07,0,1.2819e+05,0,0,4255,6.0903e+05,3.7528e+07,1.7226e+08,916,1.6855e+07,4.6264e+05,13,2.399e+05,1.6991e+09,0,1.9006e+08,0,7,5.1868e+07,1.5215e+06,5.644e+06,2.0616e+06,1.3162e+08,125,1.7714e+05,2,3.4854e+07,2.5176e+08,5.7504e+07,7.1125e+08,728,0,0,0,1.9629e+09,0,0,26581,3.742e+05,1.2869e+09,8.533e+05,19,1.1946e+09,1.1098e+07,1.0001e+09,0,0,2.3145e+05,1.7681e+09,1.3224e+07,8.3234e+05,8.9349e+06,3.8832e+05,0,2.2359e+08,9.6932e+06,0,1.6372e+05,2.2391e+08,1.3792e+07,908,152,5.1654e+05,1.8401e+07,7.9852e+08,0,0,8.4239e+07,1.6104e+07,5574,9.3367e+08,0
4.048e+07,2.8102e+08,1,8997,7.4824e+05,3.2335e+07,8.0101e+06,9.7722e+05,1.1252e+08,3.4429e+07,1.0001e+09,1.6748e+08,1.7556e+09,53337,47324,0,0,1.9086e+06,0,0,3.2095e+06,0,2.4987e+07,1.8343e+08,5756,8.8507e+05,0,4.9324e+07,1.58e+07,1.143e+08,3.9656e+05,1.7399e+09,5.6015e+08,718,2.2971e+05,0,1.0899e+08,0,8147,2.3937e+06,1.8686e+08,19,43274,42,0,2.5273e+05,6.5229e+08,5.6015e+08,0,0,48978,4.9062e+08,0,0,62591,2.2183e+08,1.596e+08,0,1.2396e+08,3.3384e+08,1.8354e+05,5.5607e+05,77102,0,3.4318e+06,0,3.8006e+06,1.4997e+07,0,1.8354e+05,0,0,1206,5.9189e+05,4.3465e+07,1.9245e+08,763,1.4743e+07,4.7597e+05,34,2.474e+05,1.6994e+09,0,1.3596e+08,0,3,4.2231e+07,1.4917e+06,4.1805e+06,1.971e+06,6.4317e+07,125,52059,2,1.1076e+08,2.4969e+08,5.1413e+07,8.003e+08,679,0,0,0,9.2111e+08,0,0,7883,3.948e+05,1.3556e+09,3.3243e+05,0,1.2033e+09,5.6448e+06,1.0001e+09,0,0,3.3852e+05,1.7702e+09,1.8966e+07,2.9129e+05,9.3506e+06,4.9038e+05,0,2.6041e+08,7.8471e+06,0,1.9091e+05,2.17e+08,1.588e+07,24,148,39429,1.2746e+07,9.2093e+08,0,0,9.6458e+07,4.9087e+07,1.1446e+05,7.997e+08,0
4.5217e+07,4.5636e+08,7,2.1007e+06,6.9656e+05,1.2628e+07,6.0268e+06,1.2925e+06,9.879e+07,3.8253e+07,1.0001e+09,1.4078e+08,1.7908e+09,0,50627,0,0,2.4653e+06,0,0,2.7745e+06,0,2.579e+07,1.8356e+08,5766,9.4918e+05,0,4.3305e+07,1.3871e+07,1.0335e+08,3.9612e+05,1.6632e+09,6.1632e+08,70795,2.2112e+05,0,6.5099e+07,0,11022,4.5877e+06,1.4187e+08,13,43882,168,0,2.857e+05,5.9588e+08,6.1632e+08,0,0,50401,5.1759e+08,0,0,60771,1.6227e+08,7.4276e+08,0,1.2391e+08,2.8029e+08,2.1935e+05,3.7783e+05,78002,0,3.5015e+06,0,3.2713e+06,3.1044e+07,0,2.1935e+05,0,0,1033,3.1571e+08,3.5409e+07,2.4509e+08,819,1.634e+07,7.7098e+05,36,2.0795e+05,1.4941e+09,0,1.3624e+08,0,0,4.6513e+07,4.3494e+05,2.4952e+06,1.6272e+06,2.4253e+07,5.8778e+05,20059,2,1.1918e+08,2.5267e+08,4.8255e+07,5.4642e+08,336,0,0,0,9.3465e+08,0,0,7090,3.7222e+05,1.4557e+09,53141,9,1.2961e+09,3.2532e+05,1.0001e+09,0,0,3.406e+05,1.7686e+09,1.3751e+07,2.257e+08,1.7718e+07,5.1811e+05,0,2.8515e+08,8.8021e+06,0,2.6939e+05,1.91e+08,7.5684e+07,2795,937,43556,1.3712e+05,1.1779e+09,0,0,7.4217e+07,5.2433e+07,1.1221e+05,1.855e+05,0
3.2043e+07,7.4113e+08,6,2.538e+06,5.2088e+05,9.3403e+06,6.3435e+06,8.6939e+05,1.1243e+08,3.2826e+07,9.9994e+08,1.5686e+08,1.7509e+09,0,52963,0,0,1.9199e+06,0,0,2.9376e+06,0,2.4308e+07,1.7497e+08,5776,1.6283e+05,0,4.9285e+07,1.5787e+07,1.1558e+08,3.9486e+05,1.5958e+09,8.1747e+08,1.0056e+05,6.5342e+07,0,1.0051e+08,0,14740,5.1343e+06,1.982e+08,3,43453,814,0,3.0583e+05,6.6034e+08,8.1747e+08,0,0,3.6165e+05,1.0354e+09,0,0,1.6351e+07,5.1241e+08,9.3824e+08,0,7.448e+07,2.0963e+08,2.3896e+05,3.7944e+05,88253,0,4.3745e+06,0,3.293e+06,6.6933e+07,0,2.3896e+05,0,0,3.0428e+05,3.3572e+08,3.0789e+07,2.3102e+08,683,1.7897e+07,7.7075e+05,29,2.317e+05,1.7015e+09,0,1.3352e+08,0,27,3.8938e+07,2.6511e+05,2.3069e+06,1.7486e+06,2.4333e+07,9.0698e+05,14237,3,1.1851e+08,5.2235e+08,4.9983e+07,2.6794e+09,28,0,0,0,9.371e+08,0,0,6822,2145,1.213e+09,51817,1,1.0026e+09,2.7326e+05,9.9994e+08,0,0,1.8655e+07,1.7638e+09,9.5863e+06,1.6575e+08,4.166e+07,5.2005e+05,0,2.4294e+08,9.9695e+06,0,1.6475e+05,1.9221e+08,7.3274e+07,48623,1347,46130,2745,1.203e+09,0,0,1.9007e+07,5.2168e+07,3.322e+07,1.6988e+05,1
1.2285e+07,6.6485e+08,13,2.4575e+06,5.0065e+05,8.8582e+06,6.104e+06,2.8721e+05,3.4398e+07,1.3921e+07,1.0001e+09,1.5785e+08,2.1947e+09,0,49873,0,0,2.1875e+06,0,0,2.1306e+06,0,2.1507e+07,1.5541e+08,58148,50576,0,1.5078e+07,4.8299e+06,3.7355e+08,3.5092e+05,1.483e+09,7.8481e+08,1.1852e+05,5.0909e+07,0,4.1231e+07,0,2.0784e+07,5.0288e+06,1.6792e+08,1,39268,901,0,2.9122e+05,1.8532e+09,7.8481e+08,0,0,1.0089e+06,9.6117e+08,0,0,1.366e+07,5.4019e+08,9.3984e+08,0,2.5677e+07,1.0078e+08,17639,3.7734e+05,67894,0,3.9656e+06,0,2.3744e+06,5.8943e+07,0,17638,0,0,4.2041e+05,4.1899e+08,2.1843e+05,5.5741e+07,791,1.9247e+07,7.7014e+05,38,2.3317e+05,1.6175e+09,0,1.1711e+08,0,27,4.7717e+07,2.4318e+05,2.581e+06,1.6729e+06,2.4289e+07,9.3404e+05,26236,2,1.0575e+08,8.1293e+08,1.3313e+07,2.9569e+09,35,0,0,0,2.0791e+09,0,0,7094,65,1.4977e+09,47255,24,3.3507e+08,2.3051e+05,1.0001e+09,0,0,1.3804e+07,1.6292e+09,7538,2.1665e+08,3.5246e+07,5.1314e+05,0,2.7115e+08,1.195e+07,0,39019,1.8275e+08,5.0732e+07,98442,1347,42801,5718,1.1309e+09,0,0,1.3652e+07,4.6687e+07,2.6148e+07,1.7401e+05,1
4.0716e+06,7.3642e+08,11,2.3651e+06,3.1052e+05,8.1e+06,5.4895e+06,1.0436e+05,2.4692e+05,7.4967e+06,1.0001e+09,5.3782e+07,2.1945e+09,0,47974,0,0,2.1988e+06,0,0,1.649e+06,0,2.505e+07,1.7139e+08,5.6814e+05,54651,0,1.0824e+05,34670,6.0126e+08,11787,1.6206e+09,8.3796e+08,51294,4.1586e+07,0,6.709e+07,0,7.6813e+07,5.0388e+06,4.1692e+06,1,45460,847,0,22162,2.8643e+09,8.3796e+08,0,0,9.9458e+05,1.1156e+09,0,0,1.0579e+07,5.9024e+08,9.3959e+08,0,2.4209e+07,8.6813e+07,1386,6.5188e+05,13575,0,4.6034e+06,0,1.8787e+06,6.3865e+07,0,1386,0,0,3.346e+05,5.8391e+07,1.4624e+05,1.2897e+08,779,2.7729e+07,7.7095e+05,38,79443,1.346e+09,0,1.1784e+08,0,29,4.5937e+07,2.1924e+05,4.1665e+06,1.5074e+06,1.1033e+08,1.1268e+06,24726,2,3.3806e+07,8.1253e+08,6.1957e+07,3.2312e+09,224,0,0,0,3.0065e+09,0,0,7743,3962,1.0833e+09,66001,30,3.3046e+08,4.4196e+05,1.0001e+09,0,0,1.1814e+07,7.0638e+08,946,7.2448e+07,3.8724e+07,4.2246e+05,0,2.4162e+08,3.2733e+07,0,11809,1.7309e+08,6.3747e+05,1.2371e+05,756,40232,5377,1.0892e+09,0,0,5.6538e+07,1.5763e+07,2.1388e+07,6.4278e+06,1
4.8445e+06,5.5032e+08,3,8978,2.5264e+05,9.5485e+06,5.7465e+06,1.4823e+05,4.6318e+07,1.2475e+07,1.0001e+09,1.5913e+06,2.1947e+09,0,3.2011e+05,0,0,2.3192e+06,0,0,1.7857e+06,0,1.6254e+07,7.772e+07,5.7102e+05,46171,0,2.0304e+07,6.5039e+06,8.1034e+08,11789,1.281e+09,6.519e+08,475,5.4905e+07,0,7.4033e+07,0,7.7526e+07,5.0493e+06,2.8027e+06,3,1.5044e+07,702,0,26432,3.8599e+09,6.519e+08,0,0,7.0247e+05,1.6251e+09,0,0,1.3519e+07,4.6672e+08,9.3946e+08,0,2.6496e+07,6.6471e+07,0,7.7126e+05,165,0,6.7035e+06,0,1.8834e+06,4.7608e+07,0,0,0,0,4.0625e+05,7.1885e+05,0,1.766e+08,686,3.3357e+07,4.6651e+05,11,2351,1.6202e+09,0,1.5086e+08,0,0,4.081e+07,2.7829e+05,3.3751e+06,1.41e+06,1.3161e+08,1.5133e+05,99400,2,3.362e+07,8.1227e+08,7.8631e+07,2.5542e+09,730,0,0,0,4.0502e+09,0,0,14831,104,1.7188e+09,63002,12,2.9094e+08,3.7101e+05,1.0001e+09,0,0,1.5931e+07,7.0745e+08,61715,3.4452e+05,2.7981e+07,3.9222e+05,0,1.4966e+08,3.8185e+07,0,15979,1.9502e+08,1.4791e+05,95567,133,3.0529e+05,3.4664e+06,8.2112e+08,0,0,8.6641e+07,1.5507e+07,2.8147e+07,5.2958e+06,1
3.9899e+06,2.8489e+08,3,9017,4.2671e+05,1.6185e+07,6.9155e+06,1.2113e+05,7.4608e+07,9.964e+06,1.0001e+09,1.073e+08,2.1947e+09,0,7.3711e+05,0,0,3.7801e+06,0,0,2.8617e+06,0,1.0991e+07,7.2004e+07,5.6987e+05,52848,0,3.2705e+07,1.0476e+07,9.3918e+08,11792,1.525e+09,6.0307e+08,344,2.4472e+05,0,5.2119e+07,0,7.7018e+07,3.9129e+06,2.8771e+06,5,1.5398e+07,607,0,29720,4.4734e+09,6.0308e+08,0,0,4.7614e+05,1.7703e+09,0,0,66556,5.5556e+08,5.5284e+08,0,2.4004e+07,2.7055e+08,0,7.7153e+05,14375,0,7.3031e+06,0,3.4223e+06,1.8929e+07,0,0,0,1,1.1549e+05,5.2104e+05,0,2.0569e+08,633,2.2884e+07,4.6315e+05,0,1.585e+05,1.5204e+09,0,1.6549e+08,0,0,3.7699e+07,6.1994e+05,3.2995e+06,1.7007e+06,1.3166e+08,217,3.5243e+05,9,3.0566e+07,8.1277e+08,7.8742e+07,3.0402e+09,805,0,0,0,4.6937e+09,0,0,35896,3.2041e+05,1.3983e+09,9.2787e+05,0,2.6847e+08,1.4718e+07,1.0001e+09,0,0,3.4427e+05,7.0742e+08,3458,3.6796e+05,9.4618e+06,3.9117e+05,0,2.0566e+08,2.4722e+07,0,12382,2.064e+08,1.7686e+05,10,71,7.0126e+05,1.4269e+07,7.9069e+08,0,0,8.2595e+07,1.4044e+07,1.241e+05,8.6279e+08,0
3.8111e+06,2.9042e+08,0,8997,7.5481e+05,3.143e+07,5.9003e+06,92802,7.6319e+07,7.3538e+06,1.0002e+09,1.9387e+08,1.3375e+09,0,8.4508e+05,0,0,4.3811e+06,0,0,4.8378e+06,0,1.19e+07,7.45e+07,85238,4.3996e+05,0,3.3455e+07,1.0716e+07,8.3109e+08,3.1642e+05,1.3853e+09,6.4852e+08,112,1.8407e+05,0,2.6919e+07,0,3.6488e+07,2.6835e+06,2.4887e+06,7,1.6772e+07,365,0,2.5958e+05,3.9586e+09,6.4852e+08,0,0,51805,7.1734e+08,0,0,2117,3.2461e+08,1.5901e+08,0,4.9432e+07,4.3363e+08,0,7.6867e+05,80765,0,5.1106e+06,0,5.6041e+06,1.655e+07,0,0,0,7,1617,3.596e+06,0,1.9614e+08,681,1.5551e+07,7.1836e+05,1,2.8636e+05,1.2181e+09,0,1.7623e+08,0,0,4.0483e+07,1.4414e+06,3.8051e+06,1.4522e+06,1.3117e+08,190,1.7737e+05,12,3.327e+07,6.6026e+08,7.9172e+07,1.6422e+09,752,0,0,0,4.1537e+09,0,0,36787,4.1329e+05,1.1095e+09,1.0985e+06,10,2.8875e+08,2.3284e+07,1.0002e+09,0,0,2.983e+05,1.5889e+09,0,3.874e+05,9.7606e+06,3.8625e+05,0,1.7464e+08,8.5123e+06,0,9535,2.0287e+08,64536,163,43,8.0833e+05,1.2043e+07,8.1938e+08,0,0,8.6354e+07,1.5425e+07,92242,1.1037e+09,0
3.7163e+07,2.9493e+08,0,8459,6.3577e+05,3.2247e+07,6.7308e+06,1.1636e+05,6.2974e+07,7.704e+06,1.0001e+09,1.9057e+08,2.0034e+09,0,6.747e+05,0,0,3.5654e+06,0,0,3.9569e+06,0,1.2902e+07,5.4387e+07,5792,1.0055e+06,0,2.7605e+07,8.8426e+06,6.2757e+08,3.9577e+05,1.8312e+09,7.2651e+08,0,5244,0,7.0484e+07,0,17136,2.2501e+06,3.1153e+06,2,1.8403e+07,28,0,2.9203e+05,2.9894e+09,7.2652e+08,0,0,48066,6.5922e+08,0,0,2276,2.2221e+08,1.5967e+08,0,1.2343e+08,3.6971e+08,0,7.6787e+05,85005,0,5.2343e+06,0,4.6117e+06,1.7431e+07,0,0,0,14,1391,6.1368e+05,0,2.0335e+08,865,1.7595e+07,6.0577e+05,1,2.815e+05,1.1293e+09,0,1.3927e+08,0,0,4.8648e+07,1.4887e+06,2.9655e+06,1.6557e+06,1.3103e+08,257,2.4988e+05,21,2.9843e+07,2.5509e+08,7.9166e+07,7.9369e+08,550,0,0,0,3.1371e+09,0,0,31952,5.3473e+05,1.0961e+09,1.0905e+06,48,1.1774e+09,2.3364e+07,1.0001e+09,0,0,2.6383e+05,1.7671e+09,0,4.1517e+05,1.014e+07,3.8814e+05,0,2.0928e+08,9.8208e+06,0,12866,2.1229e+08,91244,54,62,6.4279e+05,1.3032e+07,1.0099e+09,0,0,1.0656e+08,1.3844e+07,2.1808e+07,1.1759e+09,0
4.4829e+07,3.602e+08,0,6543,6.9927e+05,3.0921e+07,8.9403e+06,1.1042e+06,8.0837e+07,4.0067e+07,1.0001e+09,1.7179e+08,2.1947e+09,0,8.3919e+05,0,0,4.5534e+06,0,0,3.6046e+06,0,1.9092e+07,1.4695e+08,5795,1.1592e+06,0,3.5435e+07,1.1351e+07,3.5037e+08,3.9647e+05,2.1947e+09,8.9594e+08,0,4.2784e+07,0,1.0524e+08,0,20075,2.3866e+06,1.0949e+08,3,1.4593e+05,36,0,3.5271e+05,1.7048e+09,8.9594e+08,0,0,50560,6.1884e+08,0,0,50880,2.5277e+08,1.5956e+08,0,1.2316e+08,3.6914e+08,0,5.5649e+05,80117,0,4.968e+06,0,4.2578e+06,1.9571e+07,0,0,0,9,1389,3.1032e+06,0,9.1727e+07,929,2.1212e+07,7.7107e+05,0,2.5374e+05,1.1546e+09,0,1.1546e+08,0,0,4.807e+07,1.3991e+06,2.7976e+06,2.2005e+06,6.415e+07,254,19449,21,1.131e+08,2.5442e+08,7.9188e+07,9.0835e+08,553,0,0,0,1.8978e+09,0,0,35743,3.1051e+05,1.5138e+09,1.1292e+06,20,1.4582e+09,2.3277e+07,1.0001e+09,0,0,3.308e+05,1.7698e+09,0,4.1687e+05,1.2191e+07,4.9478e+05,0,2.1076e+08,1.1899e+07,0,2.2836e+05,2.1014e+08,1.381e+07,1736,270,8.0348e+05,1.1349e+07,9.8145e+08,0,0,1.0348e+08,4.975e+07,2.2039e+07,1.7551e+08,1
5.1849e+07,4.1952e+08,3,1.4765e+06,7.6707e+05,1.0898e+07,7.2712e+06,1.461e+06,8.4986e+07,5.1993e+07,9.6009e+08,1.8394e+08,2.1289e+09,0,67266,0,0,2.035e+06,0,0,4.5055e+06,0,1.7893e+07,1.2815e+08,5801,7.5648e+05,0,3.7254e+07,1.1933e+07,1.2246e+08,3.9606e+05,1.62e+09,6.1339e+08,0,4.2809e+07,0,9.0129e+07,0,23892,4.5601e+06,1.9547e+08,3,34482,35,0,3.6181e+05,6.9776e+08,6.1339e+08,0,0,53389,7.6081e+08,0,0,3007,2.2551e+08,7.0946e+08,0,1.24e+08,4.3526e+08,0,3.8152e+05,62385,0,5.3257e+06,0,5.2745e+06,2.5657e+07,0,0,0,2,1655,3.8165e+08,0,3.4759e+05,1004,2.1902e+07,7.7137e+05,16,2.717e+05,9.5377e+08,0,9.7819e+07,0,25,5.4736e+07,3.1093e+05,2.1446e+06,2.0022e+06,2.4432e+07,5.873e+05,14506,33,1.0935e+08,2.5354e+08,1.3225e+07,8.8728e+08,488,0,0,0,9.883e+08,0,0,6422,2724,1.9752e+09,1.8487e+05,0,1.6085e+09,3.1439e+06,9.6009e+08,0,0,3.173e+05,1.7684e+09,0,2.1193e+08,1.587e+07,5.2322e+05,0,2.1941e+08,1.1763e+07,0,2.9308e+05,2.1454e+08,5.6821e+07,50663,1042,60889,84226,1.0398e+09,0,0,5.8096e+07,4.8425e+07,2.4009e+07,79219,1
1.4392e+07,7.4919e+08,10,1.6321e+06,8.3875e+05,8.285e+06,5.5126e+06,1.4837e+06,2.0284e+07,5.1998e+07,9.7111e+08,2.176e+08,1.4768e+09,0,54554,0,0,2.1822e+06,0,0,3.4422e+06,0,1.9544e+07,1.4162e+08,5809,58787,0,8.8914e+06,2.8482e+06,1.1394e+08,3.9607e+05,1.4198e+09,5.6976e+08,0,4.7223e+07,0,1.094e+08,0,21370,5.2948e+06,1.2275e+08,2,37476,257,0,3.1652e+05,6.5413e+08,5.6977e+08,0,0,55295,1.7699e+09,0,0,1.1253e+07,5.1381e+08,9.073e+08,0,7.1996e+07,2.5444e+08,0,3.7988e+05,0,0,7.3012e+06,0,3.8738e+06,6.6387e+07,0,0,0,3,3.3018e+05,3.3344e+08,0,1.3289e+08,1010,1.9135e+07,4.6572e+05,21,3.2142e+05,1.2261e+09,0,1.0851e+08,0,24,5.5963e+07,2.3804e+05,1.9623e+06,1.5276e+06,2.4374e+07,1.0419e+06,13997,24,1.156e+08,5.5222e+08,2.2676e+06,2.8081e+09,25,0,0,0,1.0067e+09,0,0,5284,477,1.9951e+09,63615,4,7.1407e+08,3.8153e+05,9.7111e+08,0,0,1.1795e+07,1.7685e+09,0,2.0587e+08,4.2484e+07,5.2027e+05,0,1.7378e+08,1.0195e+07,0,3.0084e+05,1.7113e+08,4.7955e+07,98444,3465,49255,825,1.3765e+09,0,0,2.0806e+07,5.0956e+07,4.2834e+06,1.0516e+05,1
3.6462e+06,6.6028e+08,14,2.3908e+06,6.4512e+05,8.7703e+06,6.5113e+06,3.4446e+05,4.5592e+07,1.7254e+07,1e+09,8.692e+07,1.6195e+09,0,54075,0,0,2.2756e+06,0,0,2.2784e+06,0,2.0283e+07,1.4618e+08,58714,55590,0,1.9986e+07,6.4019e+06,1.2395e+08,3.4998e+05,1.6041e+09,5.7396e+08,0,7.9399e+06,0,6.7862e+07,0,2.0856e+07,5.0673e+06,2.0925e+08,2,1.1985e+05,589,0,1.9766e+05,7.0485e+08,5.7396e+08,0,0,4.858e+05,1.7708e+09,0,0,1.1248e+07,5.8467e+08,9.3884e+08,0,2.3675e+07,1.2391e+08,0,3.805e+05,0,0,7.3051e+06,0,2.5519e+06,5.8733e+07,0,0,0,3,5.6155e+05,4.2965e+08,0,1.9106e+08,1004,1.273e+07,5.5492e+05,22,1.2839e+05,1.2957e+09,0,1.1275e+08,0,39,6.0631e+07,2.5001e+05,2.7072e+06,1.769e+06,2.4343e+07,1.0248e+06,17503,31,1.0402e+08,8.1296e+08,7.9277e+07,3.1983e+09,26,0,0,0,1.0097e+09,0,0,5348,245,1.9952e+09,63914,2,4.2484e+08,3.8196e+05,1e+09,0,0,1.1832e+07,1.6265e+09,0,1.8324e+08,3.576e+07,5.236e+05,0,1.7687e+08,7.8479e+06,0,47473,1.8083e+08,5.1884e+07,1.0789e+05,1623,48732,1.0888e+05,1.3431e+09,0,0,1.4727e+07,4.6076e+07,3.7502e+07,1.356e+05,0
3.2225e+06,6.8219e+08,8,1.5998e+06,3.3522e+05,9.6162e+06,6.1239e+06,1.7356e+05,9.4789e+07,1.4412e+07,9.901e+08,2.3263e+08,1.6525e+09,0,54605,0,0,2.9268e+06,0,0,1.9622e+06,0,2.5071e+07,1.8305e+08,5.6458e+05,47837,0,4.1551e+07,1.331e+07,4.9403e+08,11811,1.2628e+09,7.368e+08,0,7.3245e+07,0,58630,0,7.7119e+07,5.1959e+06,1.5702e+08,0,1.2663e+05,434,0,18221,2.4177e+09,7.368e+08,0,0,9.3549e+05,1.7531e+09,0,0,1.1608e+07,4.6004e+08,9.2485e+08,0,2.5369e+07,1.2402e+08,0,6.5527e+05,0,0,7.2324e+06,0,2.2425e+06,6.0256e+07,0,0,0,8,5.6219e+05,4.4718e+08,0,2.0955e+08,770,2.3339e+07,5.0724e+05,18,3.4361e+05,1.3393e+09,0,1.4159e+08,0,29,4.5652e+07,2.7831e+05,4.0573e+06,1.6681e+06,1.1161e+08,7.6201e+05,21399,33,3.0432e+07,8.1308e+08,7.8856e+07,2.5183e+09,28,0,0,0,2.6432e+09,0,0,3998,183,1.9952e+09,62756,19,3.2642e+08,3.7382e+05,9.901e+08,0,0,1.3632e+07,7.0643e+08,0,1.3658e+08,3.6998e+07,6.2111e+05,0,1.9671e+08,2.6687e+07,0,17446,1.9841e+08,4.5184e+07,50752,1379,50609,33596,1.4096e+09,0,0,2.1387e+07,1.4068e+07,3.9318e+07,2.0244e+05,1
3.7038e+06,6.9461e+08,10,9016,3.0679e+05,9.1638e+06,7.0947e+06,1.6758e+05,8.2159e+07,1.3677e+07,9.901e+08,2.5981e+08,1.8646e+09,0,59080,0,0,3.1848e+06,0,0,1.9054e+06,0,1.9513e+07,9.672e+07,4.8091e+05,54215,0,3.6015e+07,1.1537e+07,6.3545e+08,11824,1.4477e+09,6.1239e+08,0,7.6813e+07,0,70766,0,6.8506e+07,5.3528e+06,2.4119e+06,5,1.9661e+07,373,0,22374,3.0268e+09,6.1239e+08,0,0,9.0099e+05,1.2853e+09,0,0,2.0829e+06,5.2641e+08,9.2097e+08,0,2.5175e+07,1.243e+08,0,7.7109e+05,0,0,5.3027e+06,0,2.1886e+06,5.7541e+07,0,0,0,13,5.6379e+05,1.2597e+08,0,1.8787e+08,811,2.4624e+07,7.6962e+05,16,3.8376e+05,1.2735e+09,0,1.9333e+08,0,0,4.8881e+07,2.7038e+05,3.2924e+06,1.7449e+06,1.3157e+08,2.8625e+05,1.2539e+05,21,3.3268e+07,8.1267e+08,7.9354e+07,2.8809e+09,270,0,0,0,3.1759e+09,0,0,3235,2287,1.9153e+09,64016,27,3.4376e+08,4.2601e+05,9.901e+08,0,0,2.4334e+06,6.2632e+08,0,4.6035e+05,3.5505e+07,3.9028e+05,0,1.3251e+08,2.6924e+07,0,16840,1.8706e+08,5.1485e+05,63652,698,55849,1.1513e+05,9.4896e+08,0,0,3.7338e+07,1.5594e+07,3.5582e+07,2.1522e+05,1
4.5581e+06,3.6205e+08,1,8997,2.3983e+05,1.4574e+07,6.8545e+06,1.7423e+05,6.8114e+07,1.3573e+07,1.0001e+09,2.5997e+08,1.2836e+09,0,3.8723e+05,0,0,3.7609e+06,0,0,3.6762e+06,0,1.4304e+07,8.7792e+07,4.7991e+05,46463,0,2.9858e+07,9.5644e+06,5.3284e+08,11828,1.214e+09,6.297e+08,0,6.9488e+07,0,80914,0,5.1566e+07,3.8688e+06,2.9266e+06,3,1.9903e+07,729,0,39457,2.5381e+09,6.2971e+08,0,0,6.7898e+05,1.1368e+09,0,0,212,4.4241e+08,5.4821e+08,0,2.5141e+07,3.809e+08,0,7.7153e+05,0,0,4.6983e+06,0,4.4367e+06,2.001e+07,0,0,0,16,90567,7.9968e+05,0,1.8516e+08,772,3.5621e+07,7.6903e+05,10,3.84e+05,1.2772e+09,0,2.0623e+08,0,3,4.5903e+07,3.9952e+05,3.6902e+06,1.6855e+06,1.3165e+08,1176,4.2754e+05,20,3.5264e+07,8.1216e+08,7.9234e+07,2.4209e+09,684,0,0,0,2.6635e+09,0,0,16941,61,1.8156e+09,7.3862e+05,61,3.2791e+08,1.3241e+07,1.0001e+09,0,0,2.413e+05,6.2491e+08,0,3.5878e+05,1.261e+07,3.9163e+05,0,1.7121e+08,4.1258e+07,0,17941,2.012e+08,1.1092e+05,210,26,3.703e+05,3.092e+06,9.0021e+08,0,0,9.3665e+07,1.627e+07,2.5431e+07,1.0357e+09,1
4.2717e+06,4.5633e+08,1,9007,4.3802e+05,2.8634e+07,6.1282e+06,1.6934e+05,6.4894e+07,1.2706e+07,9.901e+08,2.5926e+08,1.3142e+09,0,9.4386e+05,0,0,5.8952e+06,0,0,4.348e+06,0,1.6428e+07,9.6818e+07,2.3399e+05,4.5073e+05,0,2.8447e+07,9.1123e+06,5.6793e+08,2.0065e+05,1.5612e+09,6.9285e+08,0,5.0045e+07,0,85006,0,34214,2.6397e+06,2.0799e+06,3,2.2857e+07,669,0,2.7762e+05,2.7052e+09,6.9285e+08,0,0,4.701e+05,5.0183e+08,0,0,1727,4.0045e+08,1.5812e+08,0,5.111e+07,4.3584e+08,0,7.7182e+05,0,0,3.5135e+06,0,5.119e+06,2.5299e+07,0,0,0,10,1678,8.3173e+05,0,1.6207e+08,740,1.6798e+07,7.6896e+05,1,3.8295e+05,1.1733e+09,0,2.326e+08,0,7,4.4828e+07,6.7242e+05,4.3347e+06,1.5061e+06,1.317e+08,900,4.0697e+05,27,3.38e+07,6.5902e+08,7.8591e+07,2.0658e+09,653,0,0,0,2.8384e+09,0,0,38690,0,1.9951e+09,9.3483e+05,49,3.1335e+08,1.5779e+07,9.901e+08,0,0,2.3278e+05,1.2174e+09,0,4.3317e+05,1.5142e+07,3.8798e+05,0,2.0722e+08,9.4521e+06,0,17312,2.5444e+08,5.1257e+05,4250,42,9.052e+05,1.3899e+07,9.0659e+08,0,0,9.5698e+07,1.5641e+07,1.1804e+07,1.1738e+09,1
3.2358e+07,4.7112e+08,0,8997,7.8377e+05,3.0638e+07,5.7924e+06,1.5005e+05,8.3559e+07,1.2675e+07,1.0001e+09,2.5992e+08,1.347e+09,0,8.9332e+05,0,0,5.9808e+06,0,0,3.6424e+06,0,1.6483e+07,9.703e+07,5820,7.9058e+05,0,3.6629e+07,1.1733e+07,5.5346e+08,3.9669e+05,1.3399e+09,6.6439e+08,0,2.2758e+07,0,92802,0,32541,2.5733e+06,3.396e+06,5,2.2924e+07,417,0,2.3907e+05,2.6364e+09,6.6439e+08,0,0,53557,4.4234e+08,0,0,1473,1.4561e+08,1.598e+08,0,1.242e+08,3.6479e+08,0,7.6892e+05,0,0,3.331e+06,0,4.2879e+06,2.3833e+07,0,0,0,6,1418,8.5291e+05,0,5.1794e+07,779,1.427e+07,4.6371e+05,1,3.8393e+05,1.4343e+09,0,2.3158e+08,0,8,4.6181e+07,8.0105e+05,4.3949e+06,1.4251e+06,1.3121e+08,940,3.071e+05,27,3.0459e+07,2.5378e+08,1.3099e+07,5.1002e+08,525,0,0,0,2.7669e+09,0,0,36502,0,1.8655e+09,7.812e+05,63,1.0101e+09,1.232e+07,1.0001e+09,0,0,2.2273e+05,1.7703e+09,0,7.5139e+05,1.6215e+07,3.8652e+05,0,1.7023e+08,7.8503e+06,0,15162,2.8506e+08,1.7261e+05,55491,39,8.5685e+05,1.3858e+07,9.879e+08,0,0,1.0426e+08,1.413e+07,3.7121e+07,1.1126e+09,0
4.5979e+07,3.4546e+08,2,8998,9.1297e+05,2.804e+07,5.9806e+06,2.5501e+06,3.0731e+07,5.3595e+07,1.0002e+09,8.6536e+07,1.5149e+09,0,9.4276e+05,0,0,6.009e+06,0,0,3.4639e+06,0,2.3059e+07,1.8892e+08,5822,1.0197e+06,0,1.3471e+07,4.3151e+06,4.5405e+08,3.9736e+05,1.843e+09,8.9087e+08,0,7.2496e+07,0,1.2664e+08,0,34374,2.0614e+06,2.2999e+06,4,2.1348e+06,31,0,2.091e+05,2.2066e+09,8.9088e+08,0,0,56105,5.1078e+08,0,0,666,2.1124e+08,1.6029e+08,0,1.1052e+08,3.5473e+08,0,5.3736e+05,0,0,3.3366e+06,0,4.0915e+06,2.1019e+07,0,0,0,4,1383,8.712e+05,0,0,850,1.2952e+07,4.6424e+05,0,1.2782e+05,1.244e+09,0,1.7614e+08,0,9,4.7204e+07,6.5454e+05,2.3672e+06,1.4705e+06,6.2548e+07,992,48327,28,1.091e+08,2.2922e+08,0,7.4825e+08,325,0,0,0,2.4481e+09,0,0,38947,0,1.8244e+09,9.6293e+05,10,1.3499e+09,2.0093e+07,1.0002e+09,0,0,2.6912e+05,1.7728e+09,0,3.0205e+05,1.1675e+07,5.0898e+05,0,2.186e+08,7.219e+06,0,6.1239e+05,2.3944e+08,5.166e+05,1.0019e+05,30,9.0384e+05,1.4171e+07,1.1702e+09,0,0,1.2354e+08,4.8338e+07,3.8872e+07,1.1152e+09,1
4.1582e+07,4.9732e+08,1,2.1029e+06,9.5785e+05,1.9269e+07,7.6186e+06,1.6027e+06,2.0308e+05,4.3919e+07,1.0001e+09,0,1.3337e+09,0,1.8903e+05,0,0,4.7922e+06,0,0,3.6102e+06,0,2.4997e+07,1.8374e+08,5830,8.9484e+05,0,89022,28516,1.2904e+08,3.9712e+05,1.6369e+09,9.6512e+08,0,7.5931e+07,0,1.7803e+08,0,3.5034e+05,4.2772e+06,1.0089e+08,7,43153,32,0,2.7193e+05,7.306e+08,9.6512e+08,0,0,57765,3.6906e+08,0,0,1.8007e+07,2.0274e+08,7.5559e+08,0,8.694e+07,3.7453e+08,0,4.078e+05,0,0,2.9024e+06,0,4.2724e+06,3.483e+07,0,0,0,4,1460,8.9299e+05,0,0,680,1.6983e+07,7.6915e+05,29,0,1.0315e+09,0,1.2954e+08,0,0,4.0036e+07,4.8082e+05,2.0338e+06,2.0578e+06,2.4675e+07,1281,24052,27,1.2938e+08,2.4695e+08,0,7.3607e+08,601,0,0,0,1.0272e+09,0,0,12335,0,1.5983e+09,64373,9,1.0442e+09,3.7732e+05,1.0001e+09,0,0,3.901e+05,1.7719e+09,0,2.1357e+08,1.9804e+07,6.343e+05,0,2.1604e+08,9.7683e+06,0,3.6619e+05,2.296e+08,1.2313e+07,1.0618e+05,18,1.7671e+05,9.3036e+06,9.5623e+08,0,0,1.0088e+08,5.4118e+07,3.877e+07,2.4328e+05,1
4.6216e+07,9.5655e+08,4,2.4433e+06,7.5909e+05,9.5073e+06,7.7146e+06,1.5038e+06,2.1089e+05,5.0391e+07,1.0001e+09,0,1.5529e+09,0,63546,0,0,3.2207e+06,0,0,2.2458e+06,0,2.4857e+07,1.7204e+08,5832,4.0355e+05,0,92446,29612,9.2686e+07,3.9585e+05,1.468e+09,9.9001e+08,0,7.5735e+07,0,1.5146e+08,0,2.5525e+05,5.0262e+06,2.2111e+08,9,43563,33,0,3.4119e+05,5.348e+08,9.9001e+08,0,0,51123,1.0634e+09,0,0,1.8912e+07,3.5585e+08,9.4041e+08,0,1.6298e+07,1.7192e+08,0,3.7962e+05,0,0,4.7245e+06,0,2.5397e+06,8.7784e+07,0,0,0,4,1.9197e+05,6.6171e+08,0,0,757,2.1056e+07,7.6918e+05,6,0,9.8253e+08,0,1.0492e+08,0,349,4.3387e+07,2.7134e+05,1.9996e+06,2.1333e+06,2.4336e+07,3.9992e+05,17119,23,1.2949e+08,5.5354e+08,0,1.72e+09,343,0,0,0,8.4049e+08,0,0,1923,0,1.9433e+09,64088,1,1.1485e+09,3.7847e+05,1.0001e+09,0,0,2.1272e+07,1.7674e+09,0,1.8517e+08,5.298e+07,5.2222e+05,0,1.6941e+08,1.1306e+07,0,3.0874e+05,1.9336e+08,5.5326e+07,1.0035e+05,1570,61623,2493,1.0391e+09,0,0,6.8122e+07,5.4011e+07,3.1868e+07,2.6823e+05,1
4.0138e+06,9.7579e+08,11,2.2067e+06,8.0091e+05,8.5615e+06,8.2179e+06,2.079e+05,5.0114e+07,1.4711e+07,1.0001e+09,0,1.346e+09,0,64337,0,0,3.2587e+06,0,0,1.8417e+06,0,2.4854e+07,1.7036e+08,55237,53043,0,2.1968e+07,7.0369e+06,1.3008e+08,3.4932e+05,1.5535e+09,9.8989e+08,0,6.2282e+07,0,1.1831e+08,0,1.1181e+07,5.0312e+06,2.4844e+08,11,44024,203,0,2.3983e+05,7.4413e+08,9.8989e+08,0,0,53472,1.2711e+09,0,0,1.7053e+07,5.66e+08,9.3943e+08,0,1.83e+07,1.002e+08,0,3.308e+05,0,0,5.2528e+06,0,2.0879e+06,8.6641e+07,0,0,0,9,3.9632e+05,7.7599e+08,0,0,713,1.671e+07,7.6929e+05,0,0,1.2653e+09,0,1.0148e+08,0,37,4.2462e+07,2.3932e+05,2.0285e+06,2.2588e+06,2.2359e+07,7.0198e+05,15112,26,8.0709e+07,6.2426e+08,0,3.0978e+09,31,0,0,0,1.068e+09,0,0,2934,0,1.9952e+09,61264,4,3.0247e+08,3.5345e+05,1.0001e+09,0,0,2.2265e+07,1.6197e+09,0,1.9472e+08,5.3692e+07,4.3383e+05,0,1.7297e+08,1.0827e+07,0,21526,1.7485e+08,5.517e+07,40,1595,64392,5174,1.0202e+09,0,0,1.1126e+07,3.4138e+07,1.1912e+05,2.971e+05,1
3.9241e+06,9.1321e+08,9,2.5083e+06,5.5242e+05,9.5579e+06,8.5803e+06,1.9646e+05,7.2326e+07,1.3256e+07,1.0001e+09,0,1.8174e+09,0,57828,0,0,2.8986e+06,0,0,1.9433e+06,0,2.4888e+07,1.7037e+08,4.7738e+05,54525,0,3.1704e+07,1.0156e+07,5.4058e+08,11834,1.6282e+09,9.8989e+08,0,3815,0,1.0367e+05,0,5.161e+07,5.2212e+06,1.2408e+08,11,44420,970,0,22848,2.6378e+09,9.8989e+08,0,0,3.3381e+05,1.1789e+09,0,0,1.2329e+07,5.9326e+08,9.3664e+08,0,1.5001e+07,7.8198e+07,0,3.9668e+05,0,0,4.8638e+06,0,2.0684e+06,8.6227e+07,0,0,0,8,4.6922e+05,8.0477e+08,0,0,680,2.9774e+07,7.692e+05,13,0,1.5831e+09,0,1.02e+08,0,25,4.1025e+07,2.6979e+05,3.2387e+06,2.1413e+06,5.9371e+07,9.2103e+05,14127,29,3.1866e+07,4.9466e+08,0,3.2464e+09,41,0,0,0,2.8693e+09,0,0,3694,0,1.9952e+09,50516,17,2.8826e+08,2.5257e+05,1.0001e+09,0,0,2.0162e+07,6.2457e+08,0,1.8423e+08,5.0994e+07,3.0036e+05,0,2.2308e+08,3.4975e+07,0,20063,1.9437e+08,5.6414e+07,0,1893,54887,846,9.6267e+08,0,0,1.6762e+07,1.4651e+07,1248,3.1735e+05,0
4.1654e+06,8.3123e+08,8,2.0764e+05,3.176e+05,8.7702e+06,9.3761e+06,1.9047e+05,7.5261e+07,1.4464e+07,1.0001e+09,0,1.801e+09,0,57258,0,0,3.1408e+06,0,0,2.1733e+06,0,1.9451e+07,9.278e+07,4.7734e+05,50425,0,3.2991e+07,1.0568e+07,6.8872e+08,11840,1.4372e+09,9.8989e+08,0,1733,0,1.1021e+05,0,5.8866e+07,5.1688e+06,1.0482e+08,3,1.9596e+07,965,0,23245,3.2805e+09,9.8989e+08,0,0,8.6535e+05,1.0219e+09,0,0,5.6882e+06,5.2377e+08,9.3725e+08,0,2.196e+07,1.0419e+08,0,5.8924e+05,0,0,4.2169e+06,0,2.4289e+06,6.8301e+07,0,0,0,11,4.2826e+05,4.0844e+08,0,0,747,2.9123e+07,4.6292e+05,15,0,1.5536e+09,0,1.8732e+08,0,10,4.4602e+07,2.4434e+05,3.395e+06,2.3077e+06,1.0049e+08,5.9258e+05,66945,28,3.2704e+07,6.7968e+08,0,2.8655e+09,33,0,0,0,3.4421e+09,0,0,14399,0,1.9952e+09,51497,41,3.1723e+08,2.5566e+05,1.0001e+09,0,0,1.4477e+07,6.2316e+08,0,1.5704e+06,4.2455e+07,3.0118e+05,0,1.5987e+08,3.308e+07,0,19556,1.8452e+08,3.7034e+07,0,954,53584,44894,9.8362e+08,0,0,1.0497e+07,1.5128e+07,0,3.3058e+05,0
3.9428e+06,4.469e+08,1,9014,3.1849e+05,1.5712e+07,9.3743e+06,2.1904e+05,6.9002e+07,1.3436e+07,1.0001e+09,0,1.3893e+09,0,3.2401e+05,0,0,3.6298e+06,0,0,2.8263e+06,0,1.6416e+07,9.4947e+07,4.7746e+05,49297,0,3.0247e+07,9.689e+06,6.8544e+08,11853,1.3819e+09,9.8989e+08,0,1441,0,1.1832e+05,0,5.0301e+07,3.7832e+06,2.5977e+06,0,2.2841e+07,1013,0,25872,3.2649e+09,9.8989e+08,0,0,9.6024e+05,1.0168e+09,0,0,1579,5.0343e+08,5.5067e+08,0,1.4081e+07,2.7827e+08,0,5.9975e+05,0,0,4.1958e+06,0,3.3999e+06,2.5012e+07,0,0,0,9,1.0423e+05,9.0507e+05,0,0,568,3.2435e+07,0,9,0,1.5919e+09,0,2.266e+08,0,11,3.3566e+07,4.266e+05,3.9173e+06,2.3074e+06,1.023e+08,1090,2.0455e+05,32,3.2151e+07,4.6893e+08,0,2.7541e+09,421,0,0,0,3.4255e+09,0,0,34055,0,1.9952e+09,4.9685e+05,28,2.3782e+08,8.1636e+06,1.0001e+09,0,0,6.7572e+06,6.2488e+08,0,3.4652e+05,1.4366e+07,3.0257e+05,0,1.1927e+08,3.7591e+07,0,23260,2.1485e+08,1.0226e+05,0,20,3.0962e+05,0,9.5189e+08,0,0,7.6295e+07,1.4832e+07,0,64980,0
6.1904e+06,5.1149e+08,1,8998,2.6843e+05,2.9804e+07,9.379e+06,1.9655e+05,7.9899e+07,1.4405e+07,1.0001e+09,0,1.348e+09,0,8.0527e+05,0,0,5.9027e+06,0,0,2.5169e+06,0,1.6491e+07,9.5985e+07,3.1592e+05,52112,0,3.5024e+07,1.1219e+07,7.1554e+08,1.3922e+05,1.5184e+09,9.899e+08,0,2.3713e+05,0,6.6116e+06,0,4.0743e+07,2.4749e+06,4.0621e+06,3,2.2951e+07,625,0,55496,3.4087e+09,9.899e+08,0,0,7.9307e+05,1.0359e+09,0,0,1.8243e+07,5.5328e+08,1.5964e+08,0,2.9221e+07,2.5539e+08,0,5.8533e+05,0,0,4.2802e+06,0,2.9702e+06,2.938e+07,0,0,0,7,928,9.1991e+05,0,0,841,3.5019e+07,0,0,0,1.3972e+09,0,2.3077e+08,0,4,4.9944e+07,7.5965e+05,3.7846e+06,2.3084e+06,9.9847e+07,1342,1.6012e+05,32,3.0994e+07,4.1854e+08,0,3.0269e+09,656,0,0,0,3.5776e+09,0,0,35387,0,1.9952e+09,7.254e+05,26,3.5765e+08,1.2868e+07,1.0001e+09,0,0,3.9244e+05,1.0228e+09,0,3.643e+05,1.7414e+07,3.0116e+05,0,1.6582e+08,3.9377e+07,0,20274,2.6635e+08,70942,0,25,7.7123e+05,0,8.6638e+08,0,0,9.137e+07,1.446e+07,0,0,0
3.2184e+07,4.6543e+08,0,9007,3.244e+05,2.8973e+07,9.379e+06,2.125e+05,2.8447e+07,1.4334e+07,1.0001e+09,0,1.4355e+09,0,8.2032e+05,0,0,5.9862e+06,0,0,2.6351e+06,0,1.5863e+07,1.0905e+08,5842,4.6373e+05,0,1.247e+07,3.9944e+06,6.9094e+08,3.9636e+05,1.4326e+09,9.8989e+08,0,2882,0,5.4628e+07,0,24934,2.062e+06,2.4124e+06,5,2.2048e+07,632,0,2.8091e+05,3.291e+09,9.8989e+08,0,0,5.2505e+05,3.7536e+08,0,0,1.9239e+07,3.7146e+08,1.5983e+08,0,7.8761e+07,2.5614e+08,0,5.6056e+05,0,0,2.6225e+06,0,3.0898e+06,2.5744e+07,0,0,0,14,939,9.3699e+05,0,0,742,1.7556e+07,0,1,0,1.2905e+09,0,2.4662e+08,0,10,4.4382e+07,7.101e+05,3.9323e+06,2.3084e+06,9.5614e+07,1444,1.2764e+05,23,3.2282e+07,1.4614e+08,0,1.8998e+09,432,0,0,0,3.453e+09,0,0,32450,0,1.9953e+09,1.0643e+06,27,9.2564e+08,1.8007e+07,1.0001e+09,0,0,3.9263e+05,1.7694e+09,0,2.0331e+06,1.5349e+07,4.3355e+05,0,1.9099e+08,9.5888e+06,0,22712,2.5529e+08,95566,0,7,7.8498e+05,0,1.0868e+09,0,0,1.1339e+08,1.5167e+07,0,0,0
3.8235e+07,4.7433e+08,0,8998,5.8249e+05,2.9517e+07,9.3848e+06,1.4766e+06,4.892e+05,5.2088e+07,1.0001e+09,0,1.503e+09,0,7.0979e+05,0,0,5.8604e+06,0,0,3.6509e+06,0,2.3877e+07,1.8807e+08,5846,9.6886e+05,0,2.1444e+05,68690,3.9494e+08,3.9717e+05,1.7668e+09,9.8988e+08,0,0,0,8.3383e+07,0,3.4558e+05,2.0697e+06,2.5329e+06,2,44738,11,0,2.995e+05,1.9312e+09,9.8988e+08,0,0,42612,4.0613e+08,0,0,1.9179e+07,2.3186e+08,1.604e+08,0,9.2174e+07,3.6084e+08,0,4.8347e+05,0,0,2.6719e+06,0,4.2899e+06,2.8224e+07,0,0,0,13,1324,9.0992e+05,0,0,694,1.733e+07,0,1,0,1.1033e+09,0,1.55e+08,0,5,3.885e+07,7.3816e+05,3.3632e+06,2.3091e+06,8.2448e+07,1222,14877,21,1.2483e+08,2.1291e+08,0,8.1742e+08,201,0,0,0,2.1776e+09,0,0,27986,0,1.9952e+09,8.4343e+05,18,1.0913e+09,1.358e+07,1.0001e+09,0,0,3.93e+05,1.7724e+09,0,3.5186e+05,1.5744e+07,2.434e+05,0,1.2169e+08,9.8432e+06,0,3.0608e+05,2.6313e+08,2.5852e+05,0,26,6.7737e+05,0,1.3839e+09,0,0,1.4528e+08,5.2409e+07,0,0,0
5.3507e+07,5.8873e+08,1,2.0878e+06,6.9317e+05,1.8047e+07,8.8242e+06,1.6133e+06,1.7637e+07,5.3146e+07,1.0002e+09,0,1.477e+09,0,6.9752e+05,0,35,4.6091e+06,0,0,3.2242e+06,0,2.5066e+07,1.8196e+08,5848,9.6494e+05,0,7.7312e+06,2.4764e+06,1.3684e+08,3.9718e+05,2.0634e+09,9.8985e+08,0,0,0,1.2653e+08,0,2.4602e+05,4.5534e+06,2.9979e+06,6,45036,25,0,2.4949e+05,7.8312e+08,9.8985e+08,0,0,41822,5.0628e+08,0,0,1.5322e+07,2.4044e+08,7.5883e+08,0,7.6878e+07,3.1779e+08,0,3.6912e+05,0,0,4.0237e+06,0,3.7872e+06,3.7346e+07,4,0,0,7,1174,2.4804e+06,0,0,972,1.5538e+07,0,3,0,1.1386e+09,0,1.4205e+08,0,2,5.1663e+07,4.3864e+05,1.8438e+06,2.3929e+06,4.2723e+07,771,14132,21,1.3707e+08,1.9265e+08,0,8.6025e+08,336,0,0,0,1.1293e+09,0,0,5414,0,1.9952e+09,5.2302e+05,10,1.5517e+09,9.4029e+06,1.0002e+09,0,0,2.5376e+05,1.7725e+09,0,3.2956e+05,2.279e+07,3.3917e+05,0,2.189e+08,8.2456e+06,0,3.4338e+05,2.158e+08,0,0,166,6.6956e+05,0,1.2234e+09,0,0,1.2873e+08,5.7133e+07,0,0,0
3.7469e+07,1.0901e+09,2,2.4189e+06,5.8041e+05,9.9601e+06,8.1997e+06,1.5944e+06,1.1258e+08,5.2168e+07,1.0001e+09,0,1.6583e+09,0,50015,0,0,2.9996e+06,0,0,2.2264e+06,0,2.5658e+07,1.828e+08,5852,7.537e+05,0,4.9351e+07,1.5808e+07,1.2001e+08,3.9717e+05,1.963e+09,9.8989e+08,0,0,0,1.1488e+08,0,20477,5.3874e+06,1.4526e+08,1,45403,33,0,2.8443e+05,6.8622e+08,9.8989e+08,0,0,47302,3.5586e+08,0,0,1713,3.3018e+08,9.3661e+08,0,7.1326e+07,1.532e+08,0,2.9598e+05,0,0,2.8412e+06,0,2.4822e+06,9.4468e+07,0,0,0,16,2.5579e+05,4.3496e+08,0,0,1004,1.7131e+07,0,25,0,1.0461e+09,0,1.3077e+08,0,0,5.3291e+07,2.9046e+05,2.1566e+06,2.253e+06,2.069e+07,734,18471,19,1.3299e+08,3.6483e+08,0,1.4381e+09,32,0,0,0,9.7668e+08,0,0,4689,0,1.9952e+09,56224,3,1.2243e+09,2.9645e+05,1.0001e+09,0,0,3.9602e+05,1.7724e+09,0,1.569e+08,5.8429e+07,3.8955e+05,0,2.2495e+08,9.0688e+06,0,3.4472e+05,1.9901e+08,0,0,1310,44621,0,1.1778e+09,0,0,6.9827e+07,5.5272e+07,0,0,0
6.434e+06,9.6633e+08,6,2.219e+06,8.1838e+05,8.285e+06,7.747e+06,1.2237e+06,1.1263e+08,4.4413e+07,1.0001e+09,0,1.6508e+09,0,50621,0,0,2.0315e+06,0,0,1.4667e+06,0,2.6104e+07,1.8297e+08,59103,54724,0,4.9372e+07,1.5815e+07,1.0602e+08,3.5016e+05,1.5242e+09,9.9e+08,0,0,0,5.7081e+07,0,25488,5.3867e+06,2.7732e+08,5,45739,26,0,2.9411e+05,6.0653e+08,9.9e+08,0,0,58223,8.3075e+08,0,0,2898,5.5478e+08,9.3689e+08,0,1.9173e+07,8.201e+07,0,3.8064e+05,0,0,4.1615e+06,0,1.6914e+06,8.7595e+07,0,0,0,14,2.9801e+05,4.1409e+08,0,0,744,1.7785e+07,0,21,0,1.2204e+09,0,1.2912e+08,0,31,4.4582e+07,2.4743e+05,2.1235e+06,2.136e+06,2.4411e+07,0,15643,19,6.9262e+07,5.9735e+08,0,3.0363e+09,30,0,0,0,9.4027e+08,0,0,6710,0,1.9952e+09,49120,1,3.1635e+08,2.315e+05,1.0001e+09,0,0,2.0703e+07,1.627e+09,0,2.029e+08,5.3414e+07,5.1761e+05,0,2.8576e+08,9.5703e+06,0,2.4268e+05,1.7463e+08,0,0,3519,45923,0,1.0474e+09,0,0,1.1416e+07,2.9647e+07,0,0,0
6.199e+06,9.7887e+08,10,3.7432e+05,7.3061e+05,9.8303e+06,8.058e+06,1.9398e+05,1.1263e+08,1.4071e+07,1.0001e+09,0,1.6555e+09,0,53421,0,1582,2.3468e+06,0,0,1.788e+06,0,2.3055e+07,1.6188e+08,4.7696e+05,46049,0,4.9373e+07,1.5815e+07,5.1511e+08,11856,1.2119e+09,9.8989e+08,0,0,0,8.1761e+07,0,0,5.387e+06,2.7397e+08,1,42741,60,0,2.7044e+05,2.4965e+09,9.8989e+08,0,0,52735,1.1918e+09,0,0,2588,4.4161e+08,9.3688e+08,0,1.9875e+07,6.7258e+07,0,4.2094e+05,0,0,4.9197e+06,0,1.8897e+06,8.8127e+07,24,0,0,15,4.1103e+05,4.1705e+08,0,0,705,1.8881e+07,0,31,0,1.7806e+09,0,1.1551e+08,0,17,4.2183e+07,2.966e+05,3.5118e+06,2.1999e+06,4.7807e+07,0,14578,22,3.0414e+07,6.6008e+08,0,2.4164e+09,125,0,0,0,2.6614e+09,0,0,5416,0,1.9952e+09,59286,43,2.9952e+08,3.4476e+05,1.0001e+09,0,0,2.1546e+07,6.2743e+08,0,2.5197e+08,5.4585e+07,4.274e+05,0,2.2441e+08,1.1208e+07,0,20090,1.9883e+08,0,0,1701,46716,0,1.1383e+09,0,0,1.8121e+07,1.4087e+07,0,0,0
3.9198e+06,7.017e+08,14,6701,8.3526e+05,8.9866e+06,9.4042e+06,1.651e+05,9.2736e+07,1.2938e+07,1e+09,0,1.4854e+09,0,51890,0,0,2.4315e+06,0,0,2.3975e+06,0,4.5884e+06,3.2643e+07,4.784e+05,54193,0,4.0651e+07,1.3021e+07,5.5134e+08,11862,1.3502e+09,9.899e+08,0,0,0,6.932e+07,0,0,5.1599e+06,2.7448e+08,4,9401,0,0,25149,2.6261e+09,9.899e+08,0,0,5.2072e+05,9.1949e+08,0,0,2632,4.9011e+08,9.3789e+08,0,1.8281e+07,2.3958e+08,0,6.0271e+05,0,0,3.7939e+06,0,2.9085e+06,5.662e+07,0,0,0,7,90820,3.7759e+08,0,0,707,3.0105e+07,0,25,0,1.6185e+09,0,2.5112e+07,0,40,4.2096e+07,2.6371e+05,3.6335e+06,2.3147e+06,1.0281e+08,0,12437,32,3.1097e+07,5.8603e+08,0,2.6801e+09,479,0,0,0,2.7554e+09,0,0,4858,0,1.9952e+09,57993,61,3.0001e+08,3.1838e+05,1e+09,0,0,2.1488e+07,6.2773e+08,0,1.5428e+08,3.3794e+07,3.0799e+05,0,2.8417e+08,3.6325e+07,0,16667,1.8328e+08,0,0,1213,46476,0,1.2702e+09,0,0,4.7967e+07,1.4439e+07,0,0,0
4.3319e+06,5.1396e+08,1,6301,2.9062e+05,7.7236e+06,9.3967e+06,1.9139e+05,8.0994e+07,1.517e+07,9.7011e+08,0,1.3468e+09,0,50102,0,0,1.5976e+06,0,0,4.3714e+06,0,0,0,4.7907e+05,49058,0,3.5504e+07,1.1373e+07,5.9199e+08,11866,1.269e+09,9.8967e+08,0,0,0,5.193e+07,0,0,3.6007e+06,8.5538e+07,3,0,203,0,31798,2.8202e+09,9.8968e+08,0,0,7.9447e+05,1.318e+09,0,0,63361,4.6137e+08,5.3873e+08,0,1.7832e+07,4.2219e+08,0,7.6938e+05,0,0,5.4371e+06,0,5.1177e+06,2.6286e+07,0,0,0,6,1554,8.324e+07,0,0,596,4.2712e+07,0,24,0,1.5076e+09,0,0,0,7,3.5991e+07,2.3824e+05,4.077e+06,2.313e+06,1.3128e+08,0,0,32,3.2996e+07,6.1648e+08,0,2.5241e+09,705,0,0,0,2.9603e+09,0,0,16582,0,1.9952e+09,53611,54,2.6371e+08,2.7928e+05,9.7011e+08,0,0,1.8047e+07,6.2798e+08,0,1.4714e+06,1.7456e+07,40911,0,2.6107e+08,5.1901e+07,0,19958,1.5096e+08,0,0,817,45264,0,1.0404e+09,0,0,1.0923e+08,1.5333e+07,0,0,0
3.2379e+06,4.6503e+08,2,5948,3.3941e+05,0,9.4019e+06,1.8059e+05,1.9923e+07,1.2821e+07,1.0001e+09,0,1.6573e+09,0,3.0585e+05,0,0,0,0,0,4.8402e+06,0,0,0,3.0005e+05,46626,0,8.7332e+06,2.7975e+06,5.4513e+08,56241,1.2415e+09,9.8989e+08,0,0,0,4.9833e+07,0,0,2.1869e+06,3.2296e+06,3,0,396,0,34152,2.5965e+09,9.8989e+08,0,0,8.4384e+05,1.1864e+09,0,0,1330,4.5243e+08,1.6004e+08,0,1.0013e+07,4.3377e+08,0,7.4683e+05,0,0,4.8946e+06,0,5.6083e+06,2.6833e+07,0,0,0,9,1615,1.2614e+06,0,0,558,4.6167e+07,0,18,0,1.9943e+09,0,0,0,2,3.3576e+07,0,3.6158e+06,2.3141e+06,1.2742e+08,0,0,27,3.0004e+07,3.6434e+08,0,2.4766e+09,577,0,0,0,2.7243e+09,0,0,33246,0,1.9953e+09,20541,46,2.3654e+08,89895,1.0001e+09,0,0,3.372e+05,6.3945e+08,0,3.8565e+05,1.5515e+07,1.4046e+05,0,1.4693e+08,5.5315e+07,0,18763,0,0,0,142,2.8926e+05,0,8.331e+08,0,0,8.7904e+07,1.3863e+07,0,0,0
1.2302e+06,4.9012e+08,1,20301,3.6779e+05,0,9.4056e+06,1.7711e+05,0,1.4979e+07,1.0001e+09,0,1.6379e+09,0,7.841e+05,0,0,0,0,0,4.845e+06,0,0,0,5124,3.5536e+05,0,0,0,4.9818e+08,3.4064e+05,1.5206e+09,9.8989e+08,0,0,0,5.4879e+07,0,0,2.0238e+06,3.2873e+06,2,0,0,0,2.7566e+05,2.3731e+09,9.8989e+08,0,0,9.7404e+05,1.3111e+09,0,0,0,4.0129e+08,1.6033e+08,0,0,4.3392e+08,0,6.812e+05,0,0,5.409e+06,0,5.6131e+06,2.6249e+07,0,0,0,11,1621,5.3366e+05,0,0,187,1.6982e+07,0,0,0,1.6996e+09,0,0,0,12,1.1411e+07,0,3.581e+06,2.3147e+06,1.1621e+08,0,0,28,3.5466e+07,0,0,2.0811e+09,478,0,0,0,2.4906e+09,0,0,37607,0,1.9775e+09,0,38,8.1615e+07,0,1.0001e+09,0,0,2.3965e+05,1.52e+09,0,3.131e+05,1.6319e+07,1.3067e+05,0,1.7859e+08,9.3247e+06,0,18044,0,0,0,187,7.5088e+05,0,9.245e+08,0,0,9.734e+07,1.6374e+07,0,0,0
0,5.0787e+08,3,5888,9.3764e+05,0,9.4058e+06,0,0,0,1.0001e+09,0,1.7407e+09,0,9.6974e+05,0,0,0,0,0,4.8444e+06,0,0,0,3236,7.0528e+05,0,0,0,2.4073e+08,2.1646e+05,1.3074e+09,9.8989e+08,0,0,0,6.7753e+07,0,0,2.0004e+06,3.2356e+06,1,0,0,0,3.085e+05,1.1466e+09,9.8989e+08,0,0,2.9875e+05,1.5849e+08,0,0,0,1.3252e+08,1.6047e+08,0,0,4.3399e+08,0,6.0812e+05,0,0,6.6852e+05,0,5.6127e+06,2.7076e+07,0,0,0,3,1631,6.389e+05,0,0,0,1.8653e+07,0,1,0,1.6994e+09,0,0,0,5,0,0,3.1023e+06,2.3146e+06,1.0373e+08,0,0,13,1.9945e+06,0,0,4.5821e+08,24,0,0,0,1.2033e+09,0,0,33522,0,0,0,17,0,0,1.0001e+09,0,0,2.7682e+05,9.6534e+08,0,3.3507e+05,1.7264e+07,3.0573e+05,0,1.9162e+08,1.061e+07,0,0,0,0,0,293,9.3216e+05,0,1.0174e+09,0,0,1.0727e+08,9.478e+05,0,0,0
0,3.8315e+08,1,16898,1.1577e+06,0,1.5692e+06,0,0,0,9.599e+08,0,0,0,7.8291e+05,0,0,0,0,0,4.258e+06,0,0,0,4692,5.4361e+05,0,0,0,0,3.1586e+05,1.0906e+09,9.899e+08,0,0,0,6.5673e+06,0,0,4.111e+06,3.3053e+06,0,0,0,0,2.6669e+05,0,9.899e+08,0,0,64174,0,0,0,0,1.5386e+08,7.1541e+08,0,0,4.0501e+08,0,2.7583e+05,0,0,0,0,4.9748e+06,2.0982e+07,0,0,0,0,1525,3.1726e+06,0,0,0,1.579e+07,0,1,0,1.6994e+09,0,0,0,3,0,0,1.0014e+06,3.8583e+05,4.7049e+07,0,0,0,0,0,0,5.645e+08,49,0,0,0,0,0,0,22761,0,0,0,0,0,0,9.599e+08,0,0,2.277e+05,1.4091e+09,0,1.2294e+06,1.2648e+07,1.3856e+05,0,2.493e+08,8.6861e+06,0,0,0,0,0,141,7.4943e+05,0,1.3678e+09,0,0,1.4446e+08,0,0,0,0
0,0,1,0,1.1578e+06,0,0,0,0,0,5.9502e+08,0,0,0,4.7347e+05,0,0,0,0,0,1.9514e+06,0,0,0,3817,5.3379e+05,0,0,0,0,2.5718e+05,1.2886e+09,9.898e+08,0,0,0,0,0,0,3.0108e+06,1.1168e+06,0,0,0,0,2.9913e+05,0,9.898e+08,0,0,64150,0,0,0,0,2.08e+08,5.5842e+08,0,0,2.0039e+08,0,0,0,0,0,0,2.3067e+06,0,0,0,0,0,771,1.8586e+06,0,0,0,1.8416e+07,0,11,0,1.4003e+09,0,0,0,0,0,0,0,0,0,0,0,0,0,0,0,8.6215e+08,0,0,0,0,0,0,0,5727,0,0,0,0,0,0,5.95e+08,0,0,2.9918e+05,1.1472e+09,0,8742,0,0,0,2.8509e+08,9.8944e+06,0,0,0,0,0,123,4.5072e+05,0,8.4066e+08,0,0,8.8738e+07,0,0,0,0
0,0,0,0,1.1576e+06,0,0,0,0,0,9.6413e+08,0,0,0,56375,0,0,0,0,0,0,0,0,0,3590,48305,0,0,0,0,2.4042e+05,1.3734e+09,9.8989e+08,0,0,0,0,0,0,4.8427e+06,0,0,0,0,0,2.6924e+05,0,9.8989e+08,0,0,64087,0,0,0,0,5.0023e+08,9.0569e+08,0,0,0,0,0,0,0,0,0,0,0,0,0,0,0,0,1.1969e+05,0,0,0,1.641e+07,0,26,0,1.2259e+09,0,0,0,0,0,0,0,0,0,0,0,0,0,0,0,2.7361e+09,0,0,0,0,0,0,0,6260,0,0,0,0,0,0,9.6412e+08,0,0,19494,1.0725e+09,0,0,0,0,0,2.8528e+08,9.4722e+06,0,0,0,0,0,72,50666,0,0,0,0,0,0,0,0,0
0,0,0,0,1.0628e+06,0,0,0,0,0,1.0001e+09,0,0,0,41773,0,0,0,0,0,0,0,0,0,0,49082,0,0,0,0,0,1.4351e+09,9.8989e+08,0,0,0,0,0,0,5.0193e+06,0,5,0,0,0,2.4002e+05,0,9.8989e+08,0,0,62369,0,0,0,0,5.2261e+08,9.3939e+08,0,0,0,0,0,0,0,0,0,0,0,0,0,0,0,0,0,0,0,0,1.4486e+07,0,33,0,3.022e+08,0,0,0,0,0,0,0,0,0,0,0,0,0,0,0,2.8629e+09,0,0,0,0,0,0,0,6582,0,0,0,0,0,0,1.0001e+09,0,0,0,0,0,0,0,0,0,2.8525e+08,7.8411e+06,0,0,0,0,0,0,35499,0,0,0,0,0,0,0,0,0
0,0,0,0,4.8914e+05,0,0,0,0,0,1.0001e+09,0,0,0,49130,0,0,0,0,0,0,0,0,0,0,47497,0,0,0,0,0,1.3274e+09,7.6153e+08,0,0,0,0,0,0,5.0175e+06,0,6,0,0,0,0,0,7.6154e+08,0,0,33521,0,0,0,0,4.8361e+08,9.3915e+08,0,0,0,0,0,0,0,0,0,0,0,0,0,0,0,0,0,0,0,0,0,0,33,0,0,0,0,0,0,0,0,0,0,0,0,0,0,0,0,0,2.6458e+09,0,0,0,0,0,0,0,5424,0,0,0,0,0,0,1.0001e+09,0,0,0,0,0,0,0,0,0,2.8514e+08,0,0,0,0,0,0,0,42553,0,0,0,0,0,0,0,0,0
0,0,0,0,0,0,0,0,0,0,5.1926e+08,0,0,0,50883,0,0,0,0,0,0,0,0,0,0,64837,0,0,0,0,0,2.1947e+09,0,0,0,0,0,0,0,2.605e+06,0,0,0,0,0,0,0,0,0,0,0,0,0,0,0,7.9731e+08,4.873e+08,0,0,0,0,0,0,0,0,0,0,0,0,0,0,0,0,0,0,0,0,0,0,24,0,0,0,0,0,0,0,0,0,0,0,0,0,0,0,0,0,4.377e+09,0,0,0,0,0,0,0,4267,0,0,0,0,0,0,5.1926e+08,0,0,0,0,0,0,0,0,0,2.6911e+08,0,0,0,0,0,0,0,45479,0,0,0,0,0,0,0,0,0
0,0,0,0,0,0,0,0,0,0,0,0,0,0,35749,0,0,0,0,0,0,0,0,0,0,61102,0,0,0,0,0,2.0037e+09,0,0,0,0,0,0,0,0,0,0,0,0,0,0,0,0,0,0,0,0,0,0,0,7.2818e+08,0,0,0,0,0,0,0,0,0,0,0,0,0,0,0,0,0,0,0,0,0,0,0,28,0,0,0,0,0,0,0,0,0,0,0,0,0,0,0,0,0,3.9964e+09,0,0,0,0,0,0,0,0,0,0,0,0,0,0,0,0,0,0,0,0,0,0,0,0,0,0,0,0,0,0,0,0,31470,0,0,0,0,0,0,0,0,0
0,0,0,0,0,0,0,0,0,0,0,0,0,0,0,0,0,0,0,0,0,0,0,0,0,38430,0,0,0,0,0,1.2446e+09,0,0,0,0,0,0,0,0,0,0,0,0,0,0,0,0,0,0,0,0,0,0,0,4.5234e+08,0,0,0,0,0,0,0,0,0,0,0,0,0,0,0,0,0,0,0,0,0,0,0,0,0,0,0,0,0,0,0,0,0,0,0,0,0,0,0,0,0,2.4815e+09,0,0,0,0,0,0,0,0,0,0,0,0,0,0,0,0,0,0,0,0,0,0,0,0,0,0,0,0,0,0,0,0,0,0,0,0,0,0,0,0,0,0
