9347435,142679744,3,10227,868969,1686647,5108090,16321,85738868,2809996,711566473,220584334,1361784739,0,64096,0,72,596342,0,0,2915076,0,16251476,162261670,4807,50413,0,48840496,12039020,489442467,1271415335,934763979,629,35557,0,30726380,0,107372,3704991,5,66885,787,0,418955,2330521278,934758195,0,0,1217305581,61213,0,10000,470151704,0,3274732,266934141,142,472128,1186,4747400,0,0,3080592,5591253,8,140,0,5,1606,1489581,23988,202721231,987,4598235,437431,61,376787,1299654683,5764,120858595,0,43,41971709,53889,4328622,1253023,111219027,2489,2416,23,5627162,508722510,73111353,2575273487,171,10,0,0,2445599909,0,0,2039,1034,1771613640,46141,96,279741209,210175,0,0,286720,1331583633,12247,1170088,3794205,813398,0,281947756,2437408,0,3644,48826,21555688,925,438,69982,978836185,14600,0,0,102722392,2047866,18878,1630057
13393164,207957869,0,8082,936833,1690401,7344681,18512,73303216,3309586,624957458,258730506,1711660066,0,90901,0,142,911030,0,0,3324409,0,17697887,173145197,5978,50644,0,43720612,10292887,572599193,1620112513,986210767,14,27520,0,19731852,0,113608,3645336,5,61698,630,0,417736,2726466435,986207392,0,0,1129061297,54104,0,7281,597325699,0,4803136,307533860,0,543635,1001,4896462,0,0,3408265,5045548,16,0,0,14,1418,1299654,14408,173474538,1001,4401331,518766,1,380242,1111077166,6382,124865491,0,4,45017131,55398,4517847,1806021,130434190,1196,3128,31,6179418,765206929,79583857,3276278041,25,0,0,0,2860866230,0,0,29,336,1984435072,37857,77,303940172,203509,0,0,262076,1742237299,8600,876411,5380993,769570,0,285799238,2891520,0,2848,313512,21739458,1070,71,65474,954622499,16465,0,0,99497342,2254376,11295,2135563
19902311,208794296,0,8117,742061,1709100,6426970,28612,73123294,3758249,673153325,258735527,1688923342,0,92595,0,0,952295,0,0,2837483,0,21636043,181799023,5998,51870,0,43979861,10282467,847462418,1664851273,988095266,37,32896,0,35215213,0,113641,3597366,4,58059,639,0,416587,4035366541,988093024,0,0,1130486333,56516,0,8080,616369955,0,3869175,263727686,0,466371,1003,4282993,0,0,5107467,4896100,0,0,0,10,1222,1321806,13733,173128526,1001,4412162,531852,1,380829,1108136115,17216,135822050,0,5,56703841,50105,3767895,1580040,130432855,1079,2914,22,9777891,806830260,77202047,3381598447,25,0,0,0,4235165106,0,0,17,452,1991385779,51553,82,373392948,290138,0,0,263913,1758825570,10049,875270,5513128,825332,0,285619253,3340119,0,2042,206710,20210840,1054,60,65877,1070449956,13209,0,0,111897135,3555956,13089,1868153
38847249,211990458,0,9035,761764,2211191,5701011,24689,71861428,3764833,627877922,259737248,1755846395,0,95455,0,0,975706,0,0,3048189,0,24552863,181754242,6002,55091,0,49125830,10184332,721964020,1608042239,988077300,1741,43946,0,26272268,0,117218,3988629,10,58059,700,0,418186,3437661366,988075093,0,0,1487103605,53206,0,9358,594963630,0,4163573,271999819,0,480890,1001,4567331,0,0,4213944,5416909,0,0,0,10,1266,1545558,13642,171303796,1070,4605243,537579,1,380625,1090874113,6140,136560771,0,13,69059515,62722,3704889,1401529,130937339,904,4065,28,9840450,806793355,77229217,3262853639,25,0,0,0,3606855215,0,0,4,489,1995113793,64590,74,426955279,308611,0,0,346844,1765596587,11492,879317,5573333,771282,0,287046537,3345658,0,2572,233759,24696073,1037,138,65796,1387626079,12209,0,0,144541634,3539264,16894,1683557
8384240,192361448,0,9179,986286,2654532,5868206,26204,69274233,2872054,618533246,259684386,1628444509,0,104674,0,0,898225,0,0,2598349,0,18384453,181773494,6011,63649,0,49098553,9811105,778344568,1620470232,987985500,22,27754,0,40671532,0,131240,3728325,9,58058,830,0,417455,3706145386,987983507,0,0,1149792448,48597,0,8194,598378367,0,3523451,224081225,0,396357,1031,4759808,0,0,4579135,4324870,0,0,0,7,1042,1309257,15368,164231299,1001,3789934,601807,5,383014,1050410722,38132,136861294,0,3,48604341,77902,4006086,1442896,130914047,1100,4928,31,10050491,803244769,77232676,3279531386,25,0,0,0,3888732435,0,0,147,338,1995086755,64363,88,318124075,373699,0,0,268290,1760563363,13316,880552,5176087,796416,0,287913692,2452105,0,2415,213891,31927971,1041,96,65937,1384765686,11739,0,0,144591475,3635683,13084,1393706
8072404,151181396,0,9036,1153463,2331473,6642355,19799,77203278,3726024,594518386,260218568,1369911300,0,103301,0,0,694779,0,0,2763405,0,17280090,181491650,6000,51116,0,48982163,10857418,574676557,1420387500,988079140,1,26550,0,28338172,0,129103,3739420,10,58006,951,0,418169,2736367873,988077512,0,0,1264617991,46045,0,8612,524357939,0,2823658,217216347,0,384255,1001,4247704,0,0,3391794,5056564,0,0,0,4,1019,1343083,15185,182841885,1001,4605455,497756,57,382109,1170826178,4058,132603947,0,0,42616560,68914,3891182,1633936,131179715,871,3444,37,8865554,804478232,76963205,2875144403,25,0,0,0,2871148729,0,0,226,1,1995143290,65876,105,293543359,405545,0,0,294661,1752035472,9763,877279,4105167,772683,0,287784811,3306098,0,2233,191333,28034249,1033,110,75446,1381442586,14332,0,0,145698849,3150818,14006,1915316
9856947,131239459,0,9044,1144719,2577741,5919994,20880,80793299,4833355,797030045,258761117,1398827245,0,93950,0,0,627770,0,0,3294747,0,17813171,181555394,6001,46556,0,48960352,11350296,795053772,1222591076,986318978,4,25687,0,34820526,0,115392,4020687,8,61853,777,0,417550,3785695742,986316197,0,0,1400568233,49483,0,8455,450209164,0,2832150,301568168,0,533422,1001,4257287,0,0,4839530,5203928,0,0,0,12,1460,1562343,13563,191490810,1060,4569196,515260,1,382381,1224840237,5139,117631033,0,0,44287205,76955,3817253,1455635,130448569,1163,3842,17,8792453,805936597,76216845,2463655734,25,0,0,0,3972373386,0,0,7,118,1995051260,65713,86,302136705,405607,0,0,325318,1758419371,9993,876165,3633501,769852,0,285779556,4412511,0,3001,166292,31071331,1041,153,67912,1374301671,16931,0,0,144799664,3181679,14368,1702888
11229164,183474188,0,9036,1033571,2436712,6436833,23445,77855009,3871147,800608711,258693425,1733806894,0,92912,0,0,887052,0,0,3441393,0,14874646,182053732,5998,49771,0,48940522,11007060,738606971,1388849438,988104907,0,25869,0,23952038,0,113553,3670577,6,58059,1033,0,418892,3516943773,988098939,0,0,1306147678,44289,0,8742,511594919,0,3660344,301542953,0,533098,1000,4717398,0,0,4479018,5003969,0,0,0,8,1428,1408471,13395,184319607,970,4473896,457020,1,370454,1178359371,7798,121815930,0,0,37895652,73733,4482220,1583267,130411930,885,3742,42,9570007,805646044,76458739,2799980041,25,0,0,0,3690306083,0,0,2,2,1995114871,65640,126,254839982,406069,0,0,303467,1757262881,8903,876092,5078518,825197,0,285836517,3451403,0,2386,238813,30710573,1050,102,68072,1381086136,12414,0,0,145174557,3441968,13427,1851872
6013868,152867124,0,9036,764536,1834374,6219493,27051,84562306,3867566,646297613,259515303,1468100575,0,97662,0,0,703803,0,0,3199205,0,16972788,181855168,6008,52359,0,49002565,11968862,777217250,1525140896,986459542,1530,39390,0,24027218,0,120866,3678874,6,58058,850,0,419286,3700827180,986459818,0,0,1289364228,46471,0,8174,562560976,0,3642042,293110569,0,518840,1002,5195349,0,0,4717784,5342005,0,0,0,6,1514,1497286,14384,200555291,1001,4627560,606972,1,383226,1279829415,3987,124933980,0,2,43927838,54498,3909745,1529729,130826028,959,3164,31,10264025,806217027,76621031,3080147906,25,0,0,0,3883485976,0,0,1,1,1995126437,84411,98,288958948,411212,0,0,300280,1757876159,11402,876221,4081738,818035,0,286543700,3447452,0,2854,183716,23014102,1038,158,68166,1384871576,13149,0,0,145050265,3697753,14125,1788689
20400457,166238874,0,9045,765625,1445993,6245249,24134,90928546,3976123,728882318,259621069,1465911847,0,94574,0,0,763231,0,0,4287667,0,24967251,181704120,6001,53320,0,49049669,12806717,726872711,1522281119,987987329,84,26272,0,37534343,0,115889,3690583,5,58063,676,0,418926,3461089543,987985756,0,0,1213203756,48587,0,8029,559136633,0,2996797,402344238,0,711806,1001,5268331,0,0,4298024,5232678,0,0,0,9,2095,1626701,13728,215247298,1001,4296207,765749,5,382230,1377422419,4296,134800982,0,0,69999385,46515,3886490,1536102,130878594,1745,2680,26,9640640,805598289,76978101,3059217866,25,0,0,0,3631700243,0,0,2,0,1995143594,72274,64,430117779,407488,0,0,280632,1754827661,10161,874404,4336673,854225,0,284758930,3556550,0,2438,68075,18702769,1037,120,69798,1384184648,10263,0,0,144836784,3383387,11117,1634743
23634223,228616604,0,9297,765203,1400992,6194768,22842,83879452,3905708,639989172,260257764,1421833110,0,94655,0,0,1092415,0,0,4332421,0,24931527,181784757,6000,51811,0,48990298,11777766,692815086,1509841107,988072821,4,25929,0,30739374,0,115672,3728682,8,58081,857,0,422865,3298905005,988070485,0,0,1368171511,49073,0,8333,557031838,0,3155199,433740697,0,766903,1001,5242484,0,0,4190700,5020198,0,0,0,8,2228,1352655,13535,198298424,1001,4470044,765508,58,383925,1270461775,10982,136378428,0,1,69880412,43349,3901707,1523691,131200136,927,2290,30,8344559,806390993,75899715,3050509840,25,0,0,0,3461632017,0,0,171,0,1991551972,67838,124,431824332,405507,0,0,359968,1759440019,10585,875932,6404201,774045,0,286407935,3480721,0,2531,43659,17982369,1023,148,83147,1385272392,11156,0,0,144897390,2998255,56211,1802112
19125139,246751358,0,9045,766824,1538702,5898938,23957,72854658,4118990,706704269,260143421,1312233335,0,95370,0,0,1130216,0,0,4380543,0,25005295,178412945,6003,56584,0,49058215,10230092,733637309,1726673461,986311889,1,25776,0,39533868,0,116902,3735686,5,58058,665,0,419306,3493286470,986307733,0,0,1261760676,57543,0,8272,637985513,0,2511381,433686588,0,766814,1001,5300408,0,0,4418451,4821832,0,0,0,5,2174,1393654,13753,172350853,1001,4224318,767818,1,383563,1103400597,31488,131467268,0,0,67437314,44926,4005107,1450488,131141910,913,3062,259,9490280,806770763,75976871,3493917251,25,0,0,0,3665567036,0,0,23,69,1995161979,65501,96,429632857,405696,0,0,294279,1763287185,10958,876253,6480394,855669,0,287618657,3699891,0,2883,147925,18458876,1033,146,67920,1384238161,15116,0,0,145172623,3394030,14153,1686364
20283452,239770370,0,9036,766333,1858773,6119390,21678,66390240,3524564,741565128,260285071,1365100224,0,84642,0,0,1108336,0,0,4364698,0,23933751,172423540,5997,57656,0,48952630,9326577,803398908,1781330372,988186142,0,25858,0,30525340,0,101249,3712402,10,58058,708,0,417643,3825511454,988184031,0,0,1339161958,53430,0,8650,659578476,0,3109126,433801533,0,766937,1003,5322468,0,0,4763879,4867387,0,0,0,6,2224,1214690,12335,156958781,1001,3864827,767244,1,383583,1006314963,5975,127781899,0,0,66186777,57458,3912459,1504630,131213292,1078,4014,20,8607269,807275279,75936636,3618433769,25,0,0,0,4014203162,0,0,9,0,1991380814,65528,78,411472074,404909,0,0,312426,1757335466,10330,1057948,6239098,795703,0,286373044,3105495,0,1892,162311,22385237,1050,133,67823,1381551716,14065,0,0,145044343,3015499,15184,1774925
6989580,167276232,0,9035,767127,1547602,6558360,29522,65957915,4421838,791312051,260169029,1357102483,0,102073,0,0,775467,0,0,4363838,0,19036377,175782529,6000,51977,0,49061542,9327038,685797638,1501986496,988128773,1825,37364,0,39285166,0,128372,4054522,12,61964,689,0,417952,3265489550,988127457,0,0,1476233464,49769,0,8956,555704178,0,3349915,433890601,0,767082,1002,4202108,0,0,4055819,4462654,0,0,0,14,2228,1183826,15440,156499999,1065,3733225,767074,1,382680,1000501227,3889,128362614,0,0,47705011,53877,3628830,1612963,131155206,918,2678,108,9998327,805197246,79000904,3045304712,25,0,0,0,3426588292,0,0,1,0,1995091476,65562,70,322183864,403948,0,0,343833,1763359410,10653,876880,4407928,832578,0,286809108,4000878,0,2278,42266,21174757,1047,137,67847,1383816692,11420,0,0,145244102,3600404,16138,1641264
19819817,143390384,0,9036,768419,1717494,6208051,23353,70966406,4858606,611525514,259415625,1309862320,0,94082,0,0,676486,0,0,4279644,0,18796291,178025245,6001,48370,0,49048599,10076669,688227076,1323270390,988025212,2,26239,0,37092903,0,114981,3760117,8,58059,784,0,419204,3277071209,988022929,0,0,1471110203,50421,0,8783,487121922,0,2799346,434484155,0,768058,1001,4715016,0,0,4082790,4579896,0,0,0,5,2110,1393655,14183,168569494,1001,3924290,766944,5,384303,1076241009,7702,135204203,0,0,49627216,53984,4208315,1526174,130778614,1153,3327,35,9450377,807683156,76791079,2669299416,25,0,0,0,3438662765,0,0,24,0,1995119615,81529,97,318258465,411628,0,0,342521,1761220884,11349,877542,3909207,897893,0,287734754,4438824,0,2558,175229,21964462,1038,96,77886,1382544821,16261,0,0,145480023,3411161,15940,1789066
14089613,166536358,0,9215,769751,1414008,6774072,23849,70639333,4514705,794366320,258165596,1623706573,0,92210,0,0,781328,0,0,4305694,0,20056879,180196610,6003,53022,0,49073371,10089375,744362256,1569544665,988113788,0,25770,0,34885281,0,113630,3725906,8,62469,747,0,419025,3544321981,988111008,0,0,1380151505,48565,0,8893,580159418,0,3149967,434477202,0,767897,1002,5089257,0,0,4445180,4563244,0,0,0,15,2116,1314612,13339,168569278,1001,3765974,767273,1,383749,1072088096,7282,133375105,0,0,52352628,43567,4293287,1666047,130148926,1239,1893,17,9491134,804797932,77452076,3182020843,25,0,0,0,3719043987,0,0,0,0,1995119936,65519,93,341673614,405149,0,0,365336,1765558561,10096,875492,4505018,1011140,0,288387728,4094847,0,2108,123582,18430351,1037,191,67843,1380942280,13126,0,0,145731777,3405297,58985,1970536
19047090,162263124,0,9036,769547,1614897,6489877,25930,72627419,3842722,830173529,259423710,1714247686,0,104613,0,0,730900,0,0,4591957,0,18972661,182272454,6001,54922,0,49029071,10214205,933483914,1683756338,986357593,0,27077,0,24089467,0,131267,3711747,9,58059,781,0,420061,4444826660,986354403,0,0,1273501376,47465,0,8059,620100018,0,4588296,432442765,0,764365,1001,4523473,0,0,5453251,5516326,0,0,0,15,2152,1511009,15399,171689593,1001,4073551,747846,1,384099,1101798985,7262,125438137,0,0,50382866,44563,4699069,1596168,130779658,865,1891,94,10072275,804915185,76833500,3399150043,25,0,0,0,4663879621,0,0,0,0,1990878441,65788,82,324392430,405508,0,0,295892,1769518421,7903,875022,4242966,971569,0,288339953,3424410,0,1869,167675,19032017,1033,129,68181,1381175221,12610,0,0,145685801,3667855,13090,1856702
14668718,182450117,0,9045,768414,1444615,5158891,29405,85791583,4327982,586616061,259448134,1737855262,0,94981,0,0,856864,0,0,4656043,0,14170127,181989200,6002,50286,0,48978911,12050399,921374307,1366153547,984768290,0,26387,0,39204449,0,115941,4069232,9,58058,1330,0,419691,4387154149,984763669,0,0,1378155379,61084,0,8613,504457457,0,3973319,431639226,0,763128,1001,4323346,0,0,5354494,5367818,0,0,0,4,2299,1376435,13203,202749987,1066,4217687,755281,57,382793,1299036020,13472,125575176,0,0,37632993,46452,3902251,1268479,130791785,920,2724,38,10606371,807649290,76829193,2765777893,25,0,0,0,4603304875,0,0,99,85,1995164207,65789,232,245278750,405874,0,0,318818,1763593349,10061,875948,4936849,987752,0,286695595,3912372,0,1850,159185,18487102,1035,201,78574,1379009684,13233,0,0,145504528,3878267,12706,1473117
10245321,167208731,0,8811,767821,1152026,5903284,21114,73538184,4923811,722183383,258297522,1784257854,0,96981,0,0,768517,0,0,4357710,0,16493055,182011343,6000,52816,0,47683380,10336521,930713362,1582393120,989678292,0,26127,0,35220362,0,118644,3757060,6,58058,567,0,418241,4431631785,989676926,0,0,1458378839,54168,0,8405,584093431,0,4434901,434364343,0,767618,1001,4201649,0,0,5749048,4960615,0,0,0,10,2037,1446766,13533,174031844,1001,3861870,513573,1,383579,1113369701,6827,125687110,0,0,40802381,37475,3925843,1451395,130212904,913,1590,147,8672146,806343579,76851051,3202976441,25,0,0,0,4650036165,0,0,13,0,1991446082,65526,55,278615636,405273,0,0,335484,1769291198,10161,875575,4450721,1069200,0,286690706,4506446,0,2248,255847,16295305,1035,109,68866,1382893002,15606,0,0,145358518,3160471,11432,1752775
8065445,176553161,1,5715,764400,1463981,5965871,33857,75078968,4747321,717527818,260193950,1731179291,6667,95399,0,0,823191,0,0,4375381,0,17294978,182050746,6008,51879,0,31093364,10595581,935429507,1451970048,988042047,2088,41318,0,18400293,0,116083,4101234,9,58090,667,0,418755,4454080211,988039885,0,0,1171181554,52656,0,8023,536515295,0,3944961,433873245,0,766816,1040,4348399,0,0,5430489,4899006,0,0,0,10,2118,1606787,13362,177962785,1067,3754343,533898,1,383053,1137281523,7250,124430689,0,0,44272961,48500,3994007,1466977,131167663,1860,2379,96,11195464,804401287,76811377,2940633423,25,0,0,0,4673549974,0,0,1,0,1995165006,65406,68,297233497,404774,0,0,272135,1763088629,10646,875931,4708088,798742,0,286828003,4328542,0,2493,180387,19697531,1048,139,69102,1382172218,13499,0,0,145078699,4139861,12045,1772472
12852688,117431276,0,6168,767095,1646937,6135996,22436,63082873,4814241,756100949,260194900,1592554552,0,103667,0,0,472303,0,0,4788213,0,14498241,182055924,6000,51411,0,33555315,8877154,934259892,1441600227,988113759,2,26568,0,6669247,0,129369,3797712,2,58059,611,0,418505,4448515566,988111397,0,0,1378088594,57894,0,8956,532711928,0,3656391,431865077,0,763192,1001,4728227,0,0,5459017,4502594,0,0,0,13,2048,1615189,14313,149072161,1001,3543854,744768,1,381929,957051248,9611,125498828,0,0,37925853,54343,3972608,1509102,131168289,1811,2106,23,9507601,806002221,76034248,2919633082,25,0,0,0,4667751043,0,0,11,0,1991697245,70940,68,245262515,406100,0,0,321333,1768232904,10214,872597,3290396,786893,0,288184220,4395465,0,2050,284565,22619466,1040,161,68589,1384324197,14051,0,0,145188900,3372943,15433,1828597
8836653,96488722,0,5787,957875,1876025,6428022,27806,91089634,5200167,780146879,259993070,1579349320,0,88424,0,0,347264,0,0,4742862,0,15250139,181863566,6001,52293,0,31434800,12843054,933692592,1450067367,987105223,0,26208,0,22879072,0,106192,3786508,3,58059,604,0,418919,4445817015,987101844,0,0,1481131325,55845,0,8783,535226797,0,3407983,432189440,0,763921,1002,4412552,0,0,5392850,4359422,0,0,0,13,2128,1760289,12498,215471807,1001,3699470,762682,1,383622,1381637988,5095,125799406,0,0,39138599,59453,4501503,1580687,131066303,1973,3559,19,10251597,806659088,76417877,2932032076,25,0,0,0,4664940093,0,0,3,0,1995164858,65410,72,260011134,404219,0,0,344967,1769661491,9620,871129,2354533,829839,0,288137657,4782506,0,2156,176773,24538625,1030,144,68536,1382906938,13858,0,0,145521816,3739162,16078,1727306
9089167,82070675,0,6783,1039998,1382469,6421834,28135,81397958,4813765,683134902,259966756,1800318649,0,96846,0,0,306275,0,0,4952679,0,19558359,181642826,5999,51306,0,36709509,11429283,931107069,1444688201,987326317,2,26746,0,45704993,0,119966,3724308,0,61870,623,0,418517,4433503115,987324015,0,0,1333254432,66969,0,8388,531332964,0,4081665,431078735,0,762430,1001,4495337,0,0,5707249,4597071,0,0,0,9,2248,1293493,13590,192341119,1001,3809512,766045,814,383781,1232439943,3521,131152251,0,0,52556718,45589,3945991,1579835,131053058,1803,1838,29,11058077,807454668,76576410,2909407071,25,0,0,0,4651998055,0,0,397,59,1987721895,65590,115,337904669,404147,0,0,343927,1766736657,10593,875353,1997640,860309,0,286737948,4396026,0,2263,228724,21091427,1044,133,103540,1380518641,11942,0,0,145343056,4009970,47765,1899002
8612624,80008736,0,9035,769259,1602150,6241764,29668,77414373,4917978,789322443,258268104,1828694983,0,95025,0,0,303728,0,0,4894661,0,14938440,181017109,5995,53298,0,49124288,10869987,919274783,1532610370,988249697,0,26321,0,26141524,0,116202,3724475,7,61680,743,0,417381,4377157854,988247388,0,0,1366454202,47910,0,8564,564468258,0,4001929,431923505,0,763397,1001,4482263,0,0,5484087,4594486,0,0,0,13,2120,1512609,13509,183394730,1001,3981271,766632,1,383712,1172263958,4059,133475817,0,0,37978312,50208,4477295,1534855,130199855,2941,2597,19,10995625,806842139,77367699,3093704138,25,0,0,0,4592837074,0,0,64,0,1995149856,65374,76,252148921,403966,0,0,314916,1759231054,9525,1120292,2201311,795316,0,286860133,4500983,0,2533,205466,22231088,1116,100,68326,1383170286,12046,0,0,145455762,4001395,11495,1821254
11999574,71160067,0,9036,769395,1897734,6154002,22518,79558774,3522162,729015866,258801693,1576265198,0,86748,0,0,243235,0,0,4506394,0,17329212,181492795,6001,57980,0,49107392,11248019,932409590,1727242646,989783330,1891,39138,0,32771866,0,102741,3761990,1,58059,889,0,418087,4439703618,989783229,0,0,923498056,45398,0,7812,637665857,0,3070223,433361806,0,765873,1001,5264531,0,0,5609597,3789977,0,0,0,10,2120,1324320,12016,188291914,1001,3701295,766825,1,384189,1204515696,21039,129684165,0,1,44367384,54962,4455696,1513536,130466237,2830,3283,24,9352912,806542871,76755140,3486182512,25,0,0,0,4658502897,0,0,9,0,1991539328,65534,104,298910943,404488,0,0,216016,1768926446,9551,1256822,1726173,922102,0,287208911,3102992,0,1812,112278,22973729,1036,114,68849,1382207612,14176,0,0,145633752,3421999,11082,1818536
9326805,73814821,0,9036,769913,1504497,5952041,24670,73910194,3344974,659778639,260129116,1623612648,0,88216,0,0,285528,0,0,4880113,0,17062815,181667111,6007,48900,0,49114349,10377985,868889136,1384291325,987927780,1,26151,0,24542693,0,104279,3730268,3,58002,917,0,422298,4137270225,987925264,0,0,1066716832,44569,0,8247,510877144,0,4164889,430564557,0,760986,1001,4606607,0,0,5006669,4134027,0,0,0,8,2118,1510722,11873,174897111,1001,4180301,767635,1,384123,1121757186,9794,127996255,0,0,42121155,44790,4402657,1464015,131134684,2880,2420,34,9350329,804748218,76408070,2800153183,25,0,0,0,4341038055,0,0,6,0,1995162306,72164,128,289656486,407907,0,0,249216,1768908278,9255,873242,1907992,772484,0,287412664,2920875,0,2206,195105,18555773,1035,99,69303,1382544847,14036,0,0,145579690,3359057,12571,1722346
15578192,69744669,0,9343,769558,1742606,6166105,38591,79146254,3036761,735871002,260051345,1715794458,0,81487,0,0,254960,0,0,5104487,0,17181950,181411044,5974,54718,0,49150018,11169615,715617553,1565844057,988108248,1,26039,0,41590983,0,101745,3719157,6,63172,824,0,419338,3407446820,988106751,0,0,1162435622,46822,0,8651,578139094,0,4161917,430410302,0,760671,1001,3919763,0,0,4195323,4049377,0,0,0,11,2094,1305601,13547,187369447,1002,3829159,767286,1,383941,1199467822,5115,131324864,0,0,44997304,52780,4555219,1516843,131095527,2823,3053,24,11909657,725515115,77948070,3166582157,25,0,0,0,3575504108,0,0,43,2,1988002316,65454,106,294203107,405686,0,0,271556,1755956763,11024,873178,1794624,830051,0,287379490,2617837,0,1681,142717,20910029,1059,137,69079,1381519346,13307,0,0,145680659,4406368,13652,1780738
6587431,65303261,0,9171,767100,1687224,6047519,25523,76902795,2812205,707230346,260053533,1657588859,0,52123,0,0,256198,0,0,4542741,0,16898359,182429366,5994,52422,0,49130563,10813053,680660914,1527445712,986372392,1,25940,0,30607546,0,70370,3749380,8,58379,1125,0,419283,3241030657,986367912,0,0,1137873306,41088,0,8057,564551197,0,4109928,432736516,0,765689,1002,5067059,0,0,4156892,4430600,0,0,0,9,2182,1350050,12978,182331416,1000,3785098,767595,1,382727,1164716090,3743,134746617,0,0,41053455,49293,4385393,1486818,131096887,2874,2504,26,9446845,555866023,78645299,3094618170,25,0,0,0,3400988271,0,0,3,439622,1995161285,71078,134,283774128,406721,0,0,265306,1759999014,9877,877248,1697664,830093,0,286405230,2392989,0,1921,141551,20380626,1056,63,68413,1379689270,15285,0,0,145349885,3412895,12770,1383439
12774227,78053793,0,9035,768359,1440974,6558980,33309,67421263,2913063,694059592,259688785,1687759440,0,62795,0,0,280562,0,0,4718637,0,16804978,182336026,6000,54543,0,49045654,9466900,876687791,1583876611,988122245,1,25941,0,41614503,0,72038,3751270,8,58116,629,0,419004,4174391224,988120210,0,0,1337775850,55838,0,11125,585179981,0,5441906,433672651,0,766646,1001,4243274,0,0,5365928,5129208,0,0,0,9,2210,1369683,9428,159504815,1001,4606114,765453,83,379934,1021690304,4235,137073807,0,0,43447297,46356,4448343,1613161,130913233,28425,2218,25,10932969,751774187,78663219,3209844755,25,0,0,0,4380253078,0,0,426,594879,1991591892,65694,82,291115072,405242,0,0,315666,1765852071,10228,962440,1974504,778252,0,286382918,2495464,0,1991,171494,19421502,1030,124,84073,1381775440,16130,0,0,145580940,4018062,18876,1925731
13872415,352596623,0,1522557,550559,10390103,6362268,233814,43762004,19164016,732044344,240897892,1603158405,16066,2584608,0,0,1727242,0,0,4386859,0,15852367,154831370,432507,565451,0,23150990,6144702,180407840,1454988815,986049151,13334,60010563,0,43077890,0,70709204,27949314,0,5941308,123,0,263479,1016591739,986044617,0,0,873798152,1891055,0,11531882,427269890,0,71248751,423596456,92213,756634,71146,4186658,0,0,2849661,32579424,0,129113,0,10,22690,194393791,49368120,103653966,1056,13369511,284139,7,338387,1204079042,17874,141948879,0,0,41306690,177796,3286602,1671275,122833319,75635,55982,22,38187117,339884307,63108710,2238647936,56,0,0,0,1455732649,0,0,36886,538841,1995120763,1115150,12,413644692,10633199,0,0,14108645,888007019,7468507,247952483,16765533,759118,0,232480020,18884468,0,89575,52356527,53623237,60376,713,2664470,1868015426,13179409,0,0,39524259,17220552,24227361,222682383
34848208,373432577,4,2643826,461414,14289671,5713085,622626,604459,49057554,724728761,3827,1589463458,157204,2611782,0,0,2727464,0,0,2447061,0,11725892,64682971,510194,1779072,0,0,85165,171138894,1401297074,987987347,16382,76320593,0,102109903,0,75048468,280329136,0,26141391,40,0,36662,972304235,987985277,0,0,544358602,1722411,0,15884471,156309719,0,64516036,132654715,202081,399982,69483,3183973,0,0,3509859,70459485,0,290508,0,12,583136,420477054,45143460,1431632,1001,25811937,139,1,5,1683800498,6611,186788865,0,2,43210768,207645,2337385,1617595,25676792,1010467,82722,24,91723112,300156638,1123,517135824,9,0,0,0,1408728417,0,0,43734,573172,1995161226,2521451,5,1021582597,23542641,0,0,18855946,685066935,15160629,321029825,23684409,603190,0,243367311,49021284,0,484221,59733686,68631875,94078,1502,2769935,1925494812,15019100,0,0,27392222,42849882,33234889,783891711
42565462,364178629,4,2643235,498446,15626493,5114244,614184,0,48143754,788212668,3640,1986180501,125348,2942790,0,0,2408569,0,0,2596617,0,10882840,65074845,506207,1970727,0,0,0,172004232,1776343749,989794215,10836,76071704,0,52062355,0,80227588,278073587,1,24393738,33,0,36082,977207721,989793871,0,0,537234328,1611169,0,15877135,231289643,0,99801273,132473766,231563,399529,74508,3178414,0,0,3223631,70403198,0,290229,0,14,582497,350557045,54101286,0,1001,25588051,281,1,5,1796669082,5302,216120307,0,0,45183111,246945,2110954,1452002,25622595,1039794,91839,17,91156486,273954980,1052,813384514,9,0,0,0,1416177382,0,0,43780,582765,1995121070,2509515,2,999041716,23498777,0,0,18843103,691882061,18100126,258074289,23299116,594212,0,281150295,48106781,0,406269,72379683,74237343,89203,1386,2809665,1925316219,18178457,0,0,27615731,42562939,33227838,686734502
43383553,523337756,5,2650167,490032,16953107,4023080,698515,0,41630006,730302977,2941,2194578587,156790,2887600,0,0,3770954,0,0,2790191,0,11462507,65364079,536968,1498179,0,0,0,172410534,1285092932,989832964,15509,79687231,0,118218857,0,82974263,282598592,0,24504606,23,0,37173,979472289,989828829,0,0,540163125,1845385,0,15970936,188711847,0,113777699,132268711,216558,397216,74959,2276520,0,0,2905590,70298188,0,288553,0,10,581192,422891954,61793679,0,1001,25960929,249,1,5,1596330728,4986,221823202,0,0,45600301,278399,2764008,1139257,25685477,1055109,102465,20,92470909,267242226,891,661218433,9,0,0,0,1419567014,0,0,44933,580785,1991727808,2442779,0,987781191,23366219,0,0,18971816,670976015,8986965,321123991,33824284,604018,0,244786289,41593931,0,120596,79738100,78799440,101050,1489,2706819,1922505515,20027310,0,0,27412803,42717519,33422778,544545252
33216130,406139867,2,2410340,420053,18971871,6140391,684527,0,47303657,796161809,3049,2161797122,145123,2774100,0,0,2954719,0,0,2561925,0,11268926,65230898,531297,2286453,0,0,0,169381212,1967232686,989834276,13715,81363004,0,127876935,0,82727287,310846747,0,24584750,43,0,37207,962194671,989837541,0,0,460823563,1489899,0,13079469,248303471,0,111330968,132591140,221668,399245,73812,4071984,0,0,3871798,70079795,0,289388,0,13,582289,464044067,62033485,0,1001,25561246,226,1,4,2196346594,3739,226240568,0,0,43786812,407430,2884170,1836669,25704654,1138840,107818,17,92298071,267875584,838,871268876,9,0,0,0,1392761420,0,0,43556,583458,1995106450,2488999,10,1025574620,23438246,0,0,15472608,657892124,18378128,321033952,25889915,616818,0,243600705,47266472,0,360054,78489497,80195390,91653,1829,2789360,1924045611,19713466,0,0,27751386,42641876,27360669,739957257
36238394,412089912,3,2644710,368980,21954919,5611365,674564,0,43684263,834492321,2878,1879597567,169813,2762372,0,0,2719163,0,0,2847728,0,11737364,64694285,523501,2364842,0,0,0,171903635,1817050942,989831335,15008,80620306,0,116675710,0,82938537,357826358,0,24531438,50,0,36110,976528691,989830750,0,0,421620489,1310596,0,15195162,248801638,0,96088429,132344000,233679,399219,82791,3844296,0,0,3286583,66040069,0,285336,0,13,581320,382971106,62317032,0,1001,24493411,324,1,5,2174045863,3638,231174583,0,0,43027472,722701,2657865,1578665,25657300,1213133,158358,30,92365937,266063968,778,861466919,9,0,0,0,1414861816,0,0,50812,606580,1995164023,2527241,6,1021372312,23120022,0,0,17772358,656460945,19117877,319871000,26486121,609423,0,243485684,43648164,0,135065,67604394,74081025,86152,1235,2833625,1918333102,16985409,0,0,27798385,42768036,31317255,776279611
41243583,453276235,4,2635564,381925,20582130,6428532,1366140,0,44026773,731519074,2628,1749784518,174957,2729336,0,0,3129296,0,0,2658378,0,12225491,78944525,547618,1831251,0,0,0,172578570,1600755334,989832282,14356,80967731,0,64046035,0,79788344,319488045,0,22775146,40,0,36071,980353338,989832545,0,0,432516762,1452001,0,12096890,212283982,0,83106388,132494229,203582,399549,82958,3589329,0,0,2828907,70143300,0,268858,0,4,582208,432376639,54105320,0,1001,25749719,249,1,4,2015894463,13603,242339665,0,0,47609874,622332,2498945,1900548,25656446,1052019,142323,21,96297284,274321560,746,739420676,9,0,0,0,1420714787,0,0,45752,613498,1995158602,2378388,7,1103768786,21880158,0,0,14297650,679084110,18413646,284412631,27927891,627755,0,254909874,43990687,0,143439,62831000,73673525,100187,1698,2758028,1918341031,15803014,0,0,28423525,41852793,25354108,790489617
31285175,438389327,2,2911709,396680,15046702,5389396,2683100,0,43531857,777861313,2590,1643966746,146734,2703701,0,0,2995693,0,0,2897509,0,9179069,70236160,518950,1574397,0,0,0,143453775,1354064500,989811957,13990,73902747,0,132100765,0,80448941,317057312,2,23926279,13,0,36655,814390580,989811521,0,0,646584078,2605450,0,19752321,189614949,0,75545984,132288232,221099,398264,82505,2866724,0,0,2404855,70869256,0,289974,0,6,580207,501399143,56165132,0,1001,26174411,81,1,4,1482030345,4089,222170117,0,0,36240857,208604,3111748,1512145,25673610,1117018,75792,17,115290897,273813765,718,659904059,9,0,0,0,1163526756,0,0,44873,584787,1995156450,2564685,3,850389486,23456455,0,0,21795754,654791456,19265248,322110759,26535099,610158,0,243709679,43495777,0,133377,60307098,71944533,92701,1611,2805403,1920455151,15172308,0,0,28019612,47206021,39677002,750371286
39082984,434948445,5,2649108,419454,15436907,5817363,2664697,0,43486284,664413161,2458,1948585882,156246,2640431,0,0,3204264,0,0,2731906,0,12594276,66408029,526762,1727520,0,0,0,176730653,1345123243,989830667,13119,71815306,0,109644923,0,74122070,314690186,1,24414149,5,0,36640,1004076483,989830553,0,0,652063534,2527218,0,19993506,149814690,0,94147275,132226146,201221,396983,75281,3161189,0,0,3099771,70282852,0,290181,0,6,579828,458491433,44625062,0,1000,25802890,145,1,3,1960011071,9658,219837684,0,0,46191251,340354,2362305,1635082,28849344,1005610,96935,27,114632062,304081784,692,501921080,9,0,0,0,1457237480,0,0,45328,594579,1995089735,2567527,0,1071976871,23494016,0,0,23093060,656484312,16327070,320006650,28183428,579046,0,243312395,43448911,0,130793,70095329,66914577,89718,1620,2780136,1915357037,17606678,0,0,27934590,46996885,41202323,806008425
48532561,367492651,2,2641314,437628,15906649,5435574,2699696,0,43614168,664759741,2475,2194779057,140106,2552349,0,0,2504884,0,0,2559848,0,12599447,66702971,536808,1510846,0,0,0,172918563,1311086887,989814932,11990,81504990,0,100117159,0,80475367,283396436,13,24314073,3,0,36853,982385493,989813542,0,0,652836137,2460845,0,20005501,182847323,0,111135001,132437309,183780,398449,85092,3090224,0,0,2910348,69486924,0,303300,0,2,581703,400220756,60174019,0,1001,25476903,182,1,4,2195707060,3197,200908353,0,0,51990841,203751,2410005,1538104,27766205,1037169,81539,27,115465469,283317606,630,645629342,10,0,0,0,1423504679,0,0,40397,638273,1995094956,2711806,1,1056983644,17908618,0,0,23920525,701951669,14828963,319954877,24288801,578917,0,242642229,43577480,0,138120,78729993,77814434,95858,1494,2492858,1883879572,19773125,0,0,32623551,47307294,42043840,742831837
33388476,438026242,2,2640501,426567,18160400,5714999,2448916,0,43811051,999917835,2684,2194782931,145579,2638246,0,0,3292832,0,0,3275312,0,10630469,59914479,522713,1996436,0,0,0,173145044,1709010478,989719660,12542,64949430,0,122270015,0,82568980,330757624,1,21989165,8,0,36090,983601677,989720400,0,0,694554081,2385971,0,18981951,229585551,0,111276401,149312542,317083,368685,70761,2786256,0,0,2986048,69693430,0,331819,0,0,537542,422192763,62020944,0,990,25247581,86,1,3,2195632215,4153,205699022,0,0,42011369,316528,2461848,1614065,18192381,852956,99872,4,109580458,265481865,708,804943199,13,0,0,0,1425251372,0,0,53135,585256,1995160771,3062701,2,969207737,5381605,0,0,22438309,720502292,19710451,235057756,28745909,499102,0,296426577,43774969,0,135429,78510647,83372134,109554,1562,2787920,1896366049,19713400,0,0,30955762,44676915,39843216,797103519
33505066,415508929,1,2641689,482427,21631729,5255863,1684553,0,42109343,998705367,2585749,2194764174,87590,2657967,0,0,3164071,0,0,2291989,0,10366837,49716327,519064,1946949,0,0,0,179426655,1767617550,989835752,18924,51152889,0,55185724,0,82990877,152356639,0,15927607,6,0,41172,1018689023,989835620,0,0,701956370,2603319,0,20632439,230723241,0,111204770,133350983,304511,374665,76994,2803784,0,0,3192591,75176477,0,330678,0,0,541752,373428260,62315622,0,721,27803660,134,1,3,2195526697,4256,160399187,0,0,40808891,290615,2460758,1478683,20738922,860241,113956,3,103457341,265384218,50612,798694785,9,0,0,0,1459307225,0,0,44700,582953,1995265789,3084720,2,930632869,5358889,0,0,15714620,656517704,18609141,292869477,27673918,492741,0,251473908,42068342,0,127449,79113273,104765599,94985,1510,2833788,1919477658,19864251,0,0,28158149,44812607,34471642,730912013
55298251,496850924,0,2506007,416295,16764985,6347470,739228,0,42309030,1000249468,1963143,2194790134,120454,2662204,0,0,3801103,0,0,2351561,0,14400699,34866292,526899,1944166,0,0,0,134819879,1668782333,989714993,14116,81715211,0,139052339,0,82619428,202917030,0,19546233,6,0,36084,765825099,989715255,0,0,731561072,2545384,0,22688250,226876690,0,110909569,131932578,262634,398025,72276,2934603,0,0,2594669,74661049,0,299389,0,0,577908,617797329,61923338,0,623,27740363,3978,1,3839,2195532156,14636,159539311,0,1,55522907,367469,2340761,1793779,21377163,910690,94402,2,92751045,266941918,663013,783812295,10,0,0,0,1108386096,0,0,43222,582720,1995161731,2632663,0,1228256067,5120210,0,0,5307726,657680412,17068336,265314207,33641185,492451,0,259716169,42272949,0,117940,78949929,70200209,89120,1814,2705747,1923061799,19827093,0,0,27589579,42640814,25937991,870441305
55521539,506822428,5,2546912,385540,13610655,5499053,689894,0,43174138,1000066460,1391160,2194786590,105148,2678644,0,0,2977404,0,0,2876596,0,15637652,47368714,523579,1827062,0,0,0,172535495,1415775798,989825755,12812,80945885,0,93495371,0,81167625,225583485,0,15324667,4,0,36624,979999165,989824143,0,0,730601604,2648706,0,22651269,150822675,0,110336702,131731623,279267,397361,70152,3088216,0,0,2670107,71787946,0,328038,0,3,576737,350565273,58629865,0,754,26629051,8019,1,1352,2195494751,3622,150381524,0,0,69586485,283283,2883528,1582039,17719299,621504,69682,2,91139572,268227906,330344,494184926,9,0,0,0,1419824917,0,0,45764,614978,1991360186,2715813,1,1446114567,5328131,0,0,5308696,655702363,14252200,238760529,29112057,330007,0,269771275,43137876,0,123741,78596148,57753795,95526,1278,2653816,1917607864,19734285,0,0,27700496,42006776,25908548,719027209
75940561,353706027,7,2646572,426145,22531565,5052134,682056,0,43406763,795198785,926041,2193770540,44605,2626490,0,0,2695084,0,0,2521315,0,18389746,45514335,510785,1795180,0,0,0,196825899,1557794422,989832965,12707,80833779,0,111853285,0,81239193,116650319,2,14281888,9,0,36075,1116127849,989832997,0,0,733792715,2627145,0,22724584,211315842,0,104398058,132077765,245970,398029,80988,2311292,0,0,3111550,70435960,0,309600,0,2,579320,351403055,60589287,0,544,25825616,2202,1,2633,2195377608,3504,142155214,0,0,83335533,446937,2459627,1415629,18902877,698278,135331,15,91865855,272553821,577834,746715246,9,0,0,0,1558139454,0,0,45262,614191,1995117818,2783574,2,1463202625,14144928,0,0,5313738,656708914,15868158,320184956,23246544,363329,0,242122764,43370132,0,125994,73464991,99183460,107959,1293,2828122,1918202093,18448765,0,0,27843179,42440389,25978377,700917416
65177754,408837780,5,2641346,370148,23448873,5271407,627548,0,43664958,788924547,0,2194774494,127440,2571912,0,0,2968712,0,0,2745630,0,17893750,40427968,556081,1556926,0,0,0,180354814,1341388674,989720690,12880,69285857,0,128030210,0,82679176,245049782,0,15034822,26,0,37988,1023902631,989720552,0,0,714533580,2332685,0,18671220,186770784,0,112184512,131973113,224755,398096,89645,2951015,0,0,3345129,70270725,0,286731,0,11,578013,472154847,62034794,0,781,25877788,1711,5,1860,2195408903,3959,137215349,0,0,73564260,313247,2648943,1484790,15776261,752026,128578,22,89800485,273963435,75317,656605978,9,0,0,0,1463654383,0,0,55306,576800,1995067169,2507440,11,1544880913,24619715,0,0,21904223,683349034,17606770,318659513,26255614,393364,0,241533046,43628277,0,122815,78701315,113881284,101312,1894,2852334,1918680148,19767200,0,0,27645637,41751077,39069651,727617298
57034067,418897896,2,2639472,373688,24544884,7390986,650503,0,44106553,724641674,0,2194976668,115264,2731761,0,0,3229484,0,0,2677501,0,17508645,36319275,533695,1585242,0,0,0,170138251,1294159515,989951910,12597,70930947,0,140778393,0,83280304,244061055,0,17603945,56,0,36098,966349453,989951663,0,0,651172401,2585637,0,19923961,164238025,0,112961816,131831837,199435,396321,72688,4004649,0,0,2872874,70695079,0,286803,0,14,577194,632007072,62368231,0,767,25686237,940,1,366,2195378899,9968,151111102,0,0,66884188,674279,2219223,2102049,17103988,605385,160944,26,90916381,270723089,555184,556584584,9,0,0,0,1398703421,0,0,43831,541535,1995162389,2527365,45,1569366354,24609900,0,0,23789012,656681432,15946826,307152923,28299940,348686,0,254977617,44070400,0,132248,78848788,92919693,88067,1865,2794426,1917094426,19800989,0,0,27677931,42117722,41819094,988198307
61174594,432606182,2,2637401,373623,23589513,7710629,652963,0,43920505,785370652,0,2194761197,107916,2655350,0,0,2943895,0,0,2718279,0,13723220,46774803,506565,2171992,0,0,0,172829089,2039994570,989063085,11738,80294026,0,107188052,0,82991459,199611318,0,14740389,5,0,36082,981666687,989067578,0,0,650987406,2800699,0,19910118,274805027,0,112279654,131916652,217325,397940,70254,3190628,0,0,2998500,69976411,0,286826,0,11,578230,561410199,62263732,0,634,25983741,2468,1,0,2195570099,19279,145918036,0,0,57925681,308477,2319002,2143560,25166411,1007621,125803,18,90929670,271208729,0,989458711,10,0,0,0,1422361409,0,0,43205,582317,1995080346,2508187,0,1251249479,24618235,0,0,23754596,689046318,17063286,285972210,28619212,569690,0,268372320,43883843,0,135252,78969283,114598968,96471,2009,2737633,1915930195,19831708,0,0,28296290,42052151,41710480,1065482775
45964402,382327248,3,2633790,370731,13518445,8149285,672677,0,43810998,756476988,0,2194770085,116673,2451796,0,0,2927853,0,0,2419970,0,14136662,49739288,510378,2552988,0,0,0,172940782,2194775560,978869612,15847,76307458,0,105261132,0,80164071,181603807,1,14931256,7,0,36602,982300906,978864228,0,0,650857081,2697099,0,19934648,269718587,0,112440352,131860560,214916,397025,76092,2828246,0,0,3082689,69637542,0,287457,0,12,577929,502213810,59909565,0,581,25647102,4497,1,0,2195287651,3763,150751261,0,1,52932213,165732,2482769,2294177,25175459,1042400,60574,18,91129285,288229803,0,952382693,13,0,0,0,1423307371,0,0,40579,583772,1995118973,2453988,0,1229341210,23861874,0,0,23770114,688113165,17784590,311957266,25266714,591498,0,246296499,43774919,0,134219,78667510,63873788,88792,1778,2439275,1917451506,19758026,0,0,27671098,42014208,41761075,1145281443
49221169,427864110,0,2636695,423406,15603666,8313368,641224,0,46207663,734285346,0,2194775304,63773,2429955,0,0,3288469,0,0,2425347,0,14638169,26710457,627051,2244029,0,0,0,172651010,1907849182,989841389,16583,80765802,0,128813725,0,78748889,154479435,2,16252573,8,0,36833,980623261,989841523,0,0,651776119,2502293,0,19941159,242807156,0,112955918,132201894,203183,399073,88411,2269999,0,0,3507006,70442401,0,288572,0,9,579816,459773790,58514620,0,767,25821394,2728,1,0,2195270050,4298,128240098,0,1,56777479,187635,2508544,2340325,23845629,1082936,77351,23,87356631,296307208,0,852131976,9,0,0,0,1420657333,0,0,42612,584404,1988743796,2393352,2,1323435098,23353578,0,0,23815226,735859046,17613198,315494308,28837064,533478,0,244382160,46170161,0,274779,78658593,76139157,95354,1556,2565178,1863477081,19754031,0,0,34790910,40051054,41866085,1167799350
49716770,448056269,1,2910295,506426,17085008,8349505,666434,0,41458333,700456878,0,2194707911,108089,2634162,0,0,3058211,0,0,2262034,0,17584462,71024443,538407,1993256,0,0,0,170379247,1660158460,989702321,14243,80915661,0,130264976,0,81772968,166590136,0,23994911,7,0,36885,967624906,989701055,0,0,651756238,2546994,0,19937736,210637639,0,112705398,132459159,228132,399418,89626,3106912,0,0,3199736,70436995,0,268638,0,8,580691,468660974,59900300,0,504,25596503,0,5,0,2195251397,5173,235734365,0,0,65182592,314338,2652446,2352839,18969642,658923,98874,24,91140791,272504191,0,726008106,9,0,0,0,1400503825,0,0,51866,583997,1995104808,2230086,1,1568311569,21886032,0,0,23846713,676358894,16400204,319239761,28397136,389638,0,241861356,41421617,0,132481,78811855,77363836,105149,1790,2799343,1881744134,19794624,0,0,31710829,42122459,41912990,1173465005
51627931,544787135,3,2505239,492553,18976399,8348628,641927,0,43590603,692541393,0,2194760614,117619,2623521,0,0,3048612,0,0,2698764,0,16343622,72093885,533830,1993651,0,0,0,173185705,1519676583,989824506,14128,81057821,0,99491392,0,82771449,190551973,0,21845160,7,0,36071,983580419,989825561,0,0,653465399,2410720,0,19961186,181214625,0,112411902,134968497,191813,393268,91419,3512845,0,0,3048268,67124664,0,282600,0,10,570666,357983043,62106810,0,615,24413924,0,1,0,2195227435,4185,216309264,0,0,61099360,370250,2334300,2342251,20171513,771007,103196,26,91103833,268670805,0,616915751,9,0,0,0,1425126313,0,0,45316,615443,1995159413,2345753,0,1397338535,22899520,0,0,23875359,658995378,16156750,319048229,29973780,400066,0,241790545,43554519,0,125883,79170951,83412754,88029,1364,2788583,1883203984,19885319,0,0,31782427,42191538,41952512,1169082652
56171404,625354259,2,2641992,409000,14764251,8392926,610812,0,43548924,695662829,0,2194762282,203685,2720182,0,0,3608963,0,0,2584019,0,14763855,37805877,532536,1612492,0,0,0,174096568,1400081108,989847901,13690,81220060,0,132721849,0,79286631,155259000,0,21332822,6,0,36104,988775707,989847547,0,0,653028805,2564884,0,19931241,191144107,0,111186474,152360457,191147,369291,90490,4532536,0,0,2425379,70541417,0,288595,0,10,535053,506381675,52227017,0,1188,25255607,0,1,0,2195205822,17347,154536586,0,0,63247013,226914,2404548,2361872,19236066,626084,69238,29,91180717,278526363,0,674323165,9,0,0,0,1433142784,0,0,44424,606261,1995149929,2495650,1,1177770268,23317349,0,0,23846058,658071658,12798562,294630451,32701110,361024,0,251049384,43512827,0,124717,79112121,67344857,89463,1703,2865225,1908359964,19871852,0,0,29126594,42529902,41895785,1174556922
44361211,392434157,2,2629477,379571,17062945,8349939,630588,0,43763901,711118939,0,2194747784,171161,2610539,0,0,2904180,0,0,2826563,0,10418527,83088211,525729,1869013,0,0,0,170466187,1569493456,989812785,13645,70252303,0,57820829,0,82738383,297741726,4,22389353,7,0,37206,968071482,989811551,0,0,665966074,2389095,0,20205166,208119608,0,111697583,131914974,197102,398769,95626,3258293,0,0,3129161,70359453,0,292618,0,6,578147,389355252,61832678,0,1031,25595480,0,1,0,2195175980,3850,242961158,0,0,42782215,289433,2059142,2351635,15652834,860382,89689,23,91570255,269355334,0,735318475,9,0,0,0,1401142246,0,0,45277,602697,1991320090,2781546,1,965716811,21306163,0,0,20729037,656075992,12898513,321139365,25190636,508369,0,242745312,43727871,0,127158,79046081,76609087,87031,1579,2833357,1916540883,19859074,0,0,27855171,42661190,38976262,1169523909
32233210,641376511,4,2637518,397984,22903255,8372110,682307,0,43928558,651881799,0,2194762905,162708,2819138,0,0,3829580,0,0,2484847,0,10475990,63220185,540358,1954911,0,0,0,176101589,1705147473,989841706,12962,73650132,0,96163859,0,75086450,311070311,0,25271770,24,0,36675,999801071,989841324,0,0,782366144,2471823,0,21151406,223437514,0,104151563,132484233,204122,401538,72017,2419530,0,0,2984474,69873652,0,296859,0,9,580772,342278919,41543696,0,1003,25441904,0,1,0,2195125555,5066,208291962,0,0,37080885,303381,2234353,2352657,23744794,1170520,125532,31,91578049,290391484,0,782333072,9,0,0,0,1440305297,0,0,45769,544009,1995107970,2746193,6,909865259,19718142,0,0,5120451,764614487,15160476,317485244,34920164,669150,0,247882453,43892217,0,132801,74584494,110328658,101110,1294,2777531,1916549257,18732747,0,0,28235357,42423437,24625863,1164517486
30265595,399945627,3,2632589,333038,23388527,8409596,704542,0,44292104,692102528,0,2194779884,110253,2642925,0,0,2919812,0,0,3109462,0,9396382,62048434,586275,2046736,0,0,0,201705660,1770298873,989707873,14506,73230666,0,115211102,0,80096323,274976553,2,26203721,6,0,36830,1143522218,989707332,0,0,692673102,2489836,0,21296082,245563909,0,110022508,142810320,190200,497407,71527,3010280,0,0,3721771,70076627,0,289071,0,9,640466,405285146,56128532,0,996,25225969,0,5,0,2195161563,3852,202897160,0,0,37493682,327101,2746686,2362968,29928678,1118381,135109,25,91687827,277023616,0,838177035,9,0,0,0,1586232826,0,0,44459,565459,1995095489,2725320,1,872816957,23487718,0,0,13930210,709188988,18056591,294879415,27136167,548119,0,273090073,44254844,0,131174,78643365,113852633,103377,1505,2879157,1890802303,19754195,0,0,31529283,42319831,33258621,1170816543
37179413,484553574,8,2641335,330734,23654341,8800534,707520,0,44270873,707942099,0,2154729823,124160,2559964,0,0,3190829,0,0,2556966,0,11454590,62691202,501605,1904430,0,0,0,170633510,1699580873,989678032,10616,76427843,0,88432976,0,80811023,272465967,1,24506731,29,0,40502,969005613,989678374,0,0,692840313,2609355,0,21252476,217001803,0,110051320,132497170,191983,399054,74319,3571576,0,0,3056411,69774121,0,288772,0,5,580776,383750934,59978903,0,1004,25218608,0,1,0,2195116150,4004,234871410,0,1,44971408,318809,2748871,2542254,26751234,1053991,126047,30,92660343,267501252,0,743970713,15,0,0,0,1402639384,0,0,51973,581588,1995165847,2550665,15,1046144185,23408899,0,0,11758303,648320410,17778108,319735597,29561455,583254,0,240030202,44230408,0,131233,77637743,117909133,111228,1527,2673677,1897611675,19513256,0,0,30085430,42715054,31058055,1140365968
43729581,424223872,5,2644146,386392,23429083,8733282,676652,0,43996151,632067233,0,2194961924,140075,2391552,0,0,3269834,0,0,2931600,0,13011747,61505080,520483,1871255,0,0,0,172695244,1444173732,989950533,20115,78833039,0,152215127,0,73869632,274717671,0,25451263,8,0,36654,980828425,989949608,0,0,650351072,2454146,0,19840059,166108253,0,111487275,132165529,176391,397331,71776,3472149,0,0,3049874,70806436,0,288524,0,0,579485,542486911,46841009,0,1007,25844403,0,1,0,2195112277,4535,214942753,0,2,47885694,332628,2411806,2627377,25701129,1072822,134916,33,91476184,320079442,0,552866440,13,0,0,0,1420876821,0,0,42075,580815,1995131850,2556929,1,1125152626,23379409,0,0,23635314,659488485,18611357,320683813,28409747,607528,0,243115058,43959517,0,128172,79579429,116094074,104270,1826,2424469,1924059232,19989753,0,0,27440157,42388083,41547505,1000252402
42665544,380774089,10,2621300,439513,14638456,9658877,641930,0,44170356,999759506,0,2194745094,134463,2588303,0,0,2876351,0,0,2933403,0,11191678,61295835,533063,1668474,0,0,0,169395261,1457474298,989849817,16945,80850798,0,162433636,0,82884782,273274263,0,25928909,7,0,36644,962037298,989850464,0,0,650772586,2392813,0,19834407,199566274,0,111703168,132073007,282230,396532,69911,3027845,0,0,2747304,70830438,0,320173,0,0,578679,591658057,62102758,0,1002,25762061,0,1,0,2195107997,17422,212399889,0,1,45200968,207250,2171032,2917445,25023746,1035420,85061,2,88299220,268964331,0,705479201,9,0,0,0,1391757470,0,0,46353,370001,1995159420,2778157,1,1033681298,8106501,0,0,23612091,657072126,16117631,320026154,24911533,589663,0,242416045,44134287,0,129696,79658922,72626151,87866,1779,2806517,1918693449,20005074,0,0,27921505,40517116,41519693,1097989022
39966764,404535062,3,2623927,416769,16411009,9624271,666058,0,41425670,1000101444,0,2194758786,144021,2611477,0,0,2718013,0,0,2244607,0,10309812,62542533,529495,1771347,0,0,0,154880783,1528198858,989830357,15880,80773402,0,150480450,0,83683147,274491526,0,24325630,12,0,36073,879289979,989829636,0,0,644250713,2412478,0,19579517,209848695,0,111728853,132746265,285031,398671,72725,3094579,0,0,2906429,70497495,0,274368,0,0,582119,610059146,62346770,0,1015,25570799,0,1,0,2195347792,3612,229410982,0,0,42533087,225848,2839162,2907498,22595158,913943,81811,2,90406464,268203566,0,735639435,9,0,0,0,1263739761,0,0,47699,0,1995097520,2287343,4,923035757,21408065,0,0,18604901,657076688,6271409,318197769,26722753,513783,0,242259872,41388865,0,125578,79731062,80341137,85607,2419,2796740,1922671348,20021545,0,0,27579741,41641235,36327276,1094474370
43579430,402727351,5,2443781,313400,18654990,9626660,546251,0,39723922,790368310,0,982413060,162807,1820169,0,0,3127895,0,0,2446007,0,12075228,57776776,127484,1518703,0,0,0,84982430,1335131968,970577143,6778,51865252,0,116557161,0,58442587,273283041,0,21301091,36,0,36670,484066666,970581583,0,0,660093369,810002,0,19638538,187773325,0,45857322,132514618,220257,397712,29869,2582034,0,0,1780640,68578616,0,262159,0,0,580765,414874241,43529470,0,1004,24974204,0,19,0,1473327016,4329,202018890,0,3,46212938,321249,3101734,2913574,24654672,1109887,98031,1,74399326,207849833,0,659607029,27,0,0,0,748348114,0,0,29489,0,1791835551,2184256,4,1056877627,21335480,0,0,23294661,241442541,8431903,133485029,27107698,614233,0,131858847,39691512,0,127966,32966788,83485297,32407,1685,1677218,1046200092,8280128,0,0,18212298,34376908,40998110,1096038846
585494,226469832,0,0,0,1305519,1367977,0,0,0,0,0,0,86838,0,0,0,1818861,0,0,605705,0,23971,26545976,0,0,0,0,0,46472192,0,0,0,0,0,0,0,0,131008714,0,1848675,0,0,1095,261881623,0,0,0,90852101,0,0,361298,0,0,0,37012925,0,20227,0,994877,0,0,313062,725316,0,0,0,0,28293,0,0,0,339,306221,0,0,0,0,2381,46400793,0,0,2917716,24414,1990260,406393,18204850,765087,6013,0,0,0,0,0,0,0,0,0,308681152,0,0,0,0,0,0,0,48976613,0,0,0,136839,0,13372271,0,14685983,456376,0,0,0,0,0,0,5357421,0,0,0,0,0,0,0,0,0,690391,160709177
