49212732,2371902,1,10452,1148626,10736,9328825,23,110483164,413082,999710686,259378252,2191434778,0,99578,0,36,8962,0,0,5056279,0,24988192,182153591,6153,94794,0,48430987,15513364,920835313,392849,2190854926,984185734,635,35502,0,993594,0,115822,5632964,4467499,1,70442,288,0,410857,4384797865,984183656,0,0,101116,1758126376,0,0,7125,804689252,931840638,0,496237,432541797,140,757326,40,0,6493932,0,5826466,9671,4,140,0,0,2368,1864505,9850,263714942,1022,236154,761823,71,383131,1680400341,0,128191875,0,41,68429160,4982,5869698,2294687,128841001,1665,0,13,796854,809144210,78054332,4410491912,172,10,0,0,4601401430,0,0,2840,462,1994440190,99950,39,431195877,409213,999704545,0,0,404894,1750562898,7086,881976,316161,914617,0,281763021,20149,0,2,263129,52027,167,114,96752,11151,1386158986,0,0,144541678,234887,16791,1763965
46995254,1247676,0,9045,1141427,20453,9345410,0,111520932,446818,1000144064,259469925,2194709889,0,94988,0,35,9522,0,0,4743770,0,24236591,166729826,6000,84564,0,48885888,15659026,923277641,395132,2194898786,989923154,180,20625,0,885400,0,99742,5630135,4424904,1,59922,37,0,403616,4396411757,989923332,0,0,96442,1759412728,0,0,2029,805822583,933581957,0,413270,434763446,0,766310,3,0,6492949,0,5514425,3890,4,0,0,0,2030,1837657,3729,263924562,1004,187501,761039,1,383270,1692587597,0,106752504,0,2,69121620,17111,5780939,2300047,130420873,850,0,1,595496,810896579,78303006,4420150254,1,0,0,0,4613413469,0,0,6,8,1995328303,95726,7,430198603,404743,1000145516,0,0,401102,1758700768,2492,844553,300012,854963,0,281824544,15848,0,0,845172,49828,23,100,94978,3644,1387156151,0,0,144454494,169966,8090,1542094
30890313,14811896,0,9234,1150590,24251,9360435,0,111588092,404880,1000058126,259221289,2194721994,0,96940,0,35,17940,0,0,4854457,0,24318798,170698719,6004,89601,0,48915452,15668534,923758136,393774,2193881845,989866919,32,22491,0,856352,0,96605,5729138,4440507,0,59233,0,0,437468,4398707190,989866917,0,0,96094,1757868217,0,0,3155,804351660,931884161,0,152024,434412671,0,763374,1,0,6484101,0,5623301,4068,4,0,0,0,2008,1841904,3256,263228745,1025,55705,762538,4,382903,1691114989,0,118463689,0,0,66439725,20767,6074739,2302760,129899404,952,0,15,251910,810698538,78510350,4410973225,0,0,0,0,4615848305,0,0,543,1,1995230184,95514,5,428987232,405042,1000059286,0,0,401103,1755375492,2569,836540,958041,827549,0,282905738,32920,0,0,921854,52802,18,64,96397,5150,1386726801,0,0,144577767,37436,8346,1601094
44569554,11527283,0,9045,1151879,19916,9361664,0,111676568,404975,1000094836,258924724,2194760244,0,94835,0,92,18433,0,0,4744940,0,24324070,173154705,6000,84766,0,48954116,15680860,927200212,392064,2194812823,989885926,214,21127,0,851263,0,99793,5445388,4417554,0,59239,0,0,427730,4415086405,989885886,0,0,96180,1758216042,0,0,2405,808570919,934912635,0,154251,434798552,0,761522,1,0,6490953,0,5514306,3195,4,0,0,0,2008,1827477,3881,262027412,1004,44008,768115,0,382463,1692259380,0,126424814,0,0,68671551,17114,6291943,2303747,129584796,1094,0,1,239266,811550742,78317794,4435386334,0,0,0,0,4632999208,0,0,15,3,1995237192,95149,10,430710248,406756,1000095457,0,0,401460,1746529137,2593,847451,944746,1067800,0,282846049,28031,0,0,846558,46030,18,57,94820,2325,1386304147,0,0,144655007,32647,8021,1514281
36546946,11366638,0,9234,1149548,7219,9388182,0,111860820,406572,1000099676,259253767,2194760199,0,94804,0,35,18226,0,0,4857912,0,24871153,176090046,6000,90789,0,49034880,15706755,924321200,391032,2193771378,989878000,40,19695,0,874742,0,97157,5537793,4425645,0,59232,0,0,437226,4401387900,989877988,0,0,95918,1750569270,0,0,1773,807143233,933205720,0,144529,434530022,0,762698,1,0,6460005,0,5626846,18099,4,0,0,0,2010,1831849,5809,262203722,1025,55400,766751,0,382950,1694322804,0,131556314,0,1,69253727,3671,6201558,2306759,129786930,973,0,13,264636,812044281,78696674,4426693553,0,0,0,0,4618659436,0,0,0,1,1995233964,95234,3,435960141,406721,1000100457,0,0,401642,1744627520,2531,840370,974322,847353,0,282885974,34005,0,0,198139,44048,10,88,94804,1815,1385325076,0,0,144828069,38320,7695,1513405
56417120,11301538,0,9045,818730,4364,9362007,1,111916884,457274,1000097175,259004826,2194762278,0,94645,0,35,8072,0,0,5018985,0,24426295,179293489,6000,86141,0,49059328,15714586,925245770,392444,2194831697,989853533,181,22450,0,829366,0,99338,5641470,4291900,0,59231,0,0,399367,4405772939,989853396,0,0,97186,1755879720,0,0,2641,805648805,932819242,0,353626,433324584,0,764747,5,0,6478581,0,5785938,15119,4,0,0,0,2008,1853832,4114,264530652,1005,199302,768757,0,382586,1693396488,0,138138827,0,0,70814009,2631,5567041,2303840,130153458,836,0,1,666311,811640414,78492202,4413163875,0,0,0,0,4623233538,0,0,0,4,1995214834,97473,13,431807550,407360,1000099383,0,0,401913,1748590004,3391,849386,960634,766871,0,283388968,14742,0,0,188296,47328,45,231,94645,1904,1384308849,0,0,145023064,192411,8600,1496253
15707851,9909549,0,9225,939787,24664,9374968,0,111489765,447684,1000099363,259323179,2194700599,0,94753,0,0,8934,0,0,4661180,0,24329358,178261208,6002,90588,0,48872320,15654689,926733335,395965,2193876749,989878192,18,20378,0,2937016,0,96392,5808025,4368195,1,59290,38,0,415492,4412865783,989878186,0,0,95507,1756247021,0,0,1946,804785542,932080537,0,357095,435151171,0,761690,2,0,6480861,0,5431610,3867,0,0,0,0,2008,1854288,2403,262768703,1025,185079,768664,1,383054,1692435246,0,130455531,0,0,64533390,19103,6013783,2303395,129614639,927,0,13,556151,812764634,78424643,4402532065,0,0,0,0,4630697824,0,0,2,0,1995249431,94804,6,429713506,406001,1000100140,0,0,400098,1764259097,2513,835637,868369,1056957,0,282320160,20618,0,0,898806,45423,21,61,94751,1962,1384305676,0,0,144991157,151548,7994,1557126
36270969,1473805,0,9036,976055,20437,9372359,0,111646999,456721,1000073323,259417720,2194728865,0,94613,0,0,20067,0,0,4657537,0,24359092,177337806,5999,85172,0,48941076,15676737,930593104,396618,2194817619,989876609,190,22692,0,877162,0,100691,5895536,4428490,0,59234,1,0,427220,4431240391,989876583,0,0,96265,1755664913,0,0,3264,805671321,929473878,0,233541,435162584,0,763977,2,0,6479456,0,5427804,3944,0,0,0,0,2008,1848388,6275,264467386,1004,48617,766247,0,383188,1692359647,0,130522973,0,0,67090094,17016,5555215,2306502,130028116,836,0,3,230051,810682492,78670886,4409986044,0,0,0,0,4649944570,0,0,0,5,1995241171,94459,7,427946832,404896,1000074297,0,0,401761,1764930565,2497,844875,297859,779207,0,282744698,29737,0,0,842707,47274,35,80,94609,3082,1384136964,0,0,145063647,33295,8429,1519104
23875242,1393774,0,9234,1143882,23316,9400306,0,111997476,462806,1000085523,259407430,2194727622,0,94634,0,0,18187,0,0,4655430,0,24387655,177310872,6006,90511,0,49094844,15725922,929184251,395411,2193880078,989877872,4,21789,0,885127,0,97420,6227494,4436762,0,59230,0,0,438774,4424543010,989877841,0,0,95834,1756848709,0,0,2791,804968571,923322087,0,147096,435212024,0,762494,1,0,6481707,0,5425983,3951,0,0,0,0,2008,1843478,6237,263657467,1025,59723,766739,0,383171,1695464921,0,134142515,0,0,66317887,18004,5745201,2306985,129753717,896,0,13,491614,812137649,78627951,4414261816,76,0,0,0,4642956363,0,0,0,0,1995250747,94464,10,431885782,406690,1000086294,0,0,401535,1762536598,2505,835496,308974,764815,0,282385521,33144,0,0,878275,46924,10,77,94638,3409,1383849480,0,0,145113181,125975,8528,1540181
42001231,1323523,0,9036,1145645,19618,9384088,0,111976452,456980,1000088576,259302523,2194753839,0,94642,0,0,18652,0,0,4639302,0,24370608,174292784,6000,86620,0,49085488,15722971,931473949,395891,2194670553,989877707,175,20900,0,881842,0,100434,6202480,4418513,0,59235,1,0,427785,4435434151,989877691,0,0,95818,1761378053,0,0,2037,804358614,924217911,0,161474,435386088,0,764537,1,0,6503791,0,5410056,2928,0,0,0,0,2008,1841952,6946,263404614,1004,44490,763449,0,383018,1695295565,0,125945925,0,0,68146299,16473,5990288,2309391,130096967,1138,0,1,592331,811423771,78730622,4411146429,50,0,0,0,4654338810,0,0,0,3,1995240220,94285,13,429405110,406330,1000089360,0,0,401153,1762281951,2381,845490,289079,766495,0,282627217,28552,0,0,835217,46288,30,90,94642,2354,1386746619,0,0,144662809,171720,7933,1517279
56234848,2033015,0,9225,1145804,19440,9405803,0,111780812,457678,1000092541,258994474,2194751572,0,94453,0,0,17344,0,0,4829487,0,24385690,179744946,6002,90712,0,48999808,15695506,929725582,395957,2193795657,989877746,10,19781,0,878918,0,97894,6150548,4468843,0,59230,0,0,441298,4427114413,989877705,0,0,95699,1762119593,0,0,1761,804380940,925416105,0,143289,434005500,0,762391,1,0,6504540,0,5597855,4944,0,0,0,0,2008,1817553,6183,262024702,1025,56230,766184,0,382566,1693305189,0,136620424,0,0,71887716,16231,6239611,2311208,129735284,909,0,13,628661,810983954,78871866,4400198852,0,0,0,0,4645649113,0,0,0,0,1995250601,94015,5,436634623,406768,1000093405,0,0,400756,1764584693,2528,837011,292416,764202,0,282949357,34125,0,0,696594,44376,17,65,94452,1810,1388015688,0,0,144429923,180612,7663,1539478
45007280,2012359,0,9036,944735,20166,9386766,0,111909000,447659,1000168002,259186741,2194697311,0,94677,0,0,19451,0,0,4653329,0,25156371,166561683,5999,86192,0,49056000,15713577,932964277,396761,2194952987,989929191,150,20935,0,3019224,0,101088,6168962,4415027,1,59235,37,0,426765,4442528156,989929161,0,0,95106,1760789352,0,0,2077,805823284,924926259,0,158169,435075263,0,763223,2,0,6500285,0,5422995,3226,0,0,0,0,2008,1853026,6857,262884292,1004,46508,768167,1,382844,1694769212,0,112433902,0,0,70485679,16213,5978397,2310177,129895607,860,0,1,247971,810490069,78731679,4417143094,0,0,0,0,4661788682,0,0,1,3,1995389622,94769,6,436034926,405539,1000168779,0,0,401464,1765596487,2422,844285,301834,808952,0,282163227,28671,0,0,830641,45502,22,103,94677,2032,1388217122,0,0,144386142,37125,8098,1493204
38904827,1524447,0,9225,918679,23409,9382073,0,111216084,406390,1000060907,259712455,2194885896,0,94633,0,0,18930,0,0,4653953,0,24608815,179345913,6000,91276,0,48752384,15616281,927116320,396252,2193735585,989867207,44,23662,0,837691,0,97483,5823011,4336365,0,59234,0,0,439694,4414691154,989867195,0,0,95774,1759963904,0,0,3416,804623616,930205705,0,150146,435327500,0,764570,1,0,6496923,0,5424365,4158,0,0,0,0,2008,1857669,6206,262629131,1026,57147,766603,0,383626,1687437836,0,136824240,0,0,68166275,17574,5995947,2307827,130104876,920,0,15,259747,811239091,78620241,4412135901,50,0,0,0,4632616927,0,0,0,0,1995223395,94666,6,431749584,403978,1000063559,0,0,401334,1765493049,2497,836001,310461,766007,0,282264163,33760,0,0,879432,46848,18,87,94629,2964,1386667557,0,0,144640821,39829,8488,1655606
31566688,1144793,0,9036,1149162,23543,9272653,0,111847096,405694,1000090874,259367140,2194752995,0,94634,0,0,16165,0,0,4657504,0,24395225,179649309,6000,86284,0,49028863,15704908,933157056,396744,2194829063,989881682,197,23868,0,810020,0,100343,5789364,4209482,0,59236,0,0,427380,4443448684,989881664,0,0,95752,1762135458,0,0,3522,806969518,930586250,0,277847,435025241,0,764334,1,0,6505393,0,5427517,3111,0,0,0,0,2010,1856809,6540,263356116,1004,46706,767455,0,383114,1694147488,0,137472608,0,0,64730349,23541,5883161,2279579,130086140,805,0,1,220786,810933056,76413310,4426715140,50,0,0,0,4662751006,0,0,0,4,1995221740,94384,1,431527869,404809,1000091739,0,0,401422,1765547423,2489,844309,288760,766073,0,282900133,28741,0,0,978553,46260,22,67,94639,2363,1386178590,0,0,144713385,31644,8503,5694581
51174670,1834373,2,9225,1149866,8886,9266168,0,111823736,405599,1000101191,259433848,2194750795,0,94626,0,0,7346,0,0,4675961,0,24350464,172705407,6002,90733,0,49018497,15701535,930378852,396482,2193767420,989884733,4,23369,0,810266,0,97290,5878205,4230344,0,59235,0,0,439802,4430228357,989884708,0,0,95781,1758795160,0,0,3371,803886720,929008906,0,306253,435043835,0,762915,1,0,6491175,0,5446853,3705,0,0,0,0,2008,1847840,5313,262962357,1025,50968,766444,0,383210,1693684762,0,122539235,0,0,68067329,5410,6026033,2279022,129830835,923,0,13,254207,811288378,76555978,4407799133,160,0,0,0,4648910357,0,0,0,0,1995221489,94386,3,430077211,405836,1000092786,0,0,401359,1766369750,2493,839582,295053,1080759,0,282951539,32988,0,0,236963,44208,10,57,94620,1807,1384936134,0,0,144689106,36367,8363,5269923
32295433,10925296,0,9045,1151364,3470,9266190,0,111810304,457323,1000098616,259643717,2194764211,0,94383,0,0,8064,0,0,4787917,0,24796473,176813499,6006,86517,0,49012760,15699702,927671803,396385,2194819477,989868468,165,23085,0,825320,0,100486,5832411,4272794,0,59413,0,0,399478,4417332901,989868396,0,0,95940,1759196930,0,0,3425,806589546,929454025,0,321608,434202831,0,762199,1,0,6492161,0,5557316,2741,0,0,0,0,2014,1847891,5588,264041269,1004,185870,768809,0,383527,1693830765,0,132151717,0,0,66889708,1728,5731315,2279873,129716609,890,0,1,600935,812646297,76450548,4423894454,3,0,0,0,4635353402,0,0,0,4,1995239808,94421,2,431058181,406028,1000108541,0,0,401518,1764210847,2428,844485,942288,778394,0,283004239,13088,0,0,169215,45882,28,61,94388,1912,1388484884,0,0,143822648,167015,8442,5298970
25729066,9394878,0,9225,1080220,23509,9284102,0,111672425,448442,1000096350,258782410,2194698781,0,95190,0,0,8768,0,0,4737219,0,24403756,176836682,6000,90981,0,48952296,15680259,926971755,396162,2193912369,989876486,25,21735,0,2951188,0,97210,5422992,4300116,1,59294,38,0,418181,4414000750,989876425,0,0,96284,1756984838,0,0,2498,806308894,935220832,0,309677,434482015,0,761039,2,0,6477908,0,5507163,3446,0,0,0,0,2008,1831794,5098,262752663,1025,167996,768885,5,382251,1692401388,0,132220034,0,0,64910075,17956,5994359,2280662,129506869,901,0,13,544566,811602194,76621194,4422548736,50,0,0,0,4631894894,0,0,1,0,1995217406,94814,12,430860981,405660,1000097098,0,0,400327,1765075054,2523,837040,863009,905010,0,282308719,20280,0,0,874987,44487,24,67,95189,1908,1387943255,0,0,142459088,148759,8340,5313152
26058657,1602946,0,9036,1150385,19764,9236764,1,111330603,406283,1000074270,259346303,2194728339,0,94751,0,0,18625,0,0,4648971,0,24403944,177555504,5999,86363,0,48802560,15632384,933390238,396661,2194828899,989875381,167,23003,0,852762,0,100434,5531119,4429419,0,59237,0,0,426954,4444559219,989875446,0,0,95301,1760055043,0,0,3197,806179370,933651734,0,220475,434784405,0,762656,1,0,6492449,0,5419257,3278,0,0,0,0,2008,1845603,6654,262545694,1004,46882,767811,0,383083,1688841785,0,134626259,0,0,65922187,16015,6103218,2272600,129805053,813,0,3,224499,811477127,76220880,4421710934,25,0,0,0,4663918548,0,0,0,4,1995203012,94350,3,429251239,404464,1000075375,0,0,399785,1765285923,2461,845494,298075,792085,0,281931654,29544,0,0,833411,47936,22,73,94747,3231,1391084660,0,0,142557501,31454,8379,5228364
37671464,1498428,1,9225,1151068,23507,9331184,0,111407344,406597,1000096714,259283249,2194724615,0,94782,0,0,9726,0,0,4634549,0,24403345,174194194,6002,90960,0,48835968,15643046,929006740,396774,2193884014,989875398,13,23193,0,845395,0,97437,5812730,4446271,0,59234,0,0,439174,4423690555,989875348,0,0,95334,1759643459,0,0,3370,804318997,930018340,0,143273,435031963,0,761987,1,0,6489864,0,5405294,3641,0,0,0,0,2008,1854402,6168,262876723,1025,61063,767668,0,382987,1689646486,0,127939750,0,0,67486868,17833,5891145,2295406,129670969,1053,0,14,258025,810930920,77037375,4409640579,0,0,0,0,4642053908,0,0,3,0,1995203996,94492,8,429826852,404837,1000097474,0,0,399849,1767340401,2510,841178,291892,781400,0,281655204,33185,0,0,879325,46764,10,39,94780,3380,1388133754,0,0,143507720,37073,8366,3172265
26878573,1501442,0,9036,1150546,19912,9383426,0,111869872,406358,1000092057,259297771,2194732065,0,94620,0,0,7741,0,0,4638619,0,24393525,175287754,6000,86397,0,49038848,15708046,932481327,395764,2194717973,989876630,131,23055,0,830448,0,100654,5706233,4429182,0,59235,0,0,427570,4440230280,989876619,0,0,95809,1760318548,0,0,3459,805457925,930967331,0,276558,435294399,0,763979,1,0,6497123,0,5409896,3019,0,0,0,0,2008,1861908,6195,263774964,1004,43819,768729,0,383010,1694337691,0,129848405,0,0,65978651,16672,5835642,2309238,130028360,924,0,1,236108,812188711,77460431,4417234472,1300,0,0,0,4659369653,0,0,0,4,1995203277,94448,4,429059317,406342,1000092794,0,0,400517,1761562679,2404,846155,289193,950587,0,281519234,28510,0,0,833965,47641,18,120,94623,3451,1383018622,0,0,144206833,31228,8445,1527259
39700510,1434131,0,9225,1150855,23600,9389565,0,111950756,406975,1000090678,259692450,2194742724,0,94588,0,0,6888,0,0,4722615,0,24409268,179377854,6000,90429,0,49074303,15719423,928967509,395606,2193884229,989877656,10,23116,0,808587,0,97269,5496945,4438159,0,59235,0,0,437186,4423507095,989877636,0,0,95760,1762047898,0,0,3297,804837218,933868899,0,307236,434567611,0,762069,1,0,6501690,0,5492792,3568,0,0,0,0,2008,1849235,5302,263103507,1026,52452,768371,0,383591,1694748831,0,138133980,0,0,68375884,18679,5909463,2305624,129681943,826,0,13,261518,812004302,77331975,4402641516,1200,0,0,0,4641867619,0,0,0,0,1995212212,94457,8,431573054,406655,1000091451,0,0,401593,1763122417,2463,848015,293419,798289,0,281141158,33309,0,0,878758,46996,18,72,94588,3375,1381778448,0,0,145237376,39827,8323,1551593
49948322,1655769,0,9036,950042,19433,9357525,0,111949296,407022,1000146976,259178873,2194693715,0,94069,0,0,9151,0,0,4699413,0,24454588,166454330,5999,86468,0,49073665,15719166,932719475,395785,2194914072,989876525,166,23249,0,2954453,0,100310,5520036,4425000,1,59235,39,0,427240,4441369039,989876504,0,0,95868,1761993107,0,0,3494,809302754,933238961,0,322870,434487336,0,764316,2,0,6502309,0,5469208,3098,0,0,0,0,2008,1838294,6089,264252431,1004,46239,769509,1,382836,1694365309,0,112597402,0,0,66512118,15869,5654509,2302781,130081387,851,0,1,252580,812175698,77345333,4434680907,125,0,0,0,4660569345,0,0,1,5,1995331569,94516,3,430031240,406030,1000147716,0,0,400399,1762357434,2391,848109,301764,797872,0,282027717,28734,0,0,819303,47889,20,55,94064,3603,1384575479,0,0,144750856,35848,8613,1534003
39000941,9848266,0,9229,1038920,24280,9373871,0,111604152,406614,1000069023,259666491,2194746516,0,94732,0,0,18301,0,0,4677956,0,24413949,167849204,6002,91200,0,48922368,15670749,932271259,396094,2193879467,989949466,10,22806,0,849492,0,97369,5613410,4438166,0,59236,0,0,439187,4439232912,989949408,0,0,95702,1758305597,0,0,3395,807899402,931784815,0,204272,434770572,0,763805,1,0,6486149,0,5448316,3373,0,0,0,0,2008,1827825,5904,263179816,1025,53376,765675,0,383557,1692567948,0,114410747,0,0,67527371,18837,5892674,2306041,129981643,888,0,15,237689,811472121,77443873,4430918225,75,0,0,0,4658359301,0,0,0,0,1995222531,94098,5,429657734,406351,1000070036,0,0,401843,1764814857,2553,841918,981784,1032820,0,281996484,33156,0,0,890960,48168,18,71,94736,3461,1386259808,0,0,144255081,36293,8451,1547337
47753178,11678067,0,9036,1149392,22531,9375472,11,111904912,416547,1000090419,259543879,2194874392,0,94727,0,0,18818,0,0,4656399,0,24387034,177556716,6006,86424,0,49054208,15712944,932331818,395648,2194816584,989880914,136,22879,0,837860,0,100619,5535934,4424595,0,59235,0,0,426805,4439518446,989880915,0,0,95543,1759011514,0,0,3430,807227484,933052747,0,286697,435126206,0,764200,1,0,6754250,0,5427185,3152,0,0,0,0,2010,1829789,6253,263154256,1004,53517,766635,0,383375,1695308727,0,133731313,0,0,67625018,19532,5908793,2307127,130062693,819,0,1,243457,811519163,77389448,4427888375,200,0,0,0,4658624681,0,0,0,4,1995223584,94302,12,430863179,406608,1000091201,0,0,401576,1761869651,2473,846107,971562,934233,0,282862908,29104,0,0,960721,46446,18,59,94719,2341,1385398890,0,0,144226404,34748,8440,1521681
28206105,12308210,0,9225,1151018,58551,9370226,0,111894692,405786,1000083987,259268301,2194752230,0,94715,0,0,18358,0,0,4666471,0,24375911,172680442,6000,91127,0,49049728,15711531,932269707,395863,2193752943,989889113,5,23179,0,815422,0,97101,5549575,4422672,0,59414,0,0,440194,4439225133,989889004,0,0,94998,1764503524,0,0,3329,805226328,932635741,0,300303,435032710,0,763647,1,0,6611202,0,5437106,10211,0,0,0,0,2018,1858909,5330,261848733,1025,51304,766125,0,382968,1694722246,0,124153536,0,0,66221380,10889,6242464,2305147,129953835,858,0,13,257577,811206671,77354216,4415649332,175,0,0,0,4658352859,0,0,0,0,1995223588,94725,13,429598299,406593,1000084739,0,0,401429,1763745515,2448,841968,963601,833895,0,282613609,32933,0,0,564227,44752,18,61,94723,1906,1386120813,0,0,144093581,38489,8371,1512215
50546920,11620763,1,9036,1150833,5159,9340920,174,111788112,528466,1000084328,259298991,2194768040,0,94466,0,0,23113,0,0,4811519,0,24358837,180783228,6000,86313,0,49003008,15696561,932379195,396078,2194827745,989873296,141,20527,0,811033,0,100753,5484654,4024826,0,58634,0,0,406275,4439696574,989873349,0,0,95602,1760076145,0,0,2005,806475425,933841055,0,154521,434216012,0,762366,1,0,6493337,0,5580736,133317,0,0,0,0,2008,1862567,7092,262882230,1004,363554,767215,0,383013,1693503027,0,134418714,0,0,68865129,2457,5985493,2299274,129939893,969,0,1,795779,810465341,77229510,4423561268,0,0,0,0,4658665857,0,0,0,4,1995232338,94504,6,429410411,406603,1000085061,0,0,401074,1763234046,2423,845372,980722,830772,0,282716767,48396,0,20,169281,45528,24,67,94463,1961,1387014222,0,0,143987233,209412,7876,1552649
40871351,2530173,1,9225,949883,23087,9366002,0,111760372,447001,1000083026,259928867,2194706755,0,88798,0,0,7648,0,0,4728129,0,24252581,182481270,6003,90624,0,48990848,15692638,928146547,395931,2193971706,989876211,14,22645,0,2846129,0,90469,5496764,3863567,1,58304,39,0,440097,4419502505,989876194,0,0,90513,1759209772,0,0,2678,806080477,933616409,0,406389,434670532,0,762485,2,0,6488001,0,5497472,5689,0,0,0,0,2008,1850540,4134,263240001,1025,52303,766232,5,383946,1693045893,0,125701186,0,0,68033337,19386,6001481,2302257,130076928,944,0,13,234221,811590256,77630346,4420916052,50,0,0,0,4637416691,0,0,1,0,1995231552,94912,14,429801426,406411,1000083733,0,0,399558,1764029147,2466,842060,299907,766305,0,280456016,30576,0,0,896272,49363,67,127,88800,2173,1381998977,0,0,144214404,38728,8756,1565613
22864858,1569777,0,9036,812508,19304,9339539,0,111365004,404378,1000061403,259058789,2194734028,0,85625,0,0,8516,0,0,4741440,0,24296621,182443595,6000,85701,0,48817536,15637153,932745275,396866,2194785473,989875353,135,22306,0,592571,0,90352,5544312,3966742,0,58237,0,0,428399,4441444076,989875322,0,0,87000,1759799036,0,0,3036,806254336,933209394,0,144746,434584511,0,761827,1,0,6489774,0,5510705,2870,0,0,0,0,2008,1835335,4147,264158719,1005,40903,766553,0,382657,1688855664,0,127841542,0,0,65001085,16635,5749995,2299454,129985047,829,0,3,194081,809888763,77376004,4422262211,100,0,0,0,4660354306,0,0,0,4,1995201103,90388,7,428087420,405920,1000062535,0,0,400449,1765927378,2995,842632,297100,826328,0,280371820,25213,0,0,840536,42722,27,69,85625,2305,1386599065,0,0,144679420,26921,8958,1502513
33549234,9502177,0,9225,1151373,23736,9350400,0,111484139,404930,1000100585,259796042,2194726555,0,85576,0,0,7041,0,0,4664320,0,24288051,182424351,6000,90215,0,48869760,15653869,927134827,396228,2193872002,989875509,2,20740,0,569105,0,87845,5659839,3964990,0,58239,0,0,440709,4414704299,989875503,0,0,85587,1757200671,0,0,2726,805937803,931548892,0,134026,435234977,0,761491,1,0,6480681,0,5434629,3520,0,0,0,0,2008,1826336,3394,264004127,1025,44411,766863,0,383745,1689364857,0,127444562,0,0,66545650,18658,5713394,2301245,129906702,916,0,13,199660,811614037,77446246,4420345919,25,0,0,0,4632354998,0,0,0,0,1995201901,85432,14,428427811,406846,1000101183,0,0,399920,1765328373,2870,835871,965189,883746,0,280682592,28789,0,0,893823,40244,10,60,85573,2428,1386670432,0,0,144715039,31220,8650,1548332
68944378,17001337,11,1947079,586484,1119017,8308463,380221,35723281,37791635,1000094144,26713066,2194738985,167958,2319003,0,0,98928,0,0,2849950,0,17735671,99346625,391282,1663420,0,15659520,5016046,263646561,100250,2194513035,989877091,89364,45256579,0,76454613,0,69834633,3888356,237187226,3,22128508,41,0,46627,1373185321,989876616,0,0,2278636,924012289,0,0,17097783,470504308,452998571,0,88474380,154730139,181292,450546,117369,0,4612501,0,3373133,434802,0,181292,0,0,526319,462028831,51605890,97171896,1004,19530485,704467,3,39460,2032670656,0,238415749,0,474,63153555,39465,3521665,2309070,35737742,853691,573,1,75231731,347379676,4884958,2283569154,82,0,0,0,1778042462,0,0,39258,498559,1995183706,1692656,4,1476280585,15795424,1000094835,0,0,8162810,868450291,16356934,264511997,1216353,588439,0,226045620,37975153,0,96168,5230062,66502140,59453,1694,2279746,16725687,1812179362,0,0,49412814,35270526,23206283,1056288891
64724181,733887531,16,2560388,415781,19163734,8318375,400740,0,39075863,1000082375,0,2194725850,205526,2710385,0,0,4561211,0,0,2370336,0,17391948,74561351,432306,2513897,0,0,1,193299003,13019,2193521828,989866756,132630,74915907,0,148455475,0,80807113,2852117,308696086,1,24148316,11,0,57119,1094879790,989866724,0,0,2392292,649977696,0,0,19033718,271048097,160221282,0,101776534,140698216,272719,377572,142927,0,5577024,0,2864869,61364709,0,272720,0,0,536748,601326922,58489488,0,1025,19707474,54,1,0,2194716545,0,273531347,0,630,62172618,235507,2567242,2315028,28193075,894619,5153,13,79380947,270442404,0,954867557,17,0,0,0,1530743324,0,0,43351,600004,1995201974,2749442,5,1558179232,14001112,1000084317,0,0,21891880,660886877,12866195,324451536,39231406,511911,0,240656439,38352959,0,100281,82837224,77229420,164422,2247,2667044,19410239,1888789725,0,0,31188463,37061484,38663586,1132244062
55578329,622820002,7,2569185,313498,19258680,8259127,400154,0,39141819,1000155150,0,2194462838,212136,2706868,0,0,4336740,0,0,2497063,0,17060917,75368886,407632,2578133,0,0,0,169646233,13439,2194806577,989880045,155442,77032905,0,179367733,0,78209321,3360994,286078019,4,23681563,19,0,45097,961960597,989870175,0,0,2458940,658990946,0,0,19122727,270010738,170159823,0,98454966,125297173,271411,395304,135740,0,5658295,0,2747450,62023812,0,271410,0,0,570951,581562664,56132558,0,1004,19668359,32,0,0,2194440301,0,272006381,0,524,61351659,253226,2967212,2335433,25636484,931403,5188,1,78742427,295601373,0,958366034,8,0,0,0,1394324899,0,0,44793,558669,1995341607,2481192,0,1571897750,9831535,1000155859,0,0,22721815,702082127,7655436,261304011,39586886,533014,0,261706164,38306805,0,100775,82616738,81346170,236137,2696,2662075,20432705,1919852857,0,0,28348109,36922008,39666107,1136818224
64844570,610245812,9,2384792,344812,19284180,8302745,372541,0,39026939,999941454,0,2194697532,211849,2528189,0,0,4346850,0,0,2399032,0,16994625,76131162,427271,2494558,0,0,0,170222588,13039,2193803409,989929606,161499,79956253,0,193269742,0,80727906,3960298,290752593,0,23608071,10,0,57593,965357536,989939263,0,0,2421882,699051133,0,0,19735103,270052012,201072064,0,101394292,125574428,271097,398683,162665,0,5781172,0,2653136,61647701,0,271097,0,0,572461,560315097,58254766,1,1025,21902452,31,1,0,2194693443,0,269744092,0,576,61111359,221307,3799022,2346638,25471943,969577,5595,15,78296158,274848479,0,957153461,11,0,0,0,1399334609,0,0,44221,607037,1994161468,2754456,3,1570145918,11742232,999945631,0,0,23651526,652865184,10068948,323919221,38858052,562531,0,249182911,42708146,0,100446,84088621,85904312,186737,2505,2483978,21581071,1921598783,0,0,27701901,37100005,41042172,1139848881
50475720,608364108,8,2450267,323727,19320974,8295139,365317,0,39024050,1000081224,0,2194731486,210580,2517032,0,0,4403377,0,0,2404924,0,17154775,77618125,433348,2460878,0,0,0,170883001,13443,2194815677,989872269,139632,62856435,0,167507493,0,81715447,2845565,288495924,0,23729148,60,0,44481,969252167,989872256,0,0,2405722,647925830,0,0,21136367,267857548,161812155,0,102782545,125697257,271538,402927,165263,0,5523510,0,2655915,61634493,0,271539,0,0,573054,596526840,59050709,0,1005,21883072,5,0,0,2194891031,0,262006863,0,657,59747532,235801,3503330,2351663,25622354,981282,7076,2,78039889,266061233,0,953256419,11,0,0,0,1405084849,0,0,44192,601785,1995200809,2733643,18,1569795825,17645455,1000082431,0,0,13720591,652575267,17218594,323002690,38850112,574058,0,238041643,42741659,0,98047,84438380,86656728,182931,2642,2472837,21769279,1921951027,0,0,27810471,37011300,32476694,1140451385
69242527,611109569,13,2550632,357647,19271376,8328190,350374,0,39219692,1000064687,0,2194882424,161889,2525952,0,0,4286945,0,0,2430983,0,17138047,76873404,460411,2369957,0,0,0,170502367,13005,2193505184,989875228,121885,57379910,0,167162167,0,82194795,2886412,288152640,0,23720759,16,0,56929,967101575,989875201,0,0,2425314,649878667,0,0,21779589,290304207,159368624,0,103148910,125661451,272224,406048,161222,0,5553475,0,2685636,61726920,0,272223,0,0,572832,591578141,58992989,0,1026,21844560,87,0,0,2194702854,0,267169462,0,604,62040479,218536,3540968,2349464,25708126,994602,6764,13,78225216,265660287,0,1041712380,7,0,0,0,1401709995,0,0,44263,597579,1995200029,2672920,0,1567520529,21094765,1000065832,0,0,10343800,655417892,21332014,324023727,38919992,583259,0,238120015,42652103,0,95283,83485224,82053892,182353,2189,2481686,20618533,1926187889,0,0,27558274,37091771,29695896,1135783446
50761360,624906438,9,2546596,325208,19317671,8363860,353081,0,39546514,1000074178,0,2194704392,180707,2506472,0,0,4383750,0,0,2508360,0,17214083,75311479,464407,2403514,0,0,0,180942501,13439,2194807904,989862833,117651,56289931,0,166982179,0,81885325,3036935,288748218,0,23792283,8,0,45176,1026558487,989862775,0,0,2405414,651428884,0,0,21912911,288691593,158869384,0,103201643,125796909,271831,405692,161005,0,5550221,0,2765147,62004318,0,271831,0,0,573531,592239607,59472992,0,1004,20121896,27,4,0,2194702643,0,273475887,0,664,58304320,214294,3407301,2360169,25699011,991269,3380,1,78096761,269198541,0,1036016590,11,0,0,0,1494064116,0,0,45575,597183,1995224951,2594112,0,1571063245,23631260,1000075284,0,0,9662503,655774294,24270007,323820811,39632119,580869,0,237783655,39256584,0,96673,83799928,80422353,183305,2173,2460899,20208431,1924239342,0,0,27577219,37085715,29154038,1138930191
58576918,620203129,11,2553472,332187,19530114,8374233,350912,0,39405225,1000072617,0,2194467531,114888,2460391,0,0,4418609,0,0,2378449,0,17175366,76129984,462585,2535677,0,0,0,184753248,13002,2193676988,989875587,121111,56157419,0,147259596,0,81661438,2965471,289702858,5,23716440,13,0,57150,1048267166,989875636,0,0,2392880,652292901,0,0,21858112,267742277,158951289,0,102980110,126142976,272000,401720,160259,0,5593808,0,2631469,61956595,0,271999,0,0,575639,596836026,59252363,0,1025,19615247,33,1,0,2194434929,0,272609211,0,695,61158038,239651,2873910,2336974,25698659,970424,3513,14,78102955,269468865,0,953863367,13,0,0,0,1527771056,0,0,45257,598292,1995186845,2661840,1,1567902739,23578584,1000074166,0,0,9619227,654988820,24280556,324090364,39523122,562229,0,238890396,38251796,0,96732,83871327,80360036,182054,1756,2415143,20197753,1917500727,0,0,27716259,36986733,29078103,1133742190
58900418,606976175,8,2556460,357327,19350374,8351670,345146,0,39263852,999949930,0,2194705557,207042,2616389,0,0,4204420,0,0,2805667,0,17229263,77824661,463638,2533143,0,0,0,184838038,13440,2194822758,989868023,134094,52823764,0,148823358,0,81376363,2867000,288537608,0,23825023,8,0,44527,1048508857,989867915,0,0,2451060,649502426,0,0,20112391,265880665,159174273,0,102727994,125880011,271313,397268,159077,0,5559772,0,3058061,61719889,0,271315,0,0,574034,609402068,59180030,0,1004,19224862,140,0,0,2194733153,0,272817489,0,778,60660929,239326,2661316,2326747,25730332,1009687,3243,3,78081662,268696641,0,958252783,10,0,0,0,1524973494,0,0,44259,598728,1995180154,2666844,1,1569042434,23591004,999951855,0,0,9721226,656910111,24293082,324202133,38881185,537472,0,238981331,37343898,0,95208,83335509,80465960,184788,2061,2572126,20225385,1919424791,0,0,27845190,36997301,27654852,1133654806
62225599,598359221,12,2552217,337313,19358075,8321653,348496,0,39269305,1000085912,0,2194707014,179376,2671175,0,0,4463220,0,0,2289431,0,17194810,78323832,466800,2532788,0,0,0,210034447,13020,2193685732,989867621,133985,59936739,0,168471578,0,81589024,2945614,287848065,0,23794004,9,0,58009,1188954364,989867594,0,0,2428195,652556734,0,0,21444031,267451981,158959532,0,102993998,126334301,266025,396914,158801,0,5610682,0,2546774,61519691,0,266024,0,0,576783,612612042,59430635,0,1025,18818444,32,1,0,2194721039,0,269140661,0,721,64000293,233098,2667313,2333104,25705134,940341,3741,13,78180281,267235932,0,954397365,8,0,0,0,1653946347,0,0,44894,597438,1995185137,2584920,7,1565545571,23634198,1000087731,0,0,12010992,657101809,24306000,324573389,38745812,537449,0,239895391,36527913,0,96124,83779972,76899120,182836,2383,2626284,19327826,1922436197,0,0,27565935,37041920,31006227,1138286458
51992745,597223669,16,2550299,552553,19343755,8384336,346326,0,39236125,1000081386,1,2194724461,190214,2384246,0,0,4431123,0,0,2352544,0,17161935,78254484,466146,2562921,0,0,0,182142483,13459,2194666547,989868475,132494,59085156,0,149249377,0,81408985,2460538,288141370,1,23767084,8,0,44476,1033104662,989867679,0,0,2410691,652388710,0,0,21668100,269779482,159737965,0,102715706,126336656,262144,397910,157888,0,5576592,0,2610059,61557325,0,262144,0,0,576765,614625101,59108088,0,1004,19712721,103,0,0,2194719215,0,277728770,0,693,57751132,231218,2702151,2335634,25763359,944609,3140,1,77899799,270363267,0,956404616,11,0,0,0,1504888245,0,0,42725,597547,1995182910,2638399,1,1572040540,23673285,1000082310,0,0,11328579,656582499,24320625,324530768,38761184,538596,0,239633244,38394641,0,95608,84173966,77656554,183988,2372,2341513,19512530,1921459399,0,0,27922982,36755325,30559784,1138714371
52253158,598115517,8,2555826,410406,19319265,8362889,351319,0,37446465,1000079869,1,2194728968,153105,2338693,0,0,4374029,0,0,2002701,0,17304535,79889362,461064,2521956,0,0,0,184953806,13013,2193696719,989864866,131124,56202047,0,167776769,0,81362587,2292469,288850592,0,23880668,8,0,57492,1049390577,989865540,0,0,2418108,652139774,0,0,21892073,269510397,160247404,0,102779950,126670468,262144,396526,157945,0,5594495,0,2261130,61584794,0,262144,0,0,578776,608351524,59168873,0,1025,19751947,31,0,0,2194721813,0,274734150,0,660,59506948,237181,2813305,2327541,25694569,939066,3425,13,74885461,268580335,0,956060893,9,0,0,0,1529542384,0,0,40511,599261,1995194161,2635141,1,1569643126,23613232,1000081233,0,0,9638039,655931698,24288450,325175321,38790732,534729,0,237556240,38394291,0,92725,83829199,80430784,183859,2210,2298192,20209119,1924051918,0,0,27441055,34774252,29109542,1133388012
57970191,596656388,8,2560560,350062,19313694,7830247,358499,0,37756961,1000080234,0,2194464528,168535,2566156,0,0,4450709,0,0,2108088,0,15959552,105203421,463958,2618839,0,0,1,185338409,13448,2194827618,989830649,131799,65027155,0,162791209,0,81279117,2493441,291838801,0,22051065,14,0,44459,1051604732,989830587,0,0,2431945,652187559,0,0,21111034,268870484,159920076,0,102607160,131304305,267547,372684,161991,0,5564394,0,2385985,61564417,0,267548,0,0,558332,607480331,59050140,0,1004,19708880,59,0,0,2194454565,0,297266564,0,619,61521255,232715,2744608,2189240,28074554,880063,3170,1,78301308,270450664,0,954279846,12,0,0,0,1532943164,0,0,44415,597033,1995307682,2630953,0,1522053414,23573336,1000081088,0,0,14870786,658196847,24254459,323189009,38752328,502362,0,241276191,38403986,0,95055,83911228,78790928,184069,2250,2521746,19809369,1920477603,0,0,28016075,36737430,33629650,1076822757
60655214,602745174,12,2556614,327214,18502593,8003450,388427,0,39483075,1000013792,0,2194723760,214907,2643453,0,0,4327946,0,0,2438962,0,16679859,86808965,460986,2631244,0,0,0,185269880,13018,2193750593,989852800,133867,80605018,0,170645338,0,81549741,2643712,329781063,2,22994954,9,0,57344,1051216727,989852735,0,0,2652319,653492117,0,0,19767570,265704120,159537038,0,102863174,142638127,270907,378825,157070,0,5532055,0,2786872,61541573,0,270907,0,0,531416,577609905,59061704,0,1025,19625776,32,1,0,2194719867,0,279819773,0,595,61079928,225692,3238974,2232495,28176752,906264,3807,15,78987250,269409579,0,951411865,10,0,0,0,1532320054,0,0,42930,590731,1995199991,2598456,2,1553562560,22861934,1000015834,0,0,24085627,656941573,23213036,321750452,38758064,511649,0,241543273,38235095,0,106053,79600619,79077396,184058,2680,2600527,19881721,1891522851,0,0,31841792,37095788,41613869,1093926325
48513298,594366471,6,2561082,347226,18722953,8284933,373934,0,39405013,1000080246,0,2194728021,205625,2508340,0,0,4470357,0,0,2201289,0,17142643,78807274,417439,2544604,0,0,0,213049429,13436,2194807448,989922023,138415,80745362,0,188732552,0,81492591,2762001,309746831,0,23690369,12,0,45282,1206051755,989922061,0,0,2471473,654312654,0,0,19805955,267804922,159446542,0,102863245,125766087,271629,395950,156714,0,5565688,0,2453910,59184427,0,271627,0,0,573910,589358997,59133731,0,1005,19709081,5,0,0,2194723091,0,271649309,0,570,56906253,239722,3086088,2320800,25635184,951597,6508,1,78639582,268549321,0,950287622,13,0,0,0,1676904421,0,0,43101,553813,1995198923,2514769,2,1575867871,22431445,1000081764,0,0,24108255,697625721,22848346,301165129,37295528,535804,0,241445192,38446563,0,103342,79988974,78924422,193880,2282,2465240,19842104,1917141339,0,0,28521652,37148123,41678441,1133799827
50005808,582021905,9,2546740,326199,19227267,8354755,364786,0,39263511,1000084765,0,2194724536,189671,2579649,0,0,4470860,0,0,2226906,0,17151661,79804671,442378,2630895,0,0,0,180355125,13005,2193505510,989875195,165944,78750108,0,170262521,0,81033450,2886492,291468490,0,23719894,9,0,57049,1022776979,989875137,0,0,2414422,693184884,0,0,19379916,266980743,159621135,0,102280634,125734592,271127,396349,150685,0,5810512,0,2476600,58952896,0,271129,0,0,573464,616864598,59149759,1,1025,19604675,134,0,0,2194816190,0,266843292,0,615,56790139,243395,2958422,2322543,25643335,997870,6724,13,78460502,271844221,0,956056180,7,0,0,0,1489163777,0,0,43517,609782,1995201009,2653799,1,1574548956,23616374,1000086140,0,0,23624199,661800579,24244303,325019252,37144257,536751,0,261566170,38227682,0,101170,82499786,79146620,247729,2328,2536129,19894636,1923265023,0,0,27621635,37147894,40752755,1136815120
53478357,620539665,8,2556437,326803,19233917,8340514,352005,0,39559147,1000072168,0,2194871972,182649,2507190,0,0,4418630,0,0,2608179,0,17121981,80064689,447465,2471621,0,0,0,184933384,13446,2194821218,989863579,143982,75641407,0,169969380,0,81160785,2730086,288983127,0,23762561,16,0,44763,1049254262,989863535,0,0,2272319,663911866,0,0,18701483,265365517,159377822,0,102403932,125606492,272181,405404,160375,0,5571726,0,2856679,61692018,0,272181,0,0,572497,611650179,59125658,0,1004,19701251,29,4,0,2194707971,0,271161546,0,670,58143784,235418,2916933,2351843,25706485,990081,3604,1,78416028,268983376,0,954377323,7,0,0,0,1529396504,0,0,43523,603984,1995233643,2822912,1,1572761293,23713952,1000073310,0,0,22557534,653404318,24354793,323894241,39408152,579125,0,251010285,38427659,0,100814,82041985,79183591,193248,2282,2463669,19906927,1923306887,0,0,27730336,37135957,39253049,1136738635
65715054,616228170,4,2374087,358656,19381517,8341202,330928,0,39601018,1000073630,0,2194471073,203294,2521355,0,0,4416186,0,0,2759608,0,17168980,79395147,453227,2574618,0,0,0,184781271,13008,2193704516,989866298,141753,80343529,0,149614937,0,77638884,2783688,289783812,7,23769555,11,0,57167,1048416211,989866265,0,0,2411396,649080517,0,0,19768789,267186410,161343344,0,97441305,125530663,271539,404003,169452,0,5538241,0,3008084,61562224,0,271539,0,0,572045,606912824,55570291,0,1025,19626907,34,1,0,2194431664,0,273327931,0,725,61563407,243717,2771718,2349421,25729026,981570,3260,13,78506424,290830964,0,955930577,9,0,0,0,1528020782,0,0,45330,600415,1995181793,2814808,3,1566651041,23671737,1000074945,0,0,23975258,653171240,24293027,325230236,39247133,571491,0,238912003,38282954,0,98427,83368925,78944204,182883,1788,2476031,19847798,1936259751,0,0,26356825,37192698,41463606,1137257504
52113716,600488242,2,2455421,327386,19315018,8372504,326863,0,39451995,999953037,0,2194703784,207421,2552033,0,0,4366043,0,0,2611162,0,17196349,79953792,461791,2534205,0,0,0,185133241,13446,2194892362,989865130,134409,80229239,0,149302396,0,79065705,2965908,289340057,0,23829293,8,0,44452,1050445347,989865083,0,0,2699146,652340661,0,0,19698625,268784686,177368059,0,99454924,125889111,271943,397444,161615,0,5573409,0,2861519,61356790,0,271943,0,0,574116,610128398,57257120,0,1004,19576174,18,5,0,2194729138,0,269356461,0,562,60733817,237633,2449768,2334052,25785071,937958,3209,3,78428307,284026794,0,958125669,7,0,0,0,1531136543,0,0,44683,600816,1995181520,2818497,1,1567457575,23708790,999954598,0,0,23969147,655983692,24368517,325727264,38639696,534067,0,239786910,38199650,0,96689,83729694,78752250,183287,1836,2507347,19800863,1935125321,0,0,26793186,37168454,41402608,1138244218
52976299,601806852,4,2544314,376847,19380845,8407466,330119,0,39559569,1000083357,0,2194704572,166378,2491516,0,0,4322932,0,0,2260644,0,17224643,79236999,462932,2459860,0,0,0,197153788,13014,2193682744,989866098,135090,80462548,0,168874837,0,81249856,2643402,288024229,0,23819992,8,0,57180,1116953476,989865966,0,0,2474659,652268401,0,0,19752752,273978910,169972679,0,102777485,126291849,271406,396975,161228,0,5583958,0,2516159,61451342,0,271406,0,0,576550,614270751,59145711,1,1025,19649953,31,0,0,2194724769,0,268979095,0,579,58006207,237630,2533814,2334933,25720401,939478,3247,13,78257775,265883980,0,969190027,7,0,0,0,1588081249,0,0,43687,600672,1995182156,2841468,1,1570539714,23682994,1000085950,0,0,24017077,657693271,24405680,325017404,38701468,536656,0,237746998,38319893,0,97394,84097398,78704967,183304,1820,2447833,19785972,1936288659,0,0,26687048,37044543,41522443,1138489806
50656436,602462719,3,2544930,406362,19317921,8375354,328156,0,39429388,1000075128,0,2194725364,181581,2517059,0,0,4366159,0,0,2389022,0,17179236,78556838,459410,2284854,0,0,0,196830531,13435,2194524093,989864012,137858,80402915,0,148894854,0,81151528,2478056,287981544,0,23783620,8,0,44603,1115278303,989864172,0,0,2383761,652625500,0,0,19736182,300437877,159095899,0,102853881,126300366,272288,397971,166364,0,5572087,0,2641111,61500868,0,272288,0,0,576604,613119908,59275276,0,1004,19669619,64,0,0,2194729704,0,254597425,0,677,57918466,239229,2762986,2337028,25771200,941653,3321,1,78396816,269089138,0,1090306646,7,0,0,0,1583083398,0,0,43850,600709,1995181035,2618440,3,1570795192,23692206,1000075926,0,0,24004897,656650659,24349778,325273777,38740564,537389,0,239389856,38393690,0,96899,83776819,78646040,181439,1579,2473208,19769425,1933248272,0,0,26969033,37158508,41494643,1139472991
52021513,600820385,0,2547070,377760,19386837,8394492,326811,0,39415865,1000080063,0,2194728823,152589,2796559,0,0,4383315,0,0,2180533,0,17147692,79253071,460313,2407970,0,0,0,183352342,13022,2193680117,989866084,128886,80635029,0,166181747,0,81485906,2441279,287910562,0,23760919,10,0,57430,1040155755,989865889,0,0,2403557,651759706,0,0,19784716,274952829,159621035,0,103314127,126474552,271809,395581,159980,0,5575030,0,2438565,61708900,0,271809,0,0,577630,611206980,59598034,0,1026,19665942,68,0,0,2194727870,0,270340239,0,790,58842060,242718,2963134,2329597,25652572,1148109,3439,13,78377222,267807526,0,973885174,7,0,0,0,1515473986,0,0,44317,599211,1995181571,2664294,851,1569620879,23673277,1000081260,0,0,24076646,656520780,24333238,325236663,38858419,534416,0,239846896,38349674,0,95788,83785437,75761189,184230,1826,2752242,19043248,1933833798,0,0,26934491,37136596,41620185,1135615448
61408190,599376926,1,2550040,369906,19358932,8338900,333084,0,38730660,1000082128,0,2194460615,175211,2495442,0,0,4430379,0,0,2472097,0,17205461,79035174,458246,2533084,0,0,0,184885567,13435,2194803587,989871472,117872,80415433,0,168030997,0,81220914,2599097,287835387,11,23807591,9,0,44459,1049010005,989871446,0,0,2376824,652628348,0,0,19728485,267970004,159517160,0,102993036,126177944,272275,396595,160300,0,5599051,0,2725589,61758666,0,272275,0,0,575790,609113139,59518882,0,1004,19659118,37,0,0,2194471849,0,273044037,0,648,59930147,235836,2963078,2335670,25685924,967343,3363,1,75647253,268777922,0,953237230,7,0,0,0,1528972889,0,0,45452,599518,1995199975,2824311,1,1569425000,23772723,1000083133,0,0,24021140,654266888,24437443,325019483,38895714,537240,0,239820975,38370717,0,95498,83708176,75959030,183209,1715,2449987,19094180,1931055835,0,0,27373995,35135295,41515080,1137825644
52329337,598967779,1,2557869,220914,19355772,8432554,387444,0,37042420,1000012001,0,2194723714,176459,2369208,0,0,4507266,0,0,2653828,0,17227618,78966636,462434,2531971,0,0,0,184810258,13011,2193779610,989857953,126525,80592863,0,206001053,0,81613866,2599495,287889760,0,23834708,9,0,57067,1048591404,989857976,0,0,2389936,653644528,0,0,19776126,270502145,159162141,0,103434485,126058723,271684,395732,162455,0,5595772,0,2909763,61704763,0,271684,0,0,575074,559314090,59707185,0,1025,19592632,30,4,0,2194727465,0,270847980,0,625,57050869,239258,2519931,2338753,25657049,935221,3506,15,77689873,267614564,0,953792516,7,0,0,0,1528268595,0,0,43780,601330,1995307229,2822416,1,1561002665,23640795,1000014341,0,0,24068614,654528807,24295290,325936966,38870321,533465,0,240491953,38172892,0,95033,83760278,78781104,183539,2326,2325425,19806653,1932611930,0,0,27027783,36424346,41599752,1139332076
49621230,598560620,3,2553187,234543,19305002,7988976,404697,0,39106610,1000078827,1,2194730302,194479,2384089,0,0,4476420,0,0,2556898,0,16792068,88659517,463794,2540610,0,0,0,184953618,13450,2194814592,989870381,119429,80720452,0,154646380,0,81437746,2611830,288415774,0,23246089,9,0,44893,1049425585,989870333,0,0,2401929,654182053,0,0,19801408,269239120,159135777,0,103282723,129147673,271851,365890,161602,0,5564861,0,2824238,61795559,0,271852,0,0,560818,602324143,59677467,0,1004,18811749,5,1,0,2194714621,0,258088406,0,503,59949543,232990,2518843,2233635,29452465,863296,6107,1,78939150,268208187,0,957902953,7,0,0,0,1529552898,0,0,40468,602055,1995195915,2655871,0,1516736126,23659426,1000080317,0,0,24103888,655869848,24404210,326322651,38919839,492989,0,238092713,36476255,0,101660,83779801,79000788,182829,1805,2343629,19861596,1932348587,0,0,27074848,37072185,41669729,1096592917
73170950,598233221,0,2557206,168685,19465102,7929017,401139,0,39095196,1000089687,0,2194742708,180536,2488602,0,0,4454153,0,0,2660694,0,15830360,102616287,458119,2530438,0,0,0,211404864,13024,2193558273,989925886,136737,80690721,0,170554225,0,81945523,2308542,297652255,0,21851040,9,0,57707,1196531172,989925818,0,0,2379681,655340700,0,0,19793573,269411801,159902889,0,103853906,143715244,271875,385888,162826,0,5583426,0,3014442,61773348,0,271873,0,0,526300,618601921,59898692,0,1025,19187436,214,0,0,2194829135,0,291570766,0,515,62888442,240498,2782116,2178710,26840438,911148,6105,13,78583245,266314621,0,955436946,7,0,0,0,1662454073,0,0,43062,572072,1995198078,2533541,155,1568068552,23689801,1000090510,0,0,24094018,657382393,24340987,312839390,38900996,519474,0,239967236,37339348,0,100626,83677410,78960940,184422,1626,2445548,19852110,1933275087,0,0,27345084,37074633,41652375,1069594628
64440525,612312605,1,2558315,319678,19313764,8271766,403312,0,39410858,1000072809,0,2194702634,208923,2491092,0,0,4419698,0,0,2358869,0,17139749,79536411,451573,2518519,0,0,0,181512480,13438,2194810700,989861054,137394,80736421,0,170422962,0,81601273,2198762,335375186,0,23635759,8,0,44900,1029493594,989861016,0,0,2396807,653477461,0,0,19804055,269325850,160307104,0,103457847,126072419,272426,401068,158404,0,5633894,0,2614554,61729070,0,272427,0,0,571753,619171245,59724478,0,1004,19667842,141,0,1,2194701151,0,276260267,0,632,59133462,241150,3190804,2332404,25503191,975548,3833,2,78273080,267827846,0,956339820,7,0,0,0,1499341482,0,0,42833,571573,1995215208,2652724,1,1572271961,23436537,1000074657,0,0,24111345,659320914,23927956,308081338,39404296,570194,0,238269642,38284952,0,102191,83234114,78781365,184515,1762,2448256,19802621,1930438954,0,0,27296923,37042999,41678721,1130725135
64331080,609821882,0,2552128,391962,19054538,8286295,403655,0,39369682,1000070776,0,2194588285,165596,2471934,0,0,4373052,0,0,1972970,0,17186624,78260740,419581,2477243,0,0,0,184583396,13005,2193683084,989864842,150187,80453503,0,149397189,0,81359537,2192755,298009510,1,23743303,10,0,57726,1047266044,989864848,0,0,2404005,688213454,0,0,19736557,269118301,160290689,0,103228922,126049847,271539,403739,160148,0,5843777,0,2222040,61689868,0,271539,0,0,575422,610305445,59695528,0,1025,19673910,58,0,0,2194426656,0,271773663,0,706,61533770,236580,2989003,2332059,25678961,989742,3415,11,78112323,267889333,0,958436104,8,0,0,0,1526298111,0,0,44851,607620,1995102179,2531100,2,1566302234,22280133,1000072043,0,0,24023818,703549041,22624406,323392585,39353701,572239,0,240008092,38287679,0,102097,82213218,78911160,184627,1730,2427093,19836004,1912507747,0,0,30179155,36939488,41531608,1130635004
62042065,596152199,1,2551063,343291,18344261,8319933,373627,0,39216656,999948692,0,2194704510,166014,2491468,0,0,4390900,0,0,2194062,0,17208062,78065769,445613,2310360,0,0,0,184897901,13442,2194771191,989865483,145256,76148273,0,168580669,0,81334149,2457659,290974670,2,23825107,10,0,44899,1049089985,989865335,0,0,2428001,668032180,0,0,18802771,271020492,159818969,0,103085519,125899929,270771,396604,151600,0,5568854,0,2443820,61612046,0,270771,0,0,574292,607145295,59433897,0,1004,19608345,47,1,1,2194726330,0,270617918,0,607,58942576,222016,2576332,2328587,25715454,933761,3426,3,77938177,269743118,0,957348566,13,0,0,0,1529070046,0,0,43267,600118,1995158716,2577920,1,1570822831,23396160,999951010,0,0,22886723,653360826,23959053,324081650,38793516,534740,0,254450471,38216817,0,97268,78656344,78948436,244700,1698,2448199,19846346,1916124684,0,0,29382825,36862624,39519997,1134023648
52538090,597841607,0,2548154,453310,19220108,8349583,367971,0,39228376,1000082652,0,2194700385,198591,2499505,0,0,4458076,0,0,2084700,0,17158806,77170095,451668,2576716,0,0,0,185043264,13021,2193709282,989867601,130208,77457063,0,148765549,0,81510303,2661799,288696161,0,23760424,9,0,57137,1049927271,989867253,0,0,2330368,650113104,0,0,19123220,270411740,159533639,0,103358241,126099470,271307,396851,157955,0,5602197,0,2334572,59705688,0,271307,0,0,575515,598873461,59645989,0,1022,19642283,139,0,0,2194721774,0,275157536,0,597,60292707,253984,2735041,2329017,25714675,937927,3388,1,77818386,267931777,0,956262965,7,0,0,0,1530332613,0,0,42837,600666,1995181281,2672019,1,1568661556,23593636,1000084050,0,0,23092576,654059330,24229655,325415432,37626511,535605,0,256711784,38296738,0,95912,82239604,79135504,200071,1839,2456671,19892544,1932701053,0,0,27080026,36839515,40101229,1134997057
24424362,580741398,1,2558423,324765,19317089,4892479,104366,0,16542712,1000076224,0,828038908,136041,1302052,0,0,4458836,0,0,1203565,0,10279354,61092744,371570,2564065,0,0,0,54100971,10417,2194636122,987510859,47793,71341182,0,76096540,0,17468525,2808693,222487978,0,14300207,8,0,29842,304765634,987513414,0,0,2413006,528119850,0,0,17474212,269483921,159531032,0,21713794,86626732,94636,206055,146261,0,4537838,0,1415798,58604173,0,94635,0,0,333747,168567999,12028516,0,507,12744825,78,14,0,1975625717,0,180515488,0,373,29081988,260158,2173592,1369588,16617025,492629,3300,1,27413908,101765543,0,952992372,35,0,0,0,376371575,0,0,23523,367444,916560219,2190419,2,757142783,18735134,1000077254,0,0,21352274,521110035,19292667,207583486,36898952,283166,0,219630953,24932185,0,31092,82710021,26287893,173291,936,1278516,6604590,1609357506,0,0,23977968,12825796,36866251,666853950
0,0,0,28244,198,15482794,0,0,0,0,242678005,0,0,0,0,0,0,1638108,0,0,0,0,0,0,0,588999,0,0,0,0,0,652756589,0,0,0,0,0,0,0,966587,0,0,0,36,0,0,0,0,0,0,1725,0,0,0,0,108448193,62087428,0,0,0,0,0,0,0,0,0,0,0,0,0,0,0,0,0,0,0,0,0,63,0,0,0,0,0,0,0,0,165802,0,0,0,0,1324,0,0,0,0,405337499,0,0,0,0,0,0,0,0,0,0,0,0,0,0,242683959,0,0,0,0,0,0,0,0,0,0,0,0,0,68138898,0,0,0,0,0,0,0,0,0,0,0,0
