41073383,115963318,392,120615,127978,3127488,5241400,102473,46071,4804790,647337379,2644780,486719677,119183,5063526,0,45363,1803472,131,12239,4276165,1811,4571865,38052958,22452,4716058,0,209345,284963,87443447,18734,480792923,791836649,1459028,5960801,202517,25211328,8648601,17463771,5729730,52838808,330,1336979,96260,4543,78005,462298473,791542173,0,0,4795564,264988320,0,64969,1474110,152702914,92472707,0,17951091,66401493,12611,215150,11740,0,2015971,5,5855685,3828725,3323,12610,0,102,48624,7469224,3922722,4346721,1123,2947013,125860,1529717,1098728,478714804,22034,21570870,1,393146,205047178,89118,6735763,786327,16520086,440773,1792,277,8542822,188075313,9753,441117501,55100,277,26,783305748,528318444,17984,0,1213872,120676,1570801164,4806195,22058,214498564,3069818,647823277,0,0,3208542,241198962,1813933,18411286,4942066,1799291,0,85809349,3900318,0,6487,11973392,4918301,50260,41002,3849550,2683425,331305625,0,0,12042530,2779275,4302082,85790855
18106899,38371821,659,126201,854439,882927,1924072,36042,45661,1461686,438040693,314,607149240,16767,7600354,0,39600,636216,413,8101,566149,6105,941682,4444843,124901,5457602,0,265479,327487,153246005,67422,473486272,200922266,141406,7380743,545305,42528659,15089261,10836353,1477459,17585499,643,43967,205397,14283,211351,809976935,200585977,0,0,29271749,144582867,0,204025,2121939,142707574,45627944,0,12751738,10741703,3005,48697,238986350201,0,3920139,0,699257,1721601,2842,3004,0,31,5544,11891837,2258036,0,459,2231487,34745,9004,130,1195585033,18842,9231480,0,26649,93874726,7368,422181,175905,2934861,113039,2007,559,2532970,56368250,1,401334468,83252,0,0,201580315,962023604,56480,0,299550,15634,411735780,6462404,36136,137025150,3496952,439637968,0,0,2864876,502440709,1936835,5465943,1351016,189438,0,897983788605529,1620492,0,2169,1385733,6345805,1032218067399,111161,7300774,4251832,616097114,0,0,21291934,946133,5150071,23982320
5711700,150500229,19,382554,56567,900743,1892448,537,73349,1377992,167667690,45,74077405,19323,3004696,0,130361,598916,0,64443,270575,5987,893340,3657020,112039,1284685,0,379726,489778,17113431,63185,61066449,200053097,71819,2738925,110454,19987226,18379452,3519437,676579,18103745,85,7170,23800,15823,204002,96336959,199717185,0,0,1090569,57470655,0,242335,652264,15219513,17283152,0,5263750,6531303,37932,42285,6670516010,0,1581778,0,306451,6300226,9422,37931,0,502,2310,6392322,1143712,5262,207,1949214,16740,2762274,19,126337762,157398,9991331,0,9509,33818976,1278,392042,169086,2521196,102722,0,5225,3531414,23327364,0,48966390,144,0,0,200596190,228112362,78187,0,289517,8234,404150561,1606856,34715,64846831,551684,170084669,0,0,1268154,57243208,83213,4326116,4391959,163765,0,7138044998521,1138160,0,16,1321481,1324619,81444510732,108318,2715168,673167,91074695,0,0,3022978,1313229,1924550,24096549
125963495,82183139,42,752673,235950,1431620,19252593,1847,146462,2499967,170224776,4236535,97473711,334198,2987279,0,150255,993834,0,26239,664669,0,1308494,14568102,103230,1470802,0,794458,1038107,19204685,58333,73010660,332517742,135341,2818247,767701,24495669,28764478,7688534,702076,211377993,792,12541,215010,0,177112,74635389,332275708,0,0,6112912,63389420,0,0,669480,18429744,17550182,0,9950152,12595457,0,689268,6117798084,0,1750106,9,824587,2017771,10082,0,0,0,6528,6802869,1933076,11924,3538,2466336,342861,571355,1759899,112105814,152071,14067787,0,25025,662460194,542083,380981,2460361,48799808,1485580,6,5706,6728225,54282911,14968,58975468,317420,0,35,332952771,126159535,0,0,386587,13227,678202458,2176980,12241,842554913,760398,172662273,0,0,1300599,61023139,105616,5058081,1577787,4021454,0,146687878447793,2247165,0,156,1879668,1982665,63340479929,76560,2600674,793074,138169394,0,0,4435140,2082460,1979047,295753985
1807196,109672691,75,476,230259,921610,2581110,26039,74754688,1586365,311537336,6786095,114086261,17004,59330680,0,294991,621026,0,76134,615505,0,1457133,17942324,76239,1776119,0,10985939,13751032,298136542,40360,93712395,201299333,130313,4998306,703325,18748892,0,100678316,1070101,21918362,131,3752,40170,0,389715,1496040852,200974176,0,0,3292144,1212522509,0,0,1361492,20282714,33345558,0,146940535,12557295,0,42645,14742753347,0,24007767,377,728933,4632048,19959,0,0,0,5665,5360371,22854968,14277581,130,2316600,3715,19622,2315648,2667089199,141334,15495160,0,22270,16833059,5605,420947,156889,1737796,101319,8885,4176,4288065,738222230,38145,65398266,94327,486,14,201706469,1973901455,0,0,4959906,13767,411944890,2115741,4287,65883795,772538,313650005,0,0,2040563,117453658,135961,5350077,3658399,6789837,0,54137516502093,1222742,0,1628,1473216,1841648,78854706450,47363,43358955,926067,78635262,0,0,1818356,1139059,3502505,24818750
73846431,84897391,50,3139,2094926,38162542,35567727,1241022,123167356,24935968,124951436,424325270,90774123,1020718,5557499,0,17,20698547,0,0,385719,0,33794809,309304583,739849,1822599,0,29727894,36149141,18751942,426163,101595807,3824373169,122781,2118981,0,12300612,0,23793821,492104,447867372,513,4338306,183119,0,4310087,92145607,3821033845,0,0,58497465,548638,0,0,507039,20928958,13437849,0,2845563,12150623,0,1363346,2103840437,0,41750,45,415501,2573392,3,16934,0,222,2004,5367325,7175634,21010539,2063,53103541,169020,2955265,248480,120049179,258587,275105443,0,18680,364924474,33354,376460,4765835,93543124,3614097,2206,4075,4792068,167553817,4968270,66447026,459181,0,8,3812409439,185408924,0,0,2693023,12889,7572531325,1650582,569,438658880,577795,126412283,0,0,980449,1433654866,126015,6294979,1973947,1897,0,83034921407710,50125409,0,98705,93767882,1335052,23703883150,51660,13875561,712150,37217225,0,0,1432214,1480826,1498240,705432938
364070994,1647267435,25,3905,285725,140656,7709,48,74859784,2320612,5331338814,383119543,111580903,73766,2866946,0,1983,637306,0,1027074062,682267,0,2306442,4251442,1017269,755213,0,3811057,20869835,142285929,7090,39267121,5386371342,59403,71573173,0,12736591,0,1082967,29812032,14310581,0,1228826,1148,0,10354,698124573,5382387000,0,0,3216749,418614,0,0,18917943,6938120,620952406,0,2428499,12058384,16936,814,6549206276,0,56704,624,692518,56777829,4,149938,0,1647,312827,5361553,3254929,674909054,9344,551164,75841,1905,355458,5404716204,2301222,32046192,0,699313,1667305855,6784,32459010,8951,605595,1548,16665,2167,107497145,10277749,7157988,23018287,560,525,81,5371711193,948491617,0,0,1661805,7323,714936288,2817246,67686,2159757697,1430657,5361761023,0,0,32044685,2608336827,991685,6491345,52061393,4706,0,31887924684777,278502,0,3,270054,1802674,1325441526,79385,1203778,946970,100534325,0,0,3156321,34778806,50295657,853926622
2816162,2366537405,6,3276,672018,360515,7276,205,73053740,50457971,337381279,237578512,135452265,137723,67547926,0,1156,557690,0,0,602952,0,1605083,27217131,5724,1924162,5,19212861,21144783,30314770,573583,133360931,1043452890,287057,7918706,0,12689420,0,1847212,3632905,48778424,0,10093948,462,0,2773,145510979,1045848559,0,0,23167880,17979654,0,0,2569078,36363596,28491861,0,3176176,11042858,149937,1116,4861100058,0,1072347,0,621999,96566070,146,48492,0,8,96930,5727739,3245580,674539497,438,1048832,678843,2011,207701,101142328,2559296,23312178,0,3002090,1277841,3236,1352248,3659,4984404,287,2068,0,5391491,15853386,366512,108209508,435,1735,0,1052493148,201655285,0,0,9444118,1628,15106139845,3095606,77,796107992,1745025,339213871,0,0,3497912,1140373671,1230668,8745462,82762112,1478,0,51875512591976,607381,0,25,954327,1053263,5168245464,68853,58100472,1604962,101382769,0,0,1877909,1327941,5159768,734408922
7645301,6923194,13,6309,2511003,773946,8831,289,53408428,426725,9018350314,237248319,125421265,32154,18227,0,47,539378,0,0,39581790,0,17343405,148814534,1832,1680527,0,7159281,17190082,2651934,162,90052526,1017553555,303588,121929142,0,12021100,0,174174421,44477828,4632156,0,4540,1337,0,21746,4634861735,1018767131,0,0,56803911,1413309492,0,0,36312481,17695728,866060363,0,197553278,708194746,48500,604,5164617083,0,27990908,0,49200015,821024,86,51,0,16,2030,5516837,57334393,385280544,665,360841,2,508,493803,100515053,33343,148354437,0,6019498,1329853,7720,55905956,2713,2936203,611,11,0,43660262,1348786346,5145125,57203837,61,1,0,1022081437,5823889,0,0,11284,959958,2094295108,2631385,124,770767578,1513989,9054768698,0,0,48714821,898291905,984089,8030690,1085860,2081,0,49342159470779,78855,0,20,1394059,1360467,10971221869,61454,2783,1336676,99929092,0,0,1756715,13111031,80592619,496848055
7267639,88023056,4051,6682,103723,67656,24325,87,28697429,176947,984412800,182636849,156430472,4805,14103,0,62,717789,0,0,16132653,0,54819154,562893423,2929,1486429,0,2407897,19249900,763332514,1842,74388077,1006508343,257454,768768,0,9982430,0,3485090,1255420,4371688,0,23200,125,0,14343,1319925139,1007237224,0,0,2776,21254554,0,0,382829,14062526,14218092,0,1781985,24830607,51,2685,359461700,0,230982,0,19230635,362895,5,79,0,2,543520,5424359,1091327,372083333,778,1201580,8,3812,190566,133086660,15262,504901477,0,4856,4447112,6752,1049360,5375,1792284,708,333,15544,188042766,164673160,299147,46116709,1159,0,0,1009228897,6863829517,0,0,4551,2659,2049938912,1998504,178,572587066,883126,965773710,0,0,448321,923795354,418998,6452560,562300,308,0,22448406674160,750177,0,5,427979,1473690,7843597753,35220,8872,1418906,94439889,0,0,1831419,58954882,579097,463705072
8120506,74767165,22,7229,94959,845739,22103,752,37103731,430900,999479205,165463780,6362857522,91163443015,4977,0,463,669167,0,0,4849662,0,26350,85072541,3859,2670017,0,6622736,16403982,6429370,2937,140615280,1000980207,15877026,4481760,0,783211376,0,3877653,588095,4165250,31576649,29296,253,0,54165,1021817686,1001466915,0,0,20073,3587273847,0,0,1012935,27051010,31969255,0,6648524,3540556,79,3396,1217609681,0,760505,0,4840233,1084810,6,292,0,4,292176,271593159,888837,256669499,939,1044920,48,962,114937,81553563,9862,11911720,0,66770,5773071,5525,159544,2707,3507498,1129,23,4150,15912411,141837880,345143,87415621,169,29833832,0,1002796270,631392755,0,0,15450,338649,2029957621,2247546,91,574154966,559578,988664778,0,0,2266477,709273872,125088,407781175,1018348,76,0,13584144488997,727234,0,47,1646992,74971147,664503924,2821494,64603,49124093,282035596,0,0,179468511,7015697,3587556,414235103
8911962,105179493,30,6940,192017,68405,126739,556,39240721,795106,998295154,171086929,102522641,0,21783,0,174,864097,0,0,73275378,0,31902,92196853,2326,2644902,0,13858039,15180943,25824923,4242,117151311,997818111,43335,4422952,0,84311576,0,1027529,2704167,4004550,0,39653,319,0,24253,1070657671,998166020,0,0,58129,455068253,0,0,1334140,15480492,44239666,0,1386990,304769248,292,453,763454058,0,70476093,0,87779679,1048664,35,296,0,0,502,12896349,58776,202548219,877,1204363,41,4278,252672,136311340,658,31619345,0,118630,9954557,28482,2285879,7650,1542209,3763,32,111912,7970380,170738562,432976,56367110,1203,0,0,999115361,645580825,0,0,15270,13483,2019219526,3091591,72,506068496,958383,991475439,0,0,2153023,716676819,431479,5732680,1254120,3522,0,848959260714,802665,0,48,623646,2948780,690854043,147837,67744,741421,201271209,0,0,8384531,276590,3192351,361854549
6689350,89878649,117,6475,110810,655511,36601,922,57709919,1101867,984092173,175161729,69883113,0,95072,0,440,590537,0,0,445991,0,30908,114367555,2673,2602263,0,16462407,9928483,37064457,4844,122878118,995919064,7092407,216376,0,57600970,0,705151,3250679,4282240,0,27296,396,0,33421,986830640,996181376,0,0,62896,899438751,0,0,1266629,18513246,39267218,0,24198,1223678717,295,1134,724456033,0,50384,0,553151,2366688,13,133,0,0,125,11034697,148139,229787975,904,1225430,1190354,2590,133414,146568183,272,13334812,0,87548,9885169,18289,3145704,9754,4604977,3261,2,94,9344082,179210655,3011071,64560152,2282,0,0,996891886,813746204,0,0,7914,12488,2012960263,167848041,83,417752232,1751124,979422595,0,0,121558,696560785,1118210,4050934,2270853,3804,0,5016141070803,791581,0,12,1762963,2120726,1489969270,153415,43559,480854,314780669,0,0,4171614,748223,394671,413302174
10424461,130239637,1496,5449,91716,1002101,43357,380,54427417,530846,993230271,183190749,135485474,0,98726,0,9277631549,909518,0,0,6985,0,38002,90866030,2,156573192,0,1804553,11932893,42528549,5738,10097412400,994497837,25054961,4628206,0,26002981,0,4966394,2171643,4919381,0,32963,459,0,24452,1056426081,994699962,0,0,37232,732210202,0,0,28263,2490451442,42154758,0,8181835,73612496,134,1508,1410075599,0,108736,0,1406911,1867372,42,140,0,0,205,13460118,1095575,224218434,924,1485030,0,4464,611068,173916369,599,62697231,5,43085,9046861,10844,2382007,22894,4093678,5922,3,514,3541133,210269759,5233741,7527894214,2401,0,0,995256287,822420242,0,0,9079,1577366,2008639644,2345065,244,456754629,81900043,989789229,0,0,2347125,641900340,46006886,5331520,1808491,7824,0,4102609129076,1092003,0,20,2141162,523823,81404697125,215284,104808,2269469,101099960,0,0,8264934,901554,3439326,369846080
10521534,112955113,53,7441,79176,839398,35721,57,38853604,1224581,992402037,166051988,3097798778,0,65742,0,0,523704,0,0,38924,0,65338,103565044,62966,2512474,0,5632832,9987342,44537793,6185,61568365,993596551,187358,707107,0,16205140,0,4621969,2740583,4964013,0,22373,499,0,37104,1012151691,993758789,0,0,106200,637348440,0,0,1268813,71692099,48609371,0,3936881,17984444,139,3400,209815301,0,454001,0,1105385,1763403,638361433,168,0,1,421,15383734,1467399,239234772,939,1010853,0,1906,947443,191883968,868,29165960,0,23610,12498996,7219,2322547,7479,3471198,7192,2,568,1437308,194107102,1499978,4600412,1357,0,0,994202746,915235403,0,0,10721,41396,2005808708,199513260,62,469768065,95122027,989758357,0,0,367657,626671531,3683350,1741836,1838823,4981,0,1854009070208,730018,0,71,2038785,35771466,0,184998,47519,26346749,2937113252,0,0,1598466,781651,771670,369918733
10618136,110098330,6594,6330,188905,1077199,58461,64,40086848,655314,996423777,166122881,87863646,0,145604,0,0,944417,0,0,268547,0,61733,114533051,11489,8982821,0,5557798,10704185,45644489,6803,434328527,992919518,539479,5236540,0,692043,0,4032592,1787989,4535649,0,63821,689,0,40116,930543986,993052592,0,0,37671,599575423,0,0,1624280,127085561,45396879,0,3992660,10994863,169,1797,919898114,0,1007978,0,1754515,2199085,0,189,0,0,477,10151980,1124085,222482920,949,1545820,0,2749,911744,202650994,1114,15599452,6,1649,15392283,7067,2016827,5891,5833430,5192,0,212,7448204,192466939,1576020,244738778,1401,0,0,993415813,905242651,0,0,957,61168,2003812197,280803,159,522941818,537499,994388536,0,0,2622506,565805878,63703814,197878652,2387927,9022,0,14183692459345,1103843,0,20,2477841,128575271,0,47952,112511,4316726,56944856,0,0,85881842,896858,3994893,403926902
10661792,117784148,10,6889,201962,793590,49665,29,37099069,1063431,999590349,162073009,11352864347,0,71327,0,0,650023,0,0,202236,0,19647,83406046,17176,7519702,0,14838842,11985664,44241245,7337,439366425,992414848,59817,5355429,0,554399017,0,4929137,1722895,5475145,0,31103,765,0,41965,804669803,992525567,0,0,124487,613484044,0,0,894882,21892943,47692370,0,4740013,22666255,188,2921,843323958,0,1063104,0,1462157,2401304,0,536,0,2,1233,185516333,1345446,194204883,1405,1444302,0,4792,658374,172345962,2792,31159376,14,7589,13355072,21316,1512592,9480,3821807,5803,1,58,6522706,143145939,2662086,394581541,340,0,0,992828306,848063343,0,0,6645,44657,2002309212,131230,267,502319628,2244148,997896170,0,0,2546099,588659021,2161400,3050518,2536586,9916,0,2609061563329,998297,0,15,2085028,3615182,0,2004180,72554,102590751,11232890945,0,0,323143834,1331795,3768051,412422175
11485262,122569809,19,7104,219059,1184996,65167,210,47121683,689974,998176514,147244949,45771997,0,159043,0,0,445129,0,0,453237,0,30544,75501501,15926,6899418,0,8374854,11779081,50325673,7753,351158365,992033074,31350,3530645,0,1613405399,0,6548494,2838558,5911796,0,36093,1977,0,33511,758920966,992126856,0,0,85881,569753633,0,0,1486878,881951308,45645469,0,9485685,25004864,536,2628,1319875964,0,884793,0,1355919,2754364,0,538,0,12,699,539491458,1942270,206216877,950,770427,0,1698,464440,194829014,1754,21516516,0,10338,18013574,9879,3027339,10113,4933818,3519,1,13,7422532,158682718,2054858,174317044,321,0,0,992383208,769781957,0,0,12917,2629337,2001186731,86492,159,455288326,1457811,996756873,0,0,1522055,590460489,1046620,747744335,2438864,10132,0,1883947683334,546439,0,28,2323866,61423223,0,5565567,103192,1924123,240269377,0,0,3577721,1549703,2467969,378661675
11590116,144903782,101,11352,121476,951019,60350,390,46308522,753972,1000100121,252618190,481268624,0,105318,0,0,676918,0,0,567270,0,37886,75895392,14490,67551010,0,8099760,8682438,44872403,8225,3802827392,991725929,12312,4937529,0,0,0,4488702,2316215,6877593,0,39002,3129,0,52770,835428950,991806625,0,0,125805,526284735,0,0,1827704,3825360894,58154949,0,4697339,23239885,538,5308,71225516,0,283237,0,1886871,1729235,0,367,0,20,323,34849106,1150518,176209824,957,878403,0,419,425316,207590478,1855,57545787,0,39085,19534910,20574,2263049,7138,4015946,2854,2,108,8748049,162285413,4114500,2742725922,1421,0,0,992025521,735642322,0,0,30471,207840,2000303400,50702,142,481778148,5237539,998903699,0,0,2183780,573643115,490197,23032389,1937316,11027,0,2232233782261,580362,0,63,2141509,1800326,0,243319,72451,657049,244510327,0,0,3518671,1138302,3335708,315271527
12144302,93288342,2,5918,179949,678747,71873,338,42599639,558639,1000071664,478744586,713812856,0,144498,0,0,545646,0,0,376291,0,68214,74054237,3329,278756545,0,10854500,9699685,50283036,9645,16277342455,991480714,26903,6162866,0,68048546,0,5405344,3352144,5863237,0,44066,2068,0,32452,771852457,991550113,0,0,51268,454827199,0,0,979488,197967202,52660405,0,5576821,24348948,368,5401,727578761,0,66334,0,3596449,1360192,0,722,0,95,350,42363488,1732909,202460467,965,1437842,0,2136,444441,194799360,2101,30197274,0,40680,17885931,18866,3255582,3319,3701113,5541,1,302,10371607,173873134,2407005,11670932370,453,0,0,991740787,808986868,0,0,30995,899329,1999606507,6260,143,449506092,2320070,999057030,0,0,2677273,597526859,200758,32343774,1625742,9886,0,2791420190283,1023625,0,36,2130229,1094388,0,485917,80813,1094298,294756768,0,0,4229770,1156050,3928697,375487597
11826891,75538921,0,7574,204028,593885,69961,195,44246954,660499,1000091479,490160836,828211900,0,100715,0,0,376805,0,0,618119,0,73026,66837078,3590,216470,0,11297197,10274823,59428748,9879,176495352,991278922,7479,4464029,0,107244149,0,4241799,2311668,6044734,0,28394,4397,0,44279,782438712,991340076,0,0,93509,463178018,0,0,1654514,115797494,49814973,0,4370676,30384378,721,5444,1910078804,0,136840,0,957205,1611314,0,377,0,51,1077,28389903,944369,200571696,968,837006,0,852,558003,224293209,2299,31778841,0,67422,18659530,16984,2160757,10883,3428884,6197,33390,6,7636005,177373228,2367199,1999230736,451,0,0,991506489,737349185,0,0,22187,223744,1999038798,18046,168,479701735,959997,999213930,0,0,2197183,551430631,633730,27347015,1738760,14266,0,3715505815204,566667,0,34,1500545,1509115,0,421696,127391,225262,2752146401,0,0,699711,860696,3507439,383086508
11761498,92665319,0,7259,121862,916775,147400,1159694,48044277,768861,999151440,472916101,4184267817,0,111785,0,0,574189,0,0,713527,0,27407,70893348,3887,56446,0,9813720,8867579,52235409,10432,397399432,991124864,64385,5079136,0,37586739,0,3878936,2337209,7038927,0,48250,2116,0,33742,858656501,991178285,0,0,135065,484400915,0,0,1143841,197943643,50040742,0,6934193,42750134,377,5425,1883635601,0,121907,0,1950635,989505,0,570,0,2,1633,0,1041689,180246754,975,974008,0,3909,540424,189837354,2433,41762528,0,70074,21394667,17602,2282076,17394,3573630,80,0,1435674599,7578858,168908711,3384757,1117732076,2472,0,0,991325833,769826712,0,0,40789,631113,1998572093,64512,692,471396403,1622669,998397126,0,0,2244905,563937043,415304,11525119,1442553,12262,0,2173634292022,684271,0,10,2302479,5307778,0,0,60065,918144,95509765,0,0,3049238,1192080,3444315,376815324
12027881,61190795,4,9705,221633,417136,75243,0,41324571,780037,998191000,463228668,6737387200,0,177330,0,0,588528,0,0,494294,0,96116,85324014,2359,459661,0,7538753,10491788,47880802,67433,516535737,990965420,23716,4400705,0,5436141,0,4250590,2487262,8263636,0,52767,2245,0,45415,756922366,991013405,0,0,21217,478838138,0,0,1003326,203109632,53887833,0,4246127,35622626,570,1983,1068896710,0,71896,0,2023334,1186288,0,556,0,12,1216,171639220,1229368,201179133,979,717799,0,5631,319650,235603570,3926,43029259,0,43353,18676590,28912,2749057,25252,2794301,9766,0,0,5889244,155069207,3250995,1632966456,2909,0,0,991143777,855359555,0,0,23815,583260,1998186099,26167,449,480027598,604593,997536191,0,0,2063108,565077011,399084,8533547,1594922,14390,0,3526547408055,474562,0,13,1385559,7326790,0,1230045,40636,107536,232916776,0,0,5481777,821659,3283725,365473962
11877387,60451216,5,8348,121985,716463,82367,0,44050693,499603,999884070,449711214,1529835951,0,85736,0,0,636517,0,0,600761,0,161807,75949935,462,1366574,0,7681878,7857964,54417391,24069,591238199,990941406,55161,4157711,0,7008354,0,3653181,2038910,8270344,0,53245,2111,0,35371,715043541,990983888,0,0,23131,481451129,0,0,1198727,175913753,52019285,0,3741506,33216080,556,4125,1702026445,0,121730,0,1688054,1837845,0,570,0,5,1755,119700307,1066969,182034229,978,965747,0,2528,544898,235805850,2777,42758668,0,48947,23052676,23088,1746345,19700,3182380,6221,0,0,7748691,163119671,3321397,1074922620,3927,0,0,991101607,759715539,0,0,46532,424838,1998066642,4322274932928,721,487276784,974501,999296626,0,0,2006408,550304583,61012,2548746,2237030,11255,0,2060152622567,716236,0,39,1988952,2114517,0,118197447490,68766,129058,286340967,0,0,2070208,695768,3179317,360159921
11495696,97052072,0,8394,241494,447353,66270,0,38338984,468177,1000131743,442898416,81755826,0,56518,0,0,230721,0,0,493088,0,130929,63953695,5799,401035,0,7597174,10593110,50805224,11037,622374975,990764787,57965,3841483,0,647727,0,3139691,2597312,8375068,0,67417,2175,0,48497,785669371,990803447,0,0,26960,467427386,0,0,1217631,157686038,52472445,0,3709570,36869737,571,2786,140445098,0,68506,0,2138752,1421278,0,728,0,4,1864,81218686,1008705,185077236,981,766119,0,1098,648464,217335299,2947,31202308,0,15893,18964700,19161,2822771,22848,2893331,11614,0,0,5549475,164473017,2343508,1364881527,2450,0,0,990908240,714148607,0,0,32772,205934,1997618693,0,723,480660832,722639,999603867,0,0,1667564,551925780,62611,9802877,1956506,13540,0,2416118426948,487974,0,29,1506654,7907771,0,0,40744,395827,375558966,0,0,1915607,399427,2673129,373951502
12593678,83484363,13,8735,212911,816205,85741,0,38433662,474377,999247653,434851709,216091787,0,94375,0,0,390785,0,0,892041,0,137756,72410978,9999,22462,0,5227201,10537016,56405442,16485,660831016,990682740,99270,3873518,0,1207675,0,4235218,2335251,8525035,0,62060,1206,0,36240,719801846,990717499,0,0,34850,458573867,0,0,742318,126294198,51900634,0,8448475,37043550,728,6353,38554128,0,94731,0,1863948,1659379,0,1431,0,6,2908,100872151,1437694,182639112,982,465198,0,2880,840975,230006040,3044,33407713,0,41436,23694625,13161,2246137,20583,3200872,11765,0,0,5150100,155059677,2333228,1293550645,4330,0,0,990812932,785102957,0,0,41308,337219,1997392136,0,475,472958034,1083177,998780083,0,0,1651598,533629120,198767,15467776,2063008,8962,0,5267208118260,339250,0,36,2308895,4076803,0,0,106879,764510,416922389,0,0,4457088,2063674,2669356,362433174
11818436,98642309,8,8656,188055,537992,85257,0,38805868,473461,1000103877,436636210,315314396,0,59222,0,0,408863,0,0,735483,0,138235,64062721,8482,61305,0,5186997,9148415,53482655,20627,695222396,990621895,72424,2985695,0,2883840,0,3250658,2560552,6629778,0,60124,3347,0,47331,782628831,990652940,0,0,191199,453111205,0,0,1273040,139402152,56346167,0,4978812,40716546,1431,5567,109792896,0,143092,0,2755977,422529,0,1085,0,34745686,1995,57949905,803740,173385722,986,732183,0,2832,447971,228281670,3269,20011954,0,46641,21039992,5401,2606872,18370,1939924,11770,0,0,3409286,167238014,1343562,1019424922,2057,0,0,990740448,730433196,0,0,28265,208725,1997180149,0,515,485104279,330638,999684895,0,0,1365106,565001132,446900,13157467,904804,5482,0,1610179978615,500681,0,60,1553197,6500954,0,0,135882,673601,547620305,0,0,6987183,525039,2265441,351215977
11210815,29777739,12,12310,199255,324850,88064,0,37536464,881278,1000122682,424151638,392046163,0,141761,0,0,292572,0,0,880070,0,115190,78867629,10459,4166256860908,0,4101266,9813268,55136188,10124,697717898,990543262,46377,3895073,0,5821902,0,2054894,3198110,6120949,0,64794,4444,0,37920,738704984,990572489,0,0,151149,472847475,0,0,951735,125987957,54747195,0,3827999,37864672,1085,7435,820840483,0,103873,802,2972611,977201,0,399,0,0,1975,46428987,517058,172666548,1015,700952,0,309,575527,222923086,3394,21828419,0,48637,23754622,8682,3182302,18348,2905295,13347,0,0,10350841,153872052,1394569,878017823,4083,0,0,990651273,792571684,0,0,30975,460270,1997004965,0,257,462011985,778554,999736060,0,0,1661732,560990135,244643,10660459,1616176,3839,0,1223333500437,518405,0,32,1434704,3146003,0,0,79905,33087,539362332,0,0,2631022,488997,2642912,378288257
11422846,55277208,11,17192,186691,524115,79654,0,36561014,324912,999879914,428342980,448790809,0,181680,0,0,292957,0,0,916103,0,190333,67744635,6048,0,0,4880170,9267895,53484978,9115,724792678,990487316,85958,3266280,0,7197427,0,2683800,3228690,12510383,0,63472,4399,0,49146,771015710,990513972,0,0,20312,460521702,0,0,1185510,133918965,52980687,0,6422411,40277908,398,3242,1161169686,0,73186,0,2619383,1323653,0,1075,0,0,1035,73463445,661958,175523684,987,465786,0,1613,821068,251405421,5362,21915489,0,68523,24446069,19899,2988578,21899,2933173,11894,0,0,3905573,179630879,2346414,771619066,4485,0,0,990586228,751284996,0,0,49941,549633,1996831041,0,243,457007803,453027,999531142,0,0,1477096,563707372,352771,20681079,1651482,6168,0,3131849374977,366301,0,94793,1718008,2909842,0,0,17024,428561,551326970,0,0,3334798,478468,2335845,359301481
12647742,66061743,4,7495,162646,477527,94388,0,39211782,395859,1000129387,424375035,498553147,0,110399,0,0,358816,0,0,874650,0,130173,66797540,3383,0,0,4934451,8664124,54877091,9992,736833536,990435407,28777,3893243,0,6756999,0,4327131,2370848,6681276,0,63972,3460,0,38885,763972316,990459590,0,0,13568,458101426,0,0,557129,217505052,57089139,0,9419553,42175516,1075,2257,887959058,0,40793,0,3093767,866462,0,737,0,0,2043,42158504,1345103,165241794,988,390522,0,1720,1134256,252994925,3802,21460222,0,94993,25934928,19404,2527397,21452,2856915,17125,0,0,3473487,170301468,1398434,796357971,3428,0,0,990526338,775128369,0,0,25674,307424,1996722034,0,486,469253459,994789,999806622,0,0,1700236,562971314,572076,13150968,1237121,1604,0,3847751127184,301572,0,0,1354371,2127864,0,0,50145,405250,542582601,0,0,4397232,881828,2727169,337257048
11565530,44466351,8,9142,226585,369982,96929,0,34757850,363093,1000142602,432764841,535970678,0,504,0,0,435084,0,0,831334,0,132783,76993508,4095,0,0,2344116,10365337,56487823,9494,713732192,990398771,62204,2020475,0,19018856,0,4580362,3269003,5365414,0,50848,5244,0,56253,778586942,990421278,0,0,10845,444839065,0,0,688898,133297853,54173131,0,5405672,39449245,737,986,1930210272,0,116607,0,3076391,858770,0,243,0,0,2145,76295388,1062929,168220710,989,837678,0,3178,1235842,256358189,3743,21645338,0,69024,22490524,25766,3294468,59034,2847771,14643,0,0,3622862,169772759,417864,736768175,3354,0,0,990482975,767078984,0,0,15890,472028,1996614913,0,261,458483263,75017,999846685,0,0,861460,567544490,113622,46969637,1507264,7867,0,1133708441484,592992,0,0,1443112,3245030,0,0,31332,837828,548438828,0,0,1200446,1029319,1490167,375088123
11138128,48642148,15,9525,224635,301067,112829,0,31316924,681450,1000132180,419166020,568065964,0,26413,0,0,407072,0,0,872443,0,141450,65229702,4133,0,0,4914089,10561184,53562831,10251,750528558,990369922,95590,2906451,0,14211696,0,2594943,2830826,7146989,0,68342,3405,0,39339,785638787,990390414,0,0,55014,471797174,0,0,742702,128184783,57782190,0,2960010,42721074,243,2877,385591707,0,244848,0,2751657,932226,0,76,0,0,1608,532764517,428407,163856944,990,874348,0,4692,1220030,231918511,3846,21413425,0,94034,25848424,4011,2740973,29202,2853841,16335,0,0,5823204,170765360,1453667,709416394,3772,0,0,990448188,780355242,0,0,25618,359192,1996523055,0,273,444046866,498026,999860534,0,0,1367276,566136161,352211,69789313,1554392,9764,0,2218429428005,667874,0,0,1240519,4737874,0,0,83320,36771,571078613,0,0,3043117,506991,2230690,377390144
11365097,55619220,14,14032,249628,552328,103499,0,32761679,690848,1000246259,420832338,593716503,0,72202,0,0,526454,0,0,943187,0,142149,68819545,7454,0,0,4943268,11247807,54591722,9635,757392447,990332704,70733,3125312,0,11534213,0,3070732,3316690,6453813,0,69785,5679,0,50457,758799088,990352096,0,0,94895,470848172,0,0,646681,155892063,54741296,0,3383816,45901446,76,335,659341295,0,239090,0,3047610,1182553,0,84,0,0,1728,719527146,593521,165814591,992,978055,0,1885,1193997,246782078,3804,12661261,0,94887,24802037,4344,3223033,19794,3088569,12413,0,0,5733898,168093310,474277,960206492,2933,0,0,990404939,794993845,0,0,18480,830182,1996417659,0,511,467573838,835801,1000004210,0,0,1460805,1474045456,850132,24846105,1628484,15432,0,11967749709588,697607,0,0,1750814,4319527,0,0,31371,604579,599281904,0,0,1596544,224018,2395991,373764897
12505454,59450309,10,12407,187395,791703,112227,0,36863557,765975,1000127858,419055271,614320799,0,42409,0,0,430714,0,0,783295,0,180909,73454192,6439,0,0,7617934,9053976,57656281,10458,752031107,990305611,108236,3170103,0,8839277,0,3738295,3027360,7823074,0,84943,4572,0,40528,767833412,990323914,0,0,19157,469709086,0,0,532618,125547094,56495563,0,6533308,40692297,84,2454,116741255,0,140208,0,2580438,1086870,0,264,0,0,2196,394383014,1037577,154143586,999,431576,0,158945380046,602895,253399687,3996,22783085,0,130999,22270309,3299,3025333,9072,3925448,14339,0,0,2917834,162292754,1413435,739519146,1540,0,0,990372469,763383699,0,0,34885,1037275,1996257243,0,977,442832628,1055550,999894357,0,0,1511718,816465327,904057,3887464,1542369,11987,0,20012366524920,286950,0,0,2254629,1744178,0,0,84518,465604,592947219,0,0,2199080,795723,2535388,342008426
11881516,57442429,12,12297,241948,671623,114405,0,35026039,343691,1000105614,419850034,632781393,0,110195,0,0,398335,0,0,693008,0,131598,68218662,2711,0,0,2508073,10320212,55968158,9963,764627542,990374962,84630,2784289,0,6859875,0,3439680,3091804,6918137,0,84348,5566,0,50658,804904888,990391610,0,0,94537,464032026,0,0,402349,167378696,57588233,0,3872910,41001583,263,4393,1208133559,0,144405,0,3558460,1541760,0,92,0,0,3262,8519271,805275,161574654,994,1076526,0,0,503021,237184922,5730,24047163,0,102749,23503313,4705,3132231,4179,3252105,10330,0,0,1757974,179865464,2157914,672851077,1542,0,0,990437905,773050030,0,0,45801,534891,1996230470,0,1117,457813523,796866,999892183,0,0,1372336,1695898033,226017,6027882,1842367,5910,0,1475662653450,759991,0,0,1925345,3099525,0,0,38272,775293,601040334,0,0,1702515,666951,2261656,349982211
12307062,79506906,6,12449,262979,283607,120860,0,28475283,448386,1000126351,419267677,649689789,0,41684,0,0,651418,0,0,991904,0,113852,72227951,9579,0,0,5055314,10493872,59288236,10578,764522269,990260941,103744,2626592,0,15025570,0,3476990,3335401,82168187913229,0,85766,3315,0,40533,796496411,990276537,0,0,62561,453650349,0,0,1043182,137484266,53250788,0,3669058,41734479,93,7891,1727077222,0,239805,0,3102354,1520016,0,256,0,0,3223,13371121,787109,160178158,998,857242,0,0,1204820,262010557,4193,24098196,0,79947,25682208,5098,3319507,18029,2380841,5979,0,0,4856790,181460374,1553522,766663318,1486,0,0,990319893,809617998,0,0,30539,152584,1996375557,0,835,432026723,777992,999925129,0,0,1332190,927721451,669056,8212860,1802415,4981,0,11205436497614,623281,0,0,1182058,2791574,0,0,65055,798016,608550799,0,0,44091,393504,2233216,334643811
12343324,83689673,1,11866,241183,732806,119109,0,30097892,834597,1000137200,419074265,662722336,0,112535,0,0,439576,0,0,728958,0,52018,69724534,14416,0,0,5080197,10081599,57751510,10140,772000356,990233213,75487,3679494,0,10052855,0,4257837,3231994,0,0,100922,4331,0,50904,841264696,990248122,0,0,99911,460983548,0,0,799444,162326647,56723544,0,4447018,46776698,256,5902,1259397958,0,133945,0,3308967,787802,0,263,0,0,2809,5108534,1310614,195831458,995,756469,0,0,600680,250811162,4395,26144671,0,100027,40819120,16478,3358150,105,2824279,5223,0,0,3976117,180956780,1409438,677965793,665,0,0,990288280,796023214,0,0,2191,336294,1996145656,0,994,461455053,1193485,999948016,0,0,1639431,712011582,887479,2524810,1129104,1199,0,3676390472938,514980,0,0,1698397,4358679,0,0,59339,1209369,605424954,0,0,1571378,1201825,2642399,331536508
11804391,40988129,3,12818,240106,554928,127492,0,32806252,979213,965595483,420928116,675734873,0,53582,0,0,700787,0,0,877213,0,122553,78117405,19548,0,0,7150942,11025982,56831432,10561,774557514,990211159,102301,3668919,0,12357237,0,1945291,3010900,0,0,103183,5407,0,42244,797875910,990224626,0,0,102347,472011753,0,0,1275703,171912257,58843029,0,4874849,44958428,262,1849,2355453174,0,238089,0,3402933,1804347,0,268,0,0,3577,24287845,296880,143290120,994,1485745,0,0,182400,249004966,7554,32622113,0,69058,22689797,21861,4491554,20611,3174861,6945,0,0,2687243,167577749,1448603,790858950,1565,0,0,990263403,840102824,0,0,9390,164236,1996085650,0,788,446910493,1116926,966225625,0,0,1822382,532471363,1184470,4095237,2068423,5855,0,1537075822357,1116021,0,0,1608703,741547,0,0,88084,913622,614608679,0,0,2490173,476463,2865797,341769351
11710384,99942909,2,13012,211552,527135,111047,0,36017539,664462,946125703,404023723,639417735,0,78988,0,0,461254,0,0,698421,0,27807,74731090,13957,0,0,5331630,10698822,60039548,10244,776328584,990197818,163694,4156282,0,4877849,0,4061565,3361563,0,0,74765,2322,0,51746,769780335,990210413,0,0,181857,477065062,0,0,571335,152988947,59558772,0,4301660,46533729,268,1432,3352924490,0,226613,0,3291382,1500702,0,270,0,0,3024,8610338,1235982,131137372,996,562049,0,0,682749,244989616,4560,24045455,0,66935,24552567,7124,3036059,19623,3174604,2247,0,0,7073325,177557420,1429695,693164643,5174,0,0,990246353,805180938,0,0,22058,102997,1996031332,0,1222,434363089,1535036,946933668,0,0,1832915,540920623,1237257,9107407,2071238,5342,0,712173316858,416940,0,0,1700780,783167,0,0,113450,2097550,586823689,0,0,3824813,809633,2885820,344425682
22116837,73790328,13,30373,242344,1078659,574994,0,34587192,882680,970677775,393264497,693580520,0,123352,0,0,541862,440,0,846524,0,198942,73839259,16857,0,0,5101701,9646220,59845773,10966,778369238,990173277,134535,2447077,0,9640249,0,4116909,3515267,0,0,75143,2301,0,41530,827200335,990186029,0,0,3422912303091,481896057,0,0,1040945,161352924,56512638,0,4443741,47565937,271,1332,2214610864,0,207258,0,3250115,1876207,0,117,0,0,3332,1763489,1151028,205254041,1001,1065674,0,0,492003,245822851,4559,23856537,0,117532,27021433,4346,2982483,30637,4602747,8225,0,0,2980596,190034130,1447093,749582911,4234,0,0,990218958,783397140,0,0,11090,147674,1995985154,0,991,428886593,1034034,970543859,0,0,1081118,539381781,1224591,13240872,2262881,11078,0,62658345321,806687,0,0,2652772,1135217,0,0,60037,5091675,609566384,0,0,1895371,1283829,1890028,343857913
13182406,97707132,20,35771,191829,342322,123049,0,34801915,912573,983083858,409374044,702601694,0,152544,0,0,794011,0,0,965589,0,140590,78775776,11020,0,0,2630754,9643549,61103951,10387,776787354,990128401,141166,3505648,0,10271339,0,6017399,3024690,0,0,75908,145,0,51552,816526944,990139750,0,0,0,466541003,0,0,500610,446498052,57540443,0,6901195,46378643,116,1908,1875722857,0,232696,0,3285105,1877040,0,280,0,0,3394,3471479,1884641,161453463,996,1182885,0,0,874207,267149458,9282,24023026,0,69060,20727913,6395,4093710,20136,2944747,10272,0,0,5216279,185418293,1493556,784073885,936,0,0,990172278,834158539,0,0,26871,281691,1995891865,0,1233,451951865,931817,982956623,0,0,1615565,553047881,742925,6078356,1925000,6754,0,3304827904099,913044,0,0,1318621,2950225,0,0,2922216002130,3731028,599779471,0,0,1850952,1255156,2467581,336954569
11643210,86724160,2,10248,266548,785844,116829,0,32911708,1196556,984477298,400773630,709859319,0,79805,0,0,856329,0,0,682620,0,186478,76905779,8922,0,0,2742969,9720456,57572250,11043,781154765,990144260,142467,2769644,0,6087563,0,2890203,3348690,0,0,90613,2297,0,41494,827932947,990155123,0,0,0,461476218,0,0,1268504,145261330,60294960,0,4955323,46171819,280,4566,144663968606,0,173940,0,3374636,1376484,0,474,0,0,3834,10559249,612567,158643339,998,1785678,0,0,683019,236011841,4637,24800410,0,44084,21797170,4661,3056387,9371,4412846,15622,0,0,7599401,175485581,1431730,733136678,747,0,0,990185287,824325320,0,0,10318,181705,1995907421,0,779,438221943,852926,984337106,0,0,1403634,538266009,770303,8090881,1785968,8971,0,3479885197911,1311202,0,0,1950819,2381163,0,0,0,1749050,606895184,0,0,2650441,670548,2272827,353458821
12702474,61179536,3,8539,192872,810650,103446,0,29461035,1416040,988570729,388004901,716252947,0,3457364778217,0,0,1011527,0,0,681256,0,139157,81700288,7944,0,0,5406965,11099979,57085949,10579,2153013594,990129061,113946,3810335,0,8424455,0,5046775,3312859,0,0,91262,256,0,51524,787781414,990139712,0,0,0,475458687,0,0,1531919,171784818,54548931,0,5658365,46014583,477,2074,0,0,191273,0,3113524,2324301,0,590,0,0,3389,9648091,1306486,154572867,997,1872795,0,0,3580584351787,248663707,4667,15147496,0,68331,22496314,6406,3083912,8849,5115612,12698,0,0,7227865,181272505,576497,761435105,2475,0,0,990167750,838660821,0,0,28049,32589,1995883269,0,956,443192242,1645327,988498609,0,0,1551139,532941613,2718899,8549643,2790935,11051,0,378416095760,1319951,0,0,2341000,3642735,0,0,0,1254420,605311181,0,0,2307829,972551,2552956,363225539
13713514,104134043,4,12281,242620,1231859,95217,0,37088554,1370271,974645896,394111216,721975181,0,0,0,0,756781,0,0,717470,0,91480,74342959,10948,0,0,7547269,9023653,56905655,11138,749514628,990123032,114593,5594315,0,6247666,0,5862468,3000670,0,0,63823,2329,0,43165,783685435,990132496,0,0,0,961694267,0,0,817987,171734056,59746766,0,6220221,48036182,590,2278,0,0,130919,0,2843668,3104127,0,439,0,0,2866,20948881,1662841,150138817,998,1379750,0,0,0,233316636,4836,24945132,0,69291,23576943,4499,3375688,590,4970155,5912,0,0,4133675,183979493,1653731,1991285331,1670,0,0,990160219,799699319,0,0,15275,63289,1995866937,0,1278,457536693,2205450,974546451,0,0,2654935,529553748,1620729,8996885,2789936,5843,0,15389664005928,964902,0,0,2742934,3733641,0,0,0,1243467,620497491,0,0,2429766,1478416,4045163,340508899
14926727,150360952,1,13817,143546,1325004,111113,0,38640257,796836,991012938,398141401,724124375,0,0,0,0,596312,0,0,744113,0,91038,72982891,16235,0,0,5215135,9567766,59537643,10558,745631584,990104810,121665,2869490,0,8440647,0,6979708,3310081,0,0,105908,5982,0,52521,778349226,990114315,0,0,0,1495946249,0,0,1030711,171259208,54709057,0,10471945,44592545,442,4623,0,0,179382,0,3666825,3016354,0,5438463027,0,0,4181,20069752,2016534,157892626,997,1068931,0,0,0,249681141,4891,25387119,0,68541,22926028,6682,2888473,13663,4600429,4981,0,0,5318622,168640653,2372218,713117314,845,0,0,990139856,793507310,0,0,19587,182937,1995827222,0,778,448238741,1026574,990896504,0,0,1223809,558638238,782313,9341782,2581307,6550,0,28088921902209,765806,0,0,2648357,283731,0,0,0,4487705,597481889,0,0,2981096,1647324,2061180,363949328
14389087,145939506,9,14058,252423,999207,94399,0,37315438,1025197,990196397,402489898,731775329,0,0,0,0,758432,0,0,846171,0,38169,71946111,13777,0,0,7387793,8570278,60557640,11241,741893832,990181370,117306,4636922,0,13132523,0,6367046,3155291,0,0,107226,5417,0,51769,829320423,990190020,0,0,0,1444651457,0,0,1691756,160280530,55073910,0,9191210,44079343,5438971500,1658,0,0,122283,0,2881206,2164833,0,0,0,0,3071,34821614,2083240,158564958,1007,1307707,0,0,0,257784945,4808,34232863,0,115190,22671895,6248,3277872,10065,3694010,5096,0,0,8173092,189706764,1557146,768549818,2505,0,0,990215031,788329996,0,0,19655,148807,1995788060,0,537,439176001,1945620,990107541,0,0,2295714,527307367,1192388,10324931,2205728,12818,0,19509116462130,971124,0,0,2392661,5174474,0,0,0,1536693,595833139,0,0,2171109,1985652,3586811,337736507
13189075,110912318,12,12440,225636,736534,156648,0,35902880,1196825,991073409,389136664,735962975,0,0,0,0,866368,0,0,741285,0,116203,76654566,20049,0,0,7403596,10337154,54935741,10792,758996760,990082263,103046,5887945,0,11603079,0,6219501,2860135,0,0,119150,1877,0,53053,825467325,990090357,0,0,0,1246858650,0,0,1886057,173306043,56037645,0,9612304,47205922,0,1691,0,0,200214,0,3070727,1946385,0,0,0,0,2504,27954638,2008870,173208096,1026,1248554,0,0,0,235589065,6884,34493670,0,67237,20859053,5171,3245501,15727,3370418,4481,0,0,9256295,170533736,2327301,798114960,2580,0,0,990114459,832529958,0,0,35268,115865,1995893792,0,771,800433408,2379825,990969016,0,0,2704295,530669603,1044837,4650671,2143106,15162,0,12262741995816,895264,0,0,1868401,4020061,0,0,0,883410,602121507,0,0,1538307,1960968,4175637,374802724
12929934,93862553,9,13609,187692,813039,117801,0,36360207,1113768,967429025,2068270879184353,739776226,0,0,0,0,683277,0,0,552823,0,94733,74002368,13386,0,0,9626949,10275308,58272549,11258,756947345,990080326,120133,5900972,0,6295274,0,3920900,2948858,0,0,119463,1338,0,42495,763717150,990088508,0,0,0,613146120,0,0,1742833,185478677,59492533,0,5876656,43763006,0,5675,0,0,209790,0,2741362,2524487,0,0,0,0,1061,31404086,1297473,152739772,1000,1700827,0,0,0,229695057,4903,33510114,0,19770,25214757,4714,2532523,13479,4304947,11179,0,0,10980144,174145871,2265466,797670701,2084,0,0,990110283,834711184,0,0,39100,279205,1995756718,0,89,458255809,2826237,967376366,0,0,2543669,517028277,1093604,8274641,2592176,12990,0,17312688774308,1149497,0,0,2138036,8251354,0,0,0,2061389,612480834,0,0,3462133,861722,4004894,339429606
14150245,123965602,12,12591,185176,900483,126410,0,42641266,987049,987421866,0,743177990,0,0,0,0,822744,0,0,931860,0,128370,71200548,6419,0,0,8671941,8849839,55936668,10693,760430719,990071927,3123,5631992,0,2916897,0,5204947,3253794,0,0,119575,272,0,57060,763316571,990079529,0,0,0,423024069,0,0,2091674,187820846,57019355,0,5550625,46410032,0,6123,0,0,266789,0,2912996,3172952,0,0,0,0,2992,30828762,1460841,165545038,1025,1246039,0,0,0,214074358,5269,42341453,0,21813,24262723,6907,3430654,13229,4266141,5818,0,0,11018723,160994963,3630081,745626966,3676,0,0,990101016,769345986,0,0,19762,23502,1995713170,0,532,447104443,2378731,987348160,0,0,2441843,520360017,1185961,11080931,2848782,595,0,23156134375239,960150,0,0,2193504,19521582,0,0,0,1761298,603150907,0,0,4819578,1613089,3870720,334278278
13928795,156934022,137321515,15574,163452,1228441,118543,0,40778735,847238,988207392,0,725612859,0,0,0,0,709677,0,0,776072,0,121874,71928113,4446,0,0,6119928,8616920,58588329,11418,766614643,990065447,140818,5928998,0,1804404,0,6302252,2894607,0,0,105890,340,0,44694,777665135,990072869,0,0,0,424321705,0,0,861401,161982196,56539577,0,6772602,43535280,0,3729,0,0,349026,0,3276707,1615108,0,0,0,0,1580,20641971,1995855,172832865,998,1250819,0,0,0,224503528,5180,38674593,0,45911,23807307,6087,2837090,19000,3183243,8501,0,0,5006600,188312658,2507345,768166621,2784,0,0,990092859,786387099,0,0,535058934140,178465,1995718594,0,1016,437534105,2386720,988129059,0,0,2492970,534662248,989023,16073194,1852309,322496399674,0,4957696809646,952856,0,0,2612213,14468939,0,0,0,1719344,593334423,0,0,2774257,1760815,3833479,338241862
12823091,80104145,0,12533,164972,756405,106221,0,40904273,1560390,986813221,0,688003043,0,0,0,0,896559,0,0,803037,0,126143,71739593,14377,0,0,5070749,7255660,59587130,10875,758748080,990064880,126803,3425156,0,9937607,0,4442713,2866519,0,0,135166,1336,0,53532,781671146,990072117,0,0,0,405061262,0,0,1233411,176653580,57409409,0,6316761,47030146,0,69904479273,0,0,180155,0,2237621,2588263,0,0,0,0,2567,51440278,1480503,172882349,1026,2015027,0,0,0,241742949,5245,26255695,0,68063,23793151,7555,2507509,12610,4860156,10801,0,0,9324777,172481611,2235345,827970010,42,0,0,990091568,783678154,0,0,0,189481,1995688953,0,1188,475699499,1172398,986730750,0,0,1546721,541961799,996059,8501984,2508721,0,0,2306349158494,1582242,0,0,1962703,6942028,0,0,0,1954414,589372661,0,0,4403089,1501497,2560787,371379765
12696510,122899114,0,15411,174267,982225,107925,0,38826237,1366650,982164942,0,746672212,0,0,0,0,863199,0,0,820355,0,135292,79674152,37770,0,0,5107591,8163790,55590981,11283,740860071,990057240,240548,4359194,0,7026916,0,4983156,2465408,0,0,119951,2344,0,42528,777961585,990063878,0,0,0,407463211,0,0,1735533,180626963,52374787,0,8774590,47677791,0,0,0,0,199878,0,2486275,2618868,0,0,0,0,3444,63618043,1657064,172207463,999,1601532,0,0,0,229170673,5372,23216856,0,21642,22546419,5418,2552248,10823,4162065,5354,0,0,9735974,165954753,547989,819297511,18575927192,0,0,990082171,798432093,0,0,0,401045,1995680449,0,725,480150245,1777094,982102998,0,0,1860396,546663369,946082,13410196,2440039,0,0,1433141961151005,1253765,0,0,2136166,5174141,0,0,0,1655232,611627216,0,0,6253749,1316070,2940434,372603644
13095702,119833373,0,13922,208883,1232505,90643,0,35885588,1268492,980497783,0,744761597,0,0,0,0,841563,0,0,646943,0,134370,73936828,20130,0,0,7350037,9146293,53972164,11028,766981877,990036760,145121,5424186,0,4472201,0,5580433,2505877,0,0,123746,3363,0,53213,729575353,990043089,0,0,0,420122251,0,0,1972297,161437839,58852214,0,8176917,46666118,0,0,0,0,87265,0,2586333,2965600,0,0,0,0,3963,58126478,1519242,172172586,1025,1661893,0,0,0,469023351,5118,24765040,0,46333,24289644,7070,2451259,19998,5934196,6380,0,0,8340900,164655391,1456390,743222451,0,0,0,990061206,800504986,0,0,0,192957,1995662936,0,95,474799880,5203933,980426196,0,0,2209832,530478582,1115239,16612881,2745886,0,0,0,1285275,0,0,2605925,5186576,0,0,0,1484901,599746983,0,0,6656474,1420771,3549711,390876139
12813838,134736702,0,16425,180298,1155380,112287,0,40675485,1436891,993657348,0,742646887,0,0,0,0,898926,0,0,827856,0,235054,72368011,9823,0,0,11224169,8415693,54265941,11485,764145816,990031180,85679,4851312,0,7038604,0,7309000,2762580,0,0,120124,1452,0,43592,719796440,990036963,0,0,0,428025167,0,0,1819337,189652444,127315756,0,11404908,41975081,0,0,0,0,165147,0,2934798,3042577,0,0,0,0,2997,32679255,2143657,161171763,1000,1522237,0,0,0,546924279,6350,33440059,0,68617,23639823,5462,2454411,28463,5791197,12359,0,0,7729566,152725687,2995096,791644359,0,0,0,990054398,754171646,0,0,0,211436,1995651175,0,314,456640259,3585694,993615495,0,0,1997314,540953876,1193079,18696271,2859815,0,0,0,1195105,0,0,2495555,16891675,0,0,0,1663072,599451248,0,0,5460825,1978559,3022769,353827385
13642503,140826638,0,15671,174739,1102496,104615,0,80201947,1205620,985575365,0,748224102,0,0,0,0,697153,0,0,811459,0,148918,68141929,5547,0,0,15576298,16353855,57584833,11077,771261815,990032765,87328,7295926,0,5652425,0,7267837,6888165,0,0,120810,3411,0,53718,724424830,990038947,0,0,0,428906922,0,0,2954042,163241993,82398891,0,12351356,42980053,0,0,0,0,95250,0,2913535,2810477,0,0,0,0,1707,42218406,2063792,162715627,1025,1210416,0,0,0,601430611,5294,33611924,0,23860,25597047,20364,3053743,14713,5849654,14095,0,0,7249741,155753066,1461068,797181032,0,0,0,990055059,738672195,0,0,0,262913,1995644966,0,548,465143649,1928075,985516884,0,0,3202649,535668762,1072641,16989553,2649991,0,0,0,946961,0,0,2490104,6181177,0,0,0,1892769,622647665,0,0,5500575,2052959,4934981,360952204
12699696,123547230,0,12952,170803,1054199,118470,0,77464218,1304075,985817399,0,742359333,0,0,0,0,887519,0,0,875510,0,196190,63791191,4310,0,0,24179595,20763608,54934227,11512,770322445,990022949,135740,10761494,0,7051889,0,6700588,4249069,0,0,133130,378,0,44997,781809515,990028439,0,0,0,425096941,0,0,1679249,176876317,79876272,0,7491252,42713073,0,0,0,0,327015,0,2619210,2594230,0,0,0,0,2128,55203355,1908501,168058622,1001,1760344,0,0,0,548371665,5437,15385346,0,24462,23647537,8139,3177621,1192,5804018,12302,0,0,10608230,166318143,647450,752891177,0,0,0,990044580,743494111,0,0,0,430844,1995624981,0,290,474114706,2607407,985765218,0,0,4960055,535810878,1131998,16213393,2555022,0,0,0,1374912,0,0,2467193,3566521,0,0,0,1824559,594546476,0,0,2994770,1684107,7659828,393862237
13159667,118932252,0,13484,211900,954793,113827,0,92112868,1238135,969778019,0,1516376353,0,0,0,0,869041,0,0,807556,0,592146,66872221,3139,0,0,21351975,19379506,54876749,10875,765097617,990114170,44927,5948467,0,3023090,0,7541935,4132710,0,0,108041,2511,0,53216,746751162,990114434,0,0,0,421869869,0,0,1669142,146924137,94056839,0,7784388,46071311,0,0,0,0,306655,0,2396383,2538115,0,0,0,0,1290,54881808,2148744,170479259,1024,1386320,0,0,0,430711003,5315,42331570,0,91141,23291929,7546,2768845,285807214941,4955885,363,0,0,10833360,170953141,3033987,836613237,0,0,0,990134801,793913203,0,0,0,402868,1995620312,0,742,483458374,2938457,969772435,0,0,2622408,515489705,942537,10635867,2547542,0,0,0,1102658,0,0,2204838,8250254,0,0,0,1922115,618973469,0,0,3950114,1752253,4241622,366582403
12494940,112718891,0,14098,165915,1153061,117143,0,81312857,1458698,962253830,0,2912573579,0,0,0,0,905303,0,0,774536,0,2674965532220,70187985,7536,0,0,14878482,18450435,54918962,11472,762737705,990013866,110161,6077262,0,4438004,0,6387516,4614748,0,0,94375,3400,0,43900,730233055,990024079,0,0,0,447342962,0,0,1670750,181257666,55838138,0,6637475,43156238,0,0,0,0,232762,0,3254447,2998537,0,0,0,0,2615,56930499,1843083,160754652,999,1677891,0,0,0,264858384,5403,42465823,0,90600,24199485,6548,2424845,0,6477668,179235322350,0,0,9165259,157500083,2851449,764051979,0,0,0,990033977,760080711,0,0,0,281274,1995593633,0,314,451022526,2651895,962191630,0,0,2784391,507052619,845044,12700842,2718367,0,0,0,1320705,0,0,2598924,6990287,0,0,0,1684302,626692705,0,0,5461988,1693342,4336287,354462193
12668928,133627607,0,11356,164657,1094231,166195,0,63369284,1404419,965437009,0,1589260836,0,0,0,0,963607,0,0,812621,0,0,67044413,10978,0,0,11807611,14339535,55633534,11146,777523484,990010093,97021,5869020,0,7031604,0,6999381,2346053,0,0,64947,3428,0,51336,744307358,990015548,0,0,0,415234486,0,0,1881092,164968406,56489116,0,7582167,40725263,0,0,0,0,252307,0,2691210,2811203,0,0,0,0,2218,52259016,1849841,162390445,1026,1638407,0,0,0,629862227,5553,48572263,0,67895,23624148,7061,3079465,0,5736361,0,0,0,8894479,165130784,3621670,777474062,0,0,0,990029006,749490843,0,0,0,294101,1995770673,0,799,460860136,2968374,965390267,0,0,2555544,522014373,525283,17459069,2644774,0,0,0,1293105,0,0,2407426,6711437,0,0,0,1752917,625108890,0,0,3530828,1881952,4156538,346033133
13699376,119723486,0,9082,198681,1191456,121410,0,45291928,1261112,941910764,0,703976552,0,0,0,0,657355,0,0,820311,0,0,68336719,10626,0,0,26207885,9744095,59157587,11385,772311382,990008750,95704,6305635,0,16421346,0,6715681,2270940,0,0,105819,5462,0,43722,756438200,990013382,0,0,0,424217351,0,0,1273334,158618565,55435770,0,7217599,46496093,0,0,0,0,222012,0,2450576,2977201,0,0,0,0,3071,44809683,1821348,173264896,1000,1357720,0,0,0,314365581,7362,50895985,0,885614128838,24874409,5829,2934136,0,6356377,0,0,0,9158147,159539778,3742251,702384634,0,0,0,990027186,757855682,0,0,0,259189,1995565008,0,330,459888724,2429888,941929967,0,0,2806453,509140051,472881,14852843,2845907,0,0,0,1045434,0,0,2556027,7473228,0,0,0,1362035,606493425,0,0,3798541,1633316,4391586,341913215
13074878,135483905,0,12325,169135,1057820,108738,0,95461486,1138949,981685725,0,695559416,0,0,0,0,820419,0,0,778773,0,0,64023432,5834,0,0,13958137,21696107,57226787,11593,755525980,990005857,164785,5425042,0,4648455,0,7522818,2523853,0,0,52182,466,0,59139,782230506,990010892,0,0,0,421156642,0,0,1762461,151832292,56343645,0,7923380,44610892,0,0,0,0,229897,0,2409396,3040158,0,0,0,0,2250,70902056,2194834,168907555,1025,1340757,0,0,0,248489376,6558769,47965380,0,0,23020512,7252,2118925,0,5946609,0,0,0,9731526,171338507,3631109,809469411,0,0,0,990025098,769895376,0,0,0,363974,1995538677,0,583,465424358,2646378,981764972,0,0,2460030,526248213,253595,11986862,2851069,0,0,0,1002158,0,0,2518792,6443655,0,0,0,282719,614487640,0,0,5744747,2170959,4123974,347927005
13326361,143776467,0,12053,194191,1006097,126820,0,55841612,1496363,987036132,0,672440131,0,0,0,0,671623,0,0,722011,0,0,73246215,11464,0,0,13313613,11085573,60094462,19082,767978322,990008221,77568,6160454,0,77170575158492,0,7158005,2339977,0,0,110359,27603630926,0,44913,738245809,990012302,0,0,0,417214736,0,0,1552580,144496262,55830738,0,7521722,47628005,0,0,0,0,221228,0,2208143,2205882,0,0,0,0,3093,60044326,2166439,172424950,1000,1277430,0,0,0,234005017,0,42229373,0,0,25902000,4461,2388783,0,6386846,0,0,0,8244040,159134639,2854121,744225084,0,0,0,990024433,799969113,0,0,0,252561,1995563758,0,559,474851780,2556220,986991497,0,0,2748455,507825822,632211,16179826,2546999,0,0,0,953761,0,0,2484805,5674017,0,0,0,832184,625619710,0,0,6964157,1721212,4371139,339008091
11874682,99106165,0,15290,202161,1030383,133043,0,42944410,806413,994426656,0,2256512256,0,0,0,0,252995,0,0,914594,0,0,74379968,7423,0,0,9220346,10350249,57612130,11014,770859806,989999328,88561,5778244,0,0,0,6638772,2549254,0,0,108210,0,0,54500,759446187,990003915,0,0,0,417279837,0,0,1752222,138686219,60070582,0,7075865,46794347,0,0,0,0,192265,0,2436402,2802604,0,0,0,0,2263,59414617,1766033,172088393,1027,710297,0,0,0,243733744,0,51573735,0,0,24030284,7296,2491656,0,4681253,0,0,0,11164543,159424269,4484494,736191214,0,0,131,990015577,768163004,0,0,0,418845,1995516761,0,960,457093217,2935605,994377597,0,0,2549179,526261890,907033,15203390,2734022,0,0,0,520498,0,0,2479061,6458415,0,0,0,352569,638442210,0,0,8091899,1722052,4198511,349908083
13886415,125215506,0,14237,212552,941563,121455,0,40745073,108163,960510661,0,811321310,0,0,0,0,414212,0,0,951965,0,0,72926023,7612,0,0,6986944,8889597,58230256,11574,772869451,989981802,151290,6268454,0,0,0,7120903,2378471,0,0,134333,0,0,44613,745446903,989986001,0,0,0,416684499,0,0,1742483,170276472,58305133,0,7272538,43866145,0,0,0,0,308903,0,2470881,2140833,0,0,0,0,2678,63538393,2007079,168059851,999,720882,0,0,0,268748706,0,52170746,0,0,24582180,3715,2314561,0,3959661,0,0,0,9304620,163956619,3706859,717575387,0,0,0,989998003,790825853,0,0,0,249117,1995496750,0,934,466206768,2735280,960479586,0,0,2803865,504788855,856890,20832281,2229578,0,0,0,524469,0,0,2172008,7174756,0,0,0,1199554,641685807,0,0,6274613,1594425,4486546,317889293
13260409,105170330,0,10301,162108,503581,96997,0,36674520,1142997,989198886,0,712653533,0,0,0,0,330189,0,0,827693,0,0,73383141,10442,0,0,2488389,9400463,55568627,11126,754992743,989968684,127982,6364696,0,0,0,6508776,2497693,0,0,108818,0,0,54141,749168253,989972838,0,0,0,430570760,0,0,1619996,155852891,58436026,0,7691304,47798180,0,0,0,0,138395,0,2559973,619354,0,0,0,0,2728,52156239,2059447,167789260,1025,657053,0,0,0,270254400,0,53556903,0,0,27483949,6920,2799711,0,3073859,0,0,0,9254192,160989298,4170773,679982125,0,0,0,989984322,770805863,0,0,0,216569,1995509692,0,454,454608460,2641238,989158978,0,0,3001311,517882668,1143258,20718281,1312901,0,0,0,454708,0,0,1673471,6992660,0,0,0,1487904,643573590,0,0,8194458,1709231,4593221,342181022
10707013,33426209,0,10571,160639,514996,2263204782681,0,30027771,235437,985023853,0,732677273,0,0,0,0,735043,0,0,1113580,0,0,70926560,13681,0,0,6839152,10148665,62522750,11537,773237125,989970583,151486,6059136,0,0,0,5576499,2166988,0,0,83016,0,0,43868,721249080,989974534,0,0,0,410003148,0,0,1628405,150549071,52977468,0,7359452,47101809,0,0,0,0,174293,0,2379190,1757617,0,0,0,0,3116,54987705,1676804,171749923,1001,1194523,0,0,0,273335421,0,48989565,0,0,22585773,6570,2331125,0,3634716,0,0,0,8836655,164100782,3076937,666647524,0,0,0,989985402,780487631,0,0,0,400112,1995501205,0,6585318542,462467908,2978254,985000637,0,0,2867395,519857121,225873,19841893,2066779,0,0,0,903669,0,0,1678907,7427557,0,0,0,1056985,612420028,0,0,5377627,1239186,4397003,329365829
12320180,80414676,0,7726,192569,421668,0,0,34111495,1237812,983291762,0,724502574,0,0,0,0,669513,0,0,749292,0,0,71323478,15929,0,0,2519197,10826467,58846445,11685,775904257,989964129,19238,5434045,0,0,0,872496,2337962,0,0,83941,0,0,53158,780486439,989967765,0,0,0,417823296,0,0,1268532,147324441,57739684,0,1115787,47777052,0,0,0,0,3550151779517,0,2163472,594922,0,0,0,0,3618,59371900,1782950,173977885,1025,1270713,0,0,0,247060569,0,48721763,0,0,28622428,7504,2461879,0,2128953,0,0,0,8657354,171036673,3722777,771007807,0,0,0,989978601,745356352,0,0,0,325234,1995498650,0,0,460414528,2546759,983250349,0,0,2411991,502837604,1097406,20190798,1059679,0,0,0,966635,0,0,1293766,6335450,0,0,0,1781528,635710213,0,0,8035093,86575,3786177,353135938
10441252,33304827,0,10571,186572,755761,0,0,29099080,755852,970440559,0,724866396,0,0,0,0,474669,0,0,1105766,0,0,77117660,9005,0,0,7149973,10504968,60455914,12078,775457983,990074031,2410726022277,4826185,0,0,0,5646881,2581325,0,0,51728,0,0,44688,759368147,990077575,0,0,0,423816490,0,0,1404518,162408803,58176269,0,6107909,47310194,0,0,0,0,0,0,2406364,2761555,0,0,0,0,2695,59951566,294841,171758421,1001,815184,0,0,0,238973852,0,58193707,0,0,28463879,5969,2131988,0,3941585,0,0,0,7201375,167185500,4485284,723963633,0,0,0,990088303,813472218,0,0,0,380071,1995484151,0,0,464135434,1794732,970420890,0,0,2297846,515390122,214350,32097726,2634105,0,0,0,661297,0,0,1822579,6773839,0,0,0,520968,640590348,0,0,7928172,1246287,3542279,350474951
13685946,129273814,0,10252,157938,890112,0,0,36137171,922385,961167994,0,723895459,0,0,0,0,665379,0,0,1056810,0,0,73192959,2439,0,0,9280214,9450861,56282329,11236,762524548,989968702,0,4331192,0,0,0,1880728,2247898,0,0,96907,0,0,53459,759812322,989972067,0,0,0,422294950,0,0,440323,157032339,54498060,0,2571370,48679009,0,0,0,0,0,0,2576134,1859467,0,0,0,0,1444,62648227,1782009,157121430,1026,1489299,0,0,0,275751232,0,40872909,0,0,24769117,5314,2614157,0,4911371,0,0,0,301433,160371058,2936977,700125411,0,0,0,989982189,787229786,0,0,0,343923,1995453235,0,0,468309541,1218681,961127940,0,0,1858533,538111651,595315,18714873,2102627,0,0,0,1230194,0,0,2193523,5437897,0,0,0,1782508,624836412,0,0,7330505,725105,2920863,316321007
12019926,81914867,0,13162,181783,632041,0,0,39965335,1066891,974035122,0,728077749,0,0,0,0,537592,0,0,825198,0,0,78617067,235135059446,0,0,13481105,9571988,59133976,11888,726052911,989965527,0,2489044,0,0,0,5934846,2281612,0,0,83082,0,0,44164,734926763,989969124,0,0,0,424841748,0,0,1007156,157240099,56692153,0,6347125,46680549,0,0,0,0,0,0,2270134,1507007,0,0,0,0,31244953307,55431584,1546211,174751189,1001,801765,0,0,0,240019106,0,32167122,0,0,25629917,14212,2222987,0,6095767,0,0,0,7397400,156830984,2154952,692427079,0,0,0,989978580,793480113,0,0,0,452012,1995591068,0,0,448906602,1498180,974012821,0,0,1324775,542986543,603711,17840665,2087534,0,0,0,598118,0,0,2063432,1316841,0,0,0,1086952,632472307,0,0,7405955,1274703,2036386,349759479
11963950,67480768,0,10426,244252,981037,0,0,38868621,556305,976564514,0,721499810,0,0,0,0,874674,0,0,956279,0,0,71908300,0,0,0,11172186,11464586,62212103,11276,787575167,989965760,0,3205736,0,0,0,6844370,2914971,0,0,97238,0,0,50586,760473702,989969163,0,0,0,429503001,0,0,818178,152832610,62864967,0,7484416,45279078,0,0,0,0,0,0,2277597,2170048,0,0,0,0,0,45867630,1447519,166560447,1025,1522732,0,0,0,261348262,0,15048360,0,0,20648602,13060,2412512,0,5700990,0,0,0,3809376,169278308,631063,718463849,0,0,0,989978715,761679883,0,0,0,266111,1995474560,0,0,468898877,750426,976525690,0,0,1362568,1282197829,648843,19459430,2331034,0,0,0,1069652,0,0,2393968,3069106,0,0,0,1099545,619748398,0,0,7242122,1260754,2201162,356089726
12213886,98177667,0,11907,158707,445557,0,0,42092775,1203060,983202860,0,735481772,0,0,0,0,636482,0,0,618914,0,0,72865421,0,0,0,5000943,9493765,55255004,11848,764611449,989971128,0,3137383,0,0,0,6665155,3646451,0,0,96589,0,0,43864,783759023,989974369,0,0,0,435656826,0,0,1264466,154232715,55250314,0,7318003,50393036,0,0,0,0,0,0,3009644,1681138,0,0,0,0,0,59238564,1771321,163094742,1001,141223,0,0,0,222319450,0,40439538,0,0,27226462,4699,2421376,0,3012728,0,0,0,7140983,167145617,2987462,736413985,0,0,0,989983263,788361034,0,0,0,223262,1995480143,0,0,453295005,1823684,983187475,0,0,1450710,1326810175,720066,19375443,1883976,0,0,0,70174,0,0,1375006,1510472,0,0,0,931962,639074411,0,0,7032062,1171145,2314121,336904054
12417905,84656059,0,11703,237235,1062684,0,0,31689502,1261009,982217350,0,725059114,0,0,0,0,478994,0,0,1149220,0,0,80153923,0,0,0,4953680,10833525,58523567,11353,768177947,989968226,0,4815434,0,0,0,5699485,2311002,0,0,98539,0,0,46772,721153946,989971420,0,0,0,446126391,0,0,1328014,155620765,62840403,0,5902409,45923077,0,0,0,0,0,0,3335674,2659813,0,0,0,0,0,42032297,761048,136916436,1026,824127,0,0,0,284747377,0,7979811,0,0,22637634,8310,2720633,0,3774425,0,0,0,6394442,154904581,3098721,727239216,0,0,0,989980517,818817552,0,0,0,262542,1995469346,0,0,431428031,2507622,982179914,0,0,2212767,561243856,909170,18532900,2787196,0,0,0,629472,0,0,2478626,4649008,0,0,0,1571811,635204310,0,0,4723103,1237179,3535511,317370521
14125247,137535783,0,10647,198251,207347,0,0,38477362,506663,999182891,0,732756777,0,0,0,0,669589,0,0,700413,0,0,70813151,0,0,0,232730,7735243,61282822,11435,765342337,989943985,0,6379655,0,0,0,3418720,3626753,0,0,98046,0,0,54840,773943762,989946436,0,0,0,448396720,0,0,1184110,147206957,52643746,0,3877897,46653259,0,0,0,0,0,0,2657087,2448394,0,0,0,0,0,53996062,1675890,152999519,1001,1066104,0,0,0,257765651,0,42810307,0,0,28825745,5651,3690096,0,1150366,0,0,0,6013504,166432307,2819326,714433922,0,0,0,989955910,746322859,0,0,0,375106,1995411035,0,0,451093543,3227790,999155779,0,0,3307111,517689513,997737,18137097,493500,0,0,0,762725,0,0,1087483,5655012,0,0,0,1358688,634363465,0,0,4826500,1087869,5005731,346785823
9844195,118824072,0,13395,239247,817520,0,0,26105303,1073960,960839801,0,739304423,0,0,0,0,397774,0,0,1165044,0,0,72178324,0,0,0,4976211,11064001,58533055,11524,771763185,989959173,0,5694097,0,0,0,4505442,2492267,0,0,96199,0,0,49647,862150783,989962474,0,0,0,455580309,0,0,1236261,166835001,62055174,0,4374641,48251980,0,0,0,0,0,0,3667134,1228908,0,0,0,0,0,2520613,197772,141007513,1025,1346787,0,0,0,247546004,0,40787026,0,0,27232011,5867,2275747,0,3146327,0,0,0,7210314,202101079,4552220,719290478,0,0,0,989970524,792529999,0,0,0,316118,1995453595,0,0,414360452,3027563,960821974,0,0,2885398,539921581,562157,19001076,2627245,0,0,0,1038048,0,0,1683763,3869727,0,0,0,952890,627775239,0,0,2943763,1185398,4471119,344015041
13783298,58675051,0,12873,242361,821165,0,0,33768081,711983,993155399,0,727761238,0,0,0,0,748112,0,0,914221,0,0,79557089,0,0,0,4902950,10169479,64288460,18009,775949888,989966534,0,3946476,0,0,0,1455851,3058576,0,0,87739,0,0,56772,766404823,989969236,0,0,0,441035236,0,0,1107754,149125223,62856272,0,4182013,47823478,0,0,0,0,0,0,2531239,2598204,0,0,0,0,0,57608202,1666655,273138445,1001,649377,0,0,0,260017569,0,58423959,0,0,26470020,6710,3609340,0,3307646,0,0,0,6160560,161880582,2920535,727071085,0,0,0,989977700,862999653,0,0,0,269346,1995465717,0,0,477546301,1123628,993131514,0,0,1749808,544444359,1185726,14619853,1552867,0,0,0,482281,0,0,1991267,6637057,0,0,0,1763817,630773259,0,0,2471010,366804,2712278,334073273
11851732,106792724,0,22936,174741,549244,0,0,34815027,1298994,967347399,0,739654857,0,0,0,0,865094,0,0,1027667,0,0,81684232,0,0,0,9193653,9516760,54249652,17484,755308373,989955038,0,3909957,0,0,0,5267963,2822655,0,0,110863,0,0,45337,885249661,989958230,0,0,0,438417047,0,0,1091272,163652514,59014044,0,5345753,51088902,0,0,0,0,0,0,3128502,1653378,0,0,0,0,0,34389327,1080468,237957402,1026,1448600,0,0,0,259038314,0,40539353,0,0,26833263,7387,5040671,0,4798329,0,0,0,6736728,191803487,1438858,699546770,0,0,0,989965536,790628373,0,0,0,376553,1995413260,0,0,432819188,2106847,967317974,0,0,1737655,563801314,918895,3382787,2536936,0,0,0,1061681,0,0,1972614,2067247,0,0,0,4617075,631922355,0,0,2790772,1282482,2794960,294402170
12375308,78500499,0,67506,248129,1010437,0,0,37100903,963435,976389416,0,736039025,0,0,0,0,367677,0,0,902945,0,0,79822601,0,0,0,4897051,10202925,63615274,11869,768976549,989948438,0,3094289,0,0,0,4490946,2732053,0,0,135186,0,0,58239,718638740,989950822,0,0,0,426259697,0,0,399250,156218624,56125306,0,4894223,43279478,0,0,0,0,0,0,2864537,2288998,0,0,0,0,0,35746019,1295712,388572284,1002,1267700,0,0,0,236167531,0,24948730,0,0,21705817,5494,4295791,0,3193028,0,0,0,1834713,163239731,1517174,747487356,0,0,0,989959316,890685012,0,0,0,204245,1995394834,0,0,433120086,279793,976375096,0,0,1300713,541302507,1129587,14304232,1876582,0,0,0,990681,0,0,1610781,6849973,0,0,0,2249869,622672537,0,0,4812529,1674386,2004391,340963555
12710917,110012489,0,121612066275,139128,807081,0,0,33742885,1062612,982615339,0,755347817,0,0,0,0,807981,0,0,698767,0,0,75366009,0,0,0,7106443,9583822,63601658,12355,774892050,990035263,0,2153220,0,0,0,5533880,3257205,0,0,105997,0,0,46727,810673847,990038218,0,0,0,438667515,0,0,1273416,370143016,53007011,0,6163279,51172282,0,0,0,0,0,0,2690820,1159496,0,0,0,0,0,41577993,1230685,237286777,1025,1044909,0,0,0,251169041,0,23726118,0,0,27828596,5821,7754387,0,4472581,0,0,0,7407741,180246738,2403809,709311753,0,0,0,990045090,739268974,0,0,0,83264,1995381511,0,0,453390478,1428182,982594732,0,0,1054844,538603798,994944,2974920,2500218,0,0,0,762208,0,0,2467082,108819,0,0,0,12462936179689,638110505,0,0,8905594,972391,1746158,350415571
13859242,133303132,0,0,227397,630947,0,0,39404717,1256654,990142855,0,728388810,0,0,0,0,864747,0,0,993136,0,0,73794807,0,0,0,7401121,8611311,60472193,228668228155,773331905,989941279,0,3958038,0,0,0,4350855,2376669,0,0,53105,0,0,62164,795000982,989943791,0,0,0,448588013,0,0,936877,292471421,63672238,0,4729284,51603526,0,0,0,0,0,0,3336490,2377735,0,0,0,0,0,31887359,1985024,218505418,1001,1154927,0,0,0,250528477,0,7347354,0,0,24846999,6512,4431630,0,4741242,0,0,0,5141490,180173411,1372400,745695007,0,0,0,989951146,838427068,0,0,0,222113,1995401773,0,0,451223610,1481988,990135877,0,0,1708992,532805172,314374,18202142,2690655,0,0,0,841302,0,0,2023482,3450072,0,0,0,0,632252610,0,0,7525033,1789658,2685686,386649142
13397730,48089823,0,0,181895,924436,0,0,37061405,1171608,991462003,0,759739151,0,0,0,0,791649,0,0,882680,0,0,85142522,0,0,0,4670772,9453597,57330644,0,1965399345,989939509,0,4119635,0,0,0,6706921,3678052,0,0,948357460989,0,0,46441,784132853,989941531,0,0,0,482490300,0,0,1440571,166645531,54022866,0,7018722,47902511,0,0,0,0,0,0,2387890,2814368,0,0,0,0,0,53657793,1396128,145241334,1026,1891451,0,0,0,230196388,0,33730045,0,0,25847903,8685,4558345,0,3712828,0,0,0,9002539,162275286,2075201,732601594,0,0,0,989949472,828209874,0,0,0,17113,1995584446,0,0,481428098,2315191,991448699,0,0,1943893,524996054,7519560865651,16112811,1510650,0,0,0,1432685,0,0,1776823,4189999,0,0,0,0,632256125,0,0,2653203,714546,3166393,316996044
11941024,114792887,0,0,235383,1157612,0,0,33504652,841448,986278386,0,744738534,0,0,0,0,668479,0,0,892590,0,0,73245002,0,0,0,7191974,9880417,54542941,0,1590575152,989943964,0,5409550,0,0,0,4213129,2507499,0,0,0,0,0,22570194,785848321,989946515,0,0,0,453476420,0,0,1119280,189701745,59478922,0,4397662,45691632,0,0,0,0,0,0,3716624,2644324,0,0,0,0,0,48398523,1397014,163168878,1001,1262078,0,0,0,240800089,0,24658449,0,0,24681425,5783,3230130,0,5740476,0,0,0,5516265,185247169,2209180,1723711968,0,0,0,989952926,807874117,0,0,0,324495,1995388744,0,0,404732619,1754133,986268503,0,0,2555800,542824831,0,20080503,2359504,0,0,0,965557,0,0,2252550,4093819,0,0,0,0,635758627,0,0,3569346,1240582,3944695,354719353
13283969,130110454,0,0,257055,1017808,0,0,39714812,390934790,1000090468,0,753271284,0,0,0,0,231989835,0,0,921797,0,0,74136986,0,0,0,9168515,8366969,64024820,0,756936229,989941426,0,3910066,0,0,0,5072511,3392721,0,0,0,0,0,0,741214223,989943999,0,0,0,445863896,0,0,1597256,256733413,58690313,0,5433464,43354426,0,0,0,0,0,0,2463282,2026811,0,0,0,0,0,25596119,1918975,149323110,1026,1373983,0,0,0,247129572,0,31978510,0,0,27121514,5240,2707591,0,5628072,0,0,0,9693557,158522668,2213461,1367538210,0,0,0,989950975,793960379,0,0,0,221206,1995391321,0,0,474652987,2108656,1000061453,0,0,1719340,537587367,0,18271760,2660286,0,0,0,1035688,0,0,2530229,3601600,0,0,0,0,624666051,0,0,2086319,1798117,2782941,342453031
13189785,119078097,0,0,220653,785477,0,0,40389601,0,978724121,0,738487116,0,0,0,0,0,0,0,828019,0,0,65277159,0,0,0,11421432,9070210,55501874,0,780566281,989944985,0,5714654,0,0,0,6294567,3103291,0,0,0,0,0,0,902359344,989947222,0,0,0,442744296,0,0,1021069,501053993,58804989,0,6735976,51839991,0,0,0,0,0,0,3703458,808706086,0,0,0,0,0,39416590,1711187,165537797,1002,175233,0,0,0,250362047,0,34114388,0,0,228447453500615,4445415,2681284,0,4762850,0,0,0,4280820,193717223,2291682,743372348,0,0,0,989954018,756421993,0,0,0,162654,1995374676,0,0,429694868,2311260,978718764,0,0,2678342,542328653,0,11586701,2657211,0,0,0,98501,0,0,2396673,5979124,0,0,0,0,629634554,0,0,2575618,1680103,4094285,345461913
13242245,96862780,0,0,180667,262669,0,0,37890255,0,985170211,0,745114753,0,0,0,0,0,0,0,1157773,0,0,86442615,0,0,0,8659355,9604313,61009653,0,1261351344,989945542,0,3383460,0,0,0,6533672,3199331,0,0,0,0,0,0,735705783,989947866,0,0,0,443656684,0,0,1221438,448880940,55701294,0,7599027,44102357,0,0,0,0,0,0,2879614,0,0,0,0,0,0,25987449,1084498,161806115,1026,448284045,0,0,0,282720592,0,32127537,0,0,0,0,2885605,0,1131782,0,0,0,6677269,163843689,2188621,871201699,0,0,0,989954067,902418954,0,0,0,292419,1995377765,0,0,447098115,1387519,985144317,0,0,1442445,472162937,0,14213767,2196302,0,0,0,351493173,0,0,2038290,5175648,0,0,0,0,591185031,0,0,2512212,1566008,2361755,328033706
12156123,35076437414,0,0,186288,311804866,0,0,29308432,0,986690111,0,756264976,0,0,0,0,0,0,0,7731990940733,0,0,74411282,0,0,0,2676774,9267207,59472266,0,2430911710,989950109,0,4548130,0,0,0,7039580,2930149,0,0,0,0,0,0,817065829,989951794,0,0,0,435663053,0,0,1689566,228314385,54129049,0,10365035,49054916,0,0,0,0,0,0,3401263,0,0,0,0,0,0,45274175,11807969496103,153620544,1002,0,0,0,0,2163493302467960,0,33059518,0,0,0,0,2978348,0,31846401315823,0,0,0,10013795,181399633,1406496,1179224527,0,0,0,989958469,756117383,0,0,0,216523,1995371730,0,0,449517561,2428279,986695896,0,0,2108155,450034540,0,1378423,528094,0,0,0,0,0,0,1074362,3735678,0,0,0,0,629340100,0,0,5421895,589167,3311567,359223206
9389185,0,0,0,213256,0,0,0,279374301275561,0,997832109,0,758689977,0,0,0,0,0,0,0,0,0,0,75171664,0,0,173285,51990112515600,10796538,58923180,0,2225440745,989948350,0,5785456,0,0,0,3476952,2482673,0,0,0,0,0,0,769698278,989950502,0,0,0,444964645,0,0,1537719,144056303,62135384,0,3609369,47486732,0,0,0,0,0,0,2870539,0,0,0,0,0,0,55575420,0,161790242,1026,0,0,0,0,0,0,29018978,255370,0,0,0,2873793,0,0,0,0,0,8784206,179209347,3040310,2234693675,0,0,0,989956752,829510982,0,0,0,371875,1995374015,0,0,457367930,2514285,997814586,0,0,2653264,526885948,0,12825779,852887453,0,0,0,0,0,0,804351273,6740792,0,0,0,0,609646096,0,0,4991187,62957,4071271,371151685
100429145475006,0,0,0,192906,0,0,0,0,0,993670367,0,767920634,0,0,0,0,0,0,0,0,0,0,70542731,0,0,0,0,73613469645972,55111670,0,1059235672,989952964,0,5625695,0,0,0,974765,3364830,0,0,0,0,0,0,789680391,989955261,0,0,0,428400753,0,0,1403630,193584825,53362524,0,1292121,47188352,0,0,0,0,0,0,2601587,0,0,0,0,0,0,21558050,0,167482879,1001,0,0,0,0,0,0,28909755,0,0,0,0,2537894,0,0,0,0,0,8366481,173939473,4411482,2028474365,0,0,0,989961369,793382647,0,0,0,166420,1995377214,0,0,476976301,2933609,993661911,0,0,2603040,561569974,0,10942715,0,0,0,0,0,0,0,0,16961304,0,0,0,0,623287458,0,0,3586106,523599642,4064848,314061879
0,0,0,0,179642,0,0,0,0,0,983359067,0,756628218,0,0,0,0,0,0,0,0,0,0,80078255,0,0,0,0,0,59943004,0,748098500,990033168,0,6070371,0,0,0,41769549779938,2812862,0,0,0,0,0,0,750528330,989945326,0,0,0,456850719,0,0,980520,169655615,55511945,0,52570493598300,46616369,0,0,0,0,0,0,3114426,0,0,0,0,0,0,49413420,0,164660648,1026,0,0,0,0,0,0,40659865,0,0,0,0,2510583,0,0,0,0,0,3488033,162808890,2201480,1025489493,0,0,0,989951177,803131188,0,0,0,237321,1995373964,0,0,432800315,2511333,983342334,0,0,3010543,8509686256614651,0,17120472,0,0,0,0,0,0,0,0,8500750,0,0,0,0,615549139,0,0,6209111,0,4624756,378759210
0,0,0,0,240266,0,0,0,0,0,987443900,0,758980282,0,0,0,0,0,0,0,0,0,0,66459784,0,0,0,0,0,57305298,0,765203675,989939980,0,3108261,0,0,0,0,2559164,0,0,0,0,0,0,744607046,990035238,0,0,0,438329726,0,0,9928880789959,165577586,73510026,0,0,43495950,0,0,0,0,0,0,2942855,0,0,0,0,0,0,60183983,0,142197312,1002,0,0,0,0,0,0,57549102,0,0,0,0,2510280,0,0,0,0,0,380053,166617673,14876537422315,674840013,0,0,0,990040531,775251442,0,0,0,298108,1995372396,0,0,458951140,804887,987446749,0,0,1346729,0,0,12498184,0,0,0,0,0,0,0,0,42640887565050,0,0,0,0,613545269,0,0,2191777,0,2128136,351615192
0,0,0,0,183139,0,0,0,0,0,994398320,0,755373131,0,0,0,0,0,0,0,0,0,0,70175703,0,0,0,0,0,59391846,0,751879097,989942426,0,660156,0,0,0,0,3451439,0,0,0,0,0,0,795363124,989941451,0,0,0,432475195,0,0,0,160968666,152253377,0,0,48281597,0,0,0,0,0,0,2766604,0,0,0,0,0,0,50857540,0,144480084,1025,0,0,0,0,0,0,32880219,0,0,0,0,3171708,0,0,0,0,0,2607572353,173058796,0,886276217,0,0,0,989947794,759726130,0,0,0,97798,1995572658,0,0,466614486,17323399435428,994384045,0,0,425003,0,0,16767263,0,0,0,0,0,0,0,0,0,0,0,0,0,628715079,0,0,6031388,0,25725197236182,345563304
0,0,0,0,217175,0,0,0,0,0,979311966,0,764237945,0,0,0,0,0,0,0,0,0,0,77556895,0,0,0,0,0,58986828,0,765875728,989936258,0,36022403192344,0,0,0,0,7715222,0,0,0,0,0,0,754404419,989944617,0,0,0,436983645,0,0,0,177104051,458516865554603,0,0,45789325,0,0,0,0,0,0,2689866,0,0,0,0,0,0,46097140,0,1184104188065559,1004,0,0,0,0,0,0,7361809,0,0,0,0,23141924567474,0,0,0,0,0,0,166094090,0,770305037,0,0,0,989949485,814072750,0,0,0,360530,1995357308,0,0,458525278,0,976243637,0,0,16223453402860,0,0,16790559,0,0,0,0,0,0,0,0,0,0,0,0,0,620588398,0,0,5302720,0,0,312590018
0,0,0,0,1551612613912,0,0,0,0,0,975300146,0,756079303,0,0,0,0,0,0,0,0,0,0,67452170,0,0,0,0,0,59735908,0,737082162,989933856,0,0,0,0,0,0,23188159257889,0,0,0,0,0,0,758910237,989938127,0,0,0,424704903,0,0,0,150168238,0,0,0,45885233,0,0,0,0,0,0,2730194,0,0,0,0,0,0,350855626478450,0,1183978617798546,1025,0,0,0,0,0,0,240756413427375,0,0,0,0,23143963092872,0,0,0,0,0,0,162727539,0,748751737,0,0,0,989943708,773851858,0,0,0,240545,1995355466,0,0,452184994,0,979321691,0,0,0,0,0,11043945,0,0,0,0,0,0,0,0,0,0,0,0,0,626982052,0,0,7245136,0,0,2454290733489919
0,0,0,0,0,0,0,0,0,0,7264100814384521,0,761301946,0,0,0,0,0,0,0,0,0,0,70974852,0,0,0,0,0,64376594,0,761527901,346311659673,0,0,0,0,0,0,0,0,0,0,0,0,0,760053468,989935624,0,0,0,454974875,0,0,0,169730772,0,0,0,47946641,0,0,0,0,0,0,3669125,0,0,0,0,0,0,0,0,0,7414493245,0,0,0,0,0,0,0,0,0,0,0,0,0,0,0,0,0,0,175017423,0,720463354,0,0,0,989940621,786047673,0,0,0,196316,1995358311,0,0,402879732,0,975334861,0,0,0,0,0,15480148,0,0,0,0,0,0,0,0,0,0,0,0,0,602974606,0,0,6366577,0,0,0
0,0,0,0,0,0,0,0,0,0,0,0,768476356,0,0,0,0,0,0,0,0,0,0,79719019,0,0,0,0,0,440579799563090,0,753611999,0,0,0,0,0,0,0,0,0,0,0,0,0,0,793733172,346305436762,0,0,0,477801286,0,0,0,166674262,0,0,0,47656968,0,0,0,0,0,0,22402493123656,0,0,0,0,0,0,0,0,0,0,0,0,0,0,0,0,0,0,0,0,0,0,0,0,0,0,0,0,173004523,0,770034321,0,0,0,346288676995,787869197,0,0,0,315305,1995356447,0,0,3274993174178339,0,7265342950027308,0,0,0,0,0,19796303,0,0,0,0,0,0,0,0,0,0,0,0,0,626087210,0,0,1718798,0,0,0
0,0,0,0,0,0,0,0,0,0,0,0,770194181,0,0,0,0,0,0,0,0,0,0,74161958,0,0,0,0,0,0,0,762154402,0,0,0,0,0,0,0,0,0,0,0,0,0,0,909809835,0,0,0,0,3499051044344722,0,0,0,151035373,0,0,0,52047627,0,0,0,0,0,0,0,0,0,0,0,0,0,0,0,0,0,0,0,0,0,0,0,0,0,0,0,0,0,0,0,0,0,0,0,199760128,0,696306171,0,0,0,0,811208043,0,0,0,288398,699753520574,0,0,0,0,0,0,0,0,0,0,16567290,0,0,0,0,0,0,0,0,0,0,0,0,0,612980404,0,0,1640520,0,0,0
0,0,0,0,0,0,0,0,0,0,0,0,2296583074,0,0,0,0,0,0,0,0,0,0,90057134,0,0,0,0,0,0,0,749256403,0,0,0,0,0,0,0,0,0,0,0,0,0,0,5619940405827142,0,0,0,0,0,0,0,0,156610988,0,0,0,354373659195603,0,0,0,0,0,0,0,0,0,0,0,0,0,0,0,0,0,0,0,0,0,0,0,0,0,0,0,0,0,0,0,0,0,0,0,1254323968630885,0,753309250,0,0,0,0,910239387,0,0,0,294519,0,0,0,0,0,0,0,0,0,0,0,4634720,0,0,0,0,0,0,0,0,0,0,0,0,0,630509278,0,0,37709717248768,0,0,0
0,0,0,0,0,0,0,0,0,0,0,0,2600233094,0,0,0,0,0,0,0,0,0,0,536434304880143,0,0,0,0,0,0,0,761678545,0,0,0,0,0,0,0,0,0,0,0,0,0,0,0,0,0,0,0,0,0,0,0,162288257,0,0,0,0,0,0,0,0,0,0,0,0,0,0,0,0,0,0,0,0,0,0,0,0,0,0,0,0,0,0,0,0,0,0,0,0,0,0,0,0,0,759695045,0,0,0,0,5814034546322180,0,0,0,229081,0,0,0,0,0,0,0,0,0,0,0,245763264223441,0,0,0,0,0,0,0,0,0,0,0,0,0,617708454,0,0,0,0,0,0
0,0,0,0,0,0,0,0,0,0,0,0,6526367475640501,0,0,0,0,0,0,0,0,0,0,0,0,0,0,0,0,0,0,750821626,0,0,0,0,0,0,0,0,0,0,0,0,0,0,0,0,0,0,0,0,0,0,0,164967207,0,0,0,0,0,0,0,0,0,0,0,0,0,0,0,0,0,0,0,0,0,0,0,0,0,0,0,0,0,0,0,0,0,0,0,0,0,0,0,0,0,695701655,0,0,0,0,0,0,0,0,104258,0,0,0,0,0,0,0,0,0,0,0,0,0,0,0,0,0,0,0,0,0,0,0,0,0,636133171,0,0,0,0,0,0
0,0,0,0,0,0,0,0,0,0,0,0,0,0,0,0,0,0,0,0,0,0,0,0,0,0,0,0,0,0,0,762620643,0,0,0,0,0,0,0,0,0,0,0,0,0,0,0,0,0,0,0,0,0,0,0,180279695,0,0,0,0,0,0,0,0,0,0,0,0,0,0,0,0,0,0,0,0,0,0,0,0,0,0,0,0,0,0,0,0,0,0,0,0,0,0,0,0,0,710275773,0,0,0,0,0,0,0,0,3574447501456,0,0,0,0,0,0,0,0,0,0,0,0,0,0,0,0,0,0,0,0,0,0,0,0,0,615212804,0,0,0,0,0,0
0,0,0,0,0,0,0,0,0,0,0,0,0,0,0,0,0,0,0,0,0,0,0,0,0,0,0,0,0,0,0,765741303,0,0,0,0,0,0,0,0,0,0,0,0,0,0,0,0,0,0,0,0,0,0,0,1336462916024683,0,0,0,0,0,0,0,0,0,0,0,0,0,0,0,0,0,0,0,0,0,0,0,0,0,0,0,0,0,0,0,0,0,0,0,0,0,0,0,0,0,737191147,0,0,0,0,0,0,0,0,0,0,0,0,0,0,0,0,0,0,0,0,0,0,0,0,0,0,0,0,0,0,0,0,0,0,627781403,0,0,0,0,0,0
0,0,0,0,0,0,0,0,0,0,0,0,0,0,0,0,0,0,0,0,0,0,0,0,0,0,0,0,0,0,0,772921479,0,0,0,0,0,0,0,0,0,0,0,0,0,0,0,0,0,0,0,0,0,0,0,0,0,0,0,0,0,0,0,0,0,0,0,0,0,0,0,0,0,0,0,0,0,0,0,0,0,0,0,0,0,0,0,0,0,0,0,0,0,0,0,0,0,745208017,0,0,0,0,0,0,0,0,0,0,0,0,0,0,0,0,0,0,0,0,0,0,0,0,0,0,0,0,0,0,0,0,0,0,630711778,0,0,0,0,0,0
0,0,0,0,0,0,0,0,0,0,0,0,0,0,0,0,0,0,0,0,0,0,0,0,0,0,0,0,0,0,0,6227682197723137,0,0,0,0,0,0,0,0,0,0,0,0,0,0,0,0,0,0,0,0,0,0,0,0,0,0,0,0,0,0,0,0,0,0,0,0,0,0,0,0,0,0,0,0,0,0,0,0,0,0,0,0,0,0,0,0,0,0,0,0,0,0,0,0,0,851103891,0,0,0,0,0,0,0,0,0,0,0,0,0,0,0,0,0,0,0,0,0,0,0,0,0,0,0,0,0,0,0,0,0,0,630455691,0,0,0,0,0,0
0,0,0,0,0,0,0,0,0,0,0,0,0,0,0,0,0,0,0,0,0,0,0,0,0,0,0,0,0,0,0,0,0,0,0,0,0,0,0,0,0,0,0,0,0,0,0,0,0,0,0,0,0,0,0,0,0,0,0,0,0,0,0,0,0,0,0,0,0,0,0,0,0,0,0,0,0,0,0,0,0,0,0,0,0,0,0,0,0,0,0,0,0,0,0,0,0,5972155724879637,0,0,0,0,0,0,0,0,0,0,0,0,0,0,0,0,0,0,0,0,0,0,0,0,0,0,0,0,0,0,0,0,0,0,628043337,0,0,0,0,0,0
0,0,0,0,0,0,0,0,0,0,0,0,0,0,0,0,0,0,0,0,0,0,0,0,0,0,0,0,0,0,0,0,0,0,0,0,0,0,0,0,0,0,0,0,0,0,0,0,0,0,0,0,0,0,0,0,0,0,0,0,0,0,0,0,0,0,0,0,0,0,0,0,0,0,0,0,0,0,0,0,0,0,0,0,0,0,0,0,0,0,0,0,0,0,0,0,0,0,0,0,0,0,0,0,0,0,0,0,0,0,0,0,0,0,0,0,0,0,0,0,0,0,0,0,0,0,0,0,0,0,0,0,610634500,0,0,0,0,0,0
0,0,0,0,0,0,0,0,0,0,0,0,0,0,0,0,0,0,0,0,0,0,0,0,0,0,0,0,0,0,0,0,0,0,0,0,0,0,0,0,0,0,0,0,0,0,0,0,0,0,0,0,0,0,0,0,0,0,0,0,0,0,0,0,0,0,0,0,0,0,0,0,0,0,0,0,0,0,0,0,0,0,0,0,0,0,0,0,0,0,0,0,0,0,0,0,0,0,0,0,0,0,0,0,0,0,0,0,0,0,0,0,0,0,0,0,0,0,0,0,0,0,0,0,0,0,0,0,0,0,0,0,594796243,0,0,0,0,0,0
0,0,0,0,0,0,0,0,0,0,0,0,0,0,0,0,0,0,0,0,0,0,0,0,0,0,0,0,0,0,0,0,0,0,0,0,0,0,0,0,0,0,0,0,0,0,0,0,0,0,0,0,0,0,0,0,0,0,0,0,0,0,0,0,0,0,0,0,0,0,0,0,0,0,0,0,0,0,0,0,0,0,0,0,0,0,0,0,0,0,0,0,0,0,0,0,0,0,0,0,0,0,0,0,0,0,0,0,0,0,0,0,0,0,0,0,0,0,0,0,0,0,0,0,0,0,0,0,0,0,0,0,4578837792047026,0,0,0,0,0,0