42183472,165756170,600,136477,234579,2837051,5472474,100310,46071,5281664,634035467,2639966,878514093,70973,4949701,0,40411,2221614,0,12239,4589505,0,6020926,45147727,47436,5481573,1,238929,307237,106427209,26322,553798675,373840311,1678177,12528853,0,79610698,0,25633425,6531936,47058222,261,1321110,100273,0,341931,567585122,373832247,0,0,8457907,229757825,0,0,3303086,167856611,124563422,0,27134396,79163232,14904,116978,35639,0,934263,1,6236173,9097942,3369,14903,0,46,57632,73376909,4704870,4350551,692,5622357,85519,1473030,1098453,884852493,324029,39325942,1,389484,215722097,49061,6635673,788059,8771838,204494,1867,414,18730723,216266507,10693,488590041,61747,217,20,373850017,684864352,0,0,1005028,143340,1244535875,11594833,21699,222129244,5704620,634433622,0,0,5575343,384487835,2177435,40918566,6633456,1507350,0,126894566,6220764,0,6746,10964613,13038102,146318,103446,3944414,4415877,363792003,0,0,12465655,6412332,9023100,87561743
5034206,36225058,39,914,178095,1827275,1118463,939,6,1705629,172630826,0,142364192,71421,7666163,0,59,855125,0,3,806070,0,1279661,10780635,55550,1657444,0,33,43,30106601,32042,102396195,1521747224,196696,3362969,0,14213976,0,4858021,701056,17194943,2,14597,638,0,270150,160456208,1521543859,0,0,4741167,310630101,0,0,926164,28164268,17721482,0,6619507,17799719,0,559011,9315,0,1862722,3,886185,1420414,4,0,0,6,3728,5735958,863732,189,335,2095565,243954,77708,0,117497532,141044,10870611,0,418,41127179,9289,650573,115521,41027671,1119947,135,2501,6116743,28220631,43,86327435,686,374,36,1521208834,231346255,0,0,233121,1405,433113653,3091395,738,38436167,1422937,175091681,0,0,1518521,51122301,363594,5025923,1134281,4052593,0,18625391,1254836,0,41,5007929,759835,55665,51313,7432162,757939,61169087,0,0,1781343,1810041,2231629,18205178
5086086,97814410,35,726,132082,525042,1410076,13051,4,2289302,174389916,258,139513165,53664,2954106,0,294856,337521,0,2,640819,0,1196463,11720269,63461,1476290,0,19,23,16649285,36615,76836363,168777063,190833,2836114,0,13583204,0,4667635,700610,17582569,3,13691,267,0,409017,88415609,168290077,0,0,2897867,10265908,0,0,763718,17790011,18242549,0,8077451,12466072,2,96264,10222,0,707933,0,701574,2686337,0,2,0,6,746,6204376,1422611,650,292,2454223,5977,5308241,107,108757778,158345,11535323,0,392,40304454,1100,665550,141301,744779,321878,66,2138,2648583,31893231,38379,57020021,2956,0,98,167352376,125998162,0,0,249529,1401,442073373,3005680,140,38821755,1383126,177165823,0,0,1278809,60993354,350141,4807028,2355249,9621872,0,20567895,1406221,0,1625,2556822,753907,64444,42810,2704516,773193,60501719,0,0,1938196,872239,1891259,21106903
220520357,2209502295,95,1208771,2080952,764665,1358156,410787,1,40565578,5166595664,11519970,12539656916,1123648,2585226,0,9883579022,13046047,0,44560,21532796,0,38648877,415402677,71074,1594736,0,7,9,18231907,41568,100104532,0,200812,81820589,0,466011820,0,151573343,37282142,439561706,771,6270177,309475,0,319482,97059605,0,0,0,58104693,51466241,0,0,22441000,28491166,834905533,7,185995531,393038375,10,21981,256594,0,955065,3227,27455887,80944802,24096,10,0,22,214124,351266227,31578401,14857679,7361,3007085,12531,320391557942,4757271,145980715,3112372,306371754,5,1188,1354660312,2470,41316956,152089,649001,250387,14544,1819,135181037,1160923751,2635698046,87063811,6405,3852,0,0,138261162,0,0,257590,1663,11068412701,101988288,135,1580614534,52134781,5201183138,0,0,36317952,65048591,17567174,5066000,63607763,13422,0,901907916,2293592,0,30449,2827810,96422877,1228328,1010638,2327605,36407871,98647273,0,0,3113177,45088280,56298665,20106498
29819590,152523956,75,154569,4036311,22945273,34534019,53315,191615,177972,989332764,18351693711304,2255665864,1899877946211,75667984,0,0,1655924,0,2524723306,570646,0,4143659,316544905,938385,1571879,7,1008861,1312905,1507082355,563038,91882965,0,209030,31328666,0,11929498,0,39698201,5489744,867360340692219,0,4382963,536,0,4901904,6701266035,0,0,0,64943,43523442,0,46164,4887331,24855681,582955427,0,47065566,247210547,78759,31746,38600,0,1009253,1526,1191424,142691,785290762,78754,0,561,88700,15412383,12150667,944358994793,367,59563012,599342,0,7565570021293,6558447761,387012,74336103,0,1570,23984653,201928,5532285,4679538,1040507,156092,6176,37507,16245845,416800678,0,76447655,5433,70905985,0,0,7964081719,0,0,7884054,1867,2025388528,9148,71775,162600523,21517371,975111657,0,0,21160085,7805982089,4186225,5343998,11854273,611986412134,0,416486112,56294242,0,4881,87916858,31766538,9012,153167,67779082,7518976,95759941,0,0,3126321,3803111,24683435,1519647247
105526,405029863,83,255689,24612,357956,3253,196211,180485,1009087,997763033,544844004125,2216015892,53041018538,832611,0,0,294992,0,0,800126,0,1609673,228028290,2465,1592403,0,947783,1231367,447570498,2071,72284344,0,202027,5506037,0,960718,0,1172338,5846355,4560697919379,1,59414,296,0,149069,1555498131,0,0,0,542560,33467189,0,3277976111,2304109,14777202,405879146,0,1808031,186489986,268,1642104,1049,0,999453,40,5680519,19980105,0,268,0,0,6466,131345331,280772,0,725,221739,714,0,220682573140,1174578574,111343,6647629,0,200,87401518,3658,1953193,53296,198964021,236290,2641,100,41415718,378730307,0,48754311,2427,0,0,0,1573728556,0,0,1330,1629,2009777336,773878,6,272779766,4024322,992398097,0,0,2000119,2506049740,1848828,5028414,6414,0,0,314109886,6692713,0,18433,30181382,1307152,301,4571,865377,136240,68106384,0,0,2261476,12296145,3393733,24688925
6784835,84856169,128,43019,29319,4271316,18031,35547,0,6435988,999187830,0,2189973243,6950646009,22921,0,0,3262134,0,0,954953,0,1890968,2135425218,48249,1388860,0,0,0,389130266,3668,76492802,3084702299,19366684,172223,0,6894805,0,1361033,2523269,904754973769,63117253,3218,25368999646,0,35314,2572773815,3083211841,0,0,1115493,37734964,0,0,396353,18347625,359043726,0,3119651,402298199,23572,115348535286,75,0,974031,59,6084262,8206100,0,23573,0,36,2052,61964218,1963243,0,847,1574474,47473941769,0,0,2177906763,385336,10181291,0,2473643,85771518,55671,1368797,6041,50831467,4848419,2637,1789318623,3132246,937416965,0,57992557,9983,0,0,3080435531,2481167400,0,0,5986,1169165,1944818197,259726,53,1960885130,139179,996247938,0,0,119014,1797536310,646,585833945,3509172,0,0,634524715,8824503,0,3944,6511217,120741,2987,5999,54484,1321914,145208266,0,0,5073608,921263,57254,319375495
8832049,240716909,45,3692,72993,3603383,157154,33410,0,11581915,1000116283,0,2201989124,2281756295,5552862230017,0,0,1250489,0,0,3364515,0,25988,2258110303,72447,2803534,0,0,0,404087194,4819,170981666,75307852,30571460,112507,0,3618658,0,1670233,8947914,88678034335897,0,8185,0,0,16992,3356409517,74824635,0,0,190803,52830126,0,0,1754393,36656152,364206434,0,6492036,434774482,24540,0,1769,0,1264127,88,3233124,688775,0,24540,0,28,54,7494409,2003557,0,983,6002281,0,0,0,3752709229,158192,935087,0,13538945,91365516,55736,4275421,2333,3130875,13903,99,0,2951635,752971612,0,117949644,302,0,0,73846147,3192370443,0,0,4078,3445210,2002636795,646614,202,2234494667,136041,998275517,0,0,63728,1610026391,8433,203829828,159828,0,0,655694975,11874,0,4709,493231,115140,1158,4376,5040164143993,1985911,67904454,0,0,2386403,2502454,6849,2059744735
8437400,96067960,58,21265,27741,292971,37836,3177,0,561660,995103665,0,2192071493,118261722833,0,0,0,12117,0,0,6697239,0,32077,315297636,54569,2702900,0,0,0,211692028,6874,146216415,13986451102,240934,147070,0,17857856,0,2537929,15183120,0,0,13716,0,0,23712,3096957731,13983513941,0,0,548005,29007526,0,0,1533816,26584574,72708634,0,5804687,67044626,942,0,4135,0,1031820,122,8329383,701422,0,941,0,49742940,295,8510166,2207071,0,1000,37602,0,0,0,3193402750,99967,242426,0,39578588,89912594,15050,13789493,6587,15699425,4641,200,0,2093648,338101059,0,86830074,862657,0,0,13978261543,3057457839,0,0,7079,2793757,1999243351,5874849676964,119,1995914806,316035,993968932,0,0,103936,1701183746,203898,3804111,473402,0,0,629244542,3545064,0,172,4058660,671515,4250,4853,0,1434052,161271257,0,0,4009424,3147811,199303,1360210915
8176880,103781358,26,23839,44815,10026,48755,2989,0,240300,1000031942,0,2194949926,0,0,0,0,346701,0,0,6220438,0,1180603,959361345,52717,2767871,0,0,0,115854340,8175,146265200,1035965030,1177044,1489385,0,7249512,0,2775349,14079301,0,0,17568,0,0,181661,2079364807,1037640656,0,0,803970,25172564,0,0,2172343,26525364,64433953,0,5527142,65476947,470,0,2480,0,1582509,140,14812552,192257,0,471,0,0,426,8129992,2485896,0,1021,436114,0,0,0,2851525418,256740,15714131,0,52823450,85276930,14068,13996580,417411815142,16806941,327914327849,78,0,1923314,430458183,0,85774248,14471839413,0,0,1040722770,2053348307,0,0,8011,150072,1995780747,0,209,1806697194,120430,999128314,0,0,11305,2055371212,1153800,3097001,219791,0,0,790491146,510034,0,357,2844567,5171933,7510,1982,0,2411763,113329182,0,0,2395363,1314929,158451,1393481810
4405376,31043638,12763,677,44298,234634,54315,8370,0,315487,1000083874,0,2195172611,0,0,0,0,867801,0,0,6519902,0,321365,288521876,58510,1424289,0,0,0,140631646,15219,76161806,1009843235,1421419,5440876,0,18155323,0,2413486,14294251,0,0,18549,0,0,31943,2828335667,1010675702,0,0,64568,39415526,0,0,2354772,5207993815,136012656,0,6167441,111678577,12633279661,0,4782,0,1883128,148,13622510,1224421,0,614,0,0,593,8711851,2663845,0,1061,567114,0,0,0,2707654469,517721241067,3916739,0,52291532,87444678,16407,13376567,0,13218940,0,87,0,6814343,605665949,0,45680437,0,0,0,1012218909,2867743233,0,0,512402471688,793068,1998122088,0,5680431907,1351430755,148563,999398475,0,0,100827,1995151568,1074078,4426432,1022280,0,0,975644341,443851,0,729,3336574,7727524,28792,8443,0,2400945,113110520,0,0,2609323,276902,163409,1294560558
2029585,52775782,265149561,22352,41485,1737519,67334,88407,0,334785,999139060,0,2183733943,0,0,0,0,245971,0,0,6187373,0,1496153,207740198,19363,292075429,0,0,0,141322433,46650,20294681658,1000634205,3850416357252,4531049,0,19864278,0,2607503,13680066,0,0,22868,0,0,20568,2885238640,1001133285,0,0,1100450,44783793,0,0,10925584218986,952975438,148672396,0,7157554,120497134,0,0,7752,0,124850842,132,13802280,2292066,0,12633075797,0,0,721,1640623,7351857397208,0,1037,3703710,0,0,0,2587356289,0,14960366,0,43514049,84960803,13128,14138700,0,14946478,0,670,0,1328759,603379919,0,16189154918,0,0,0,1002061519,2955420904,0,0,0,592700,1992179996,0,0,1265577877,57894,998603915,0,0,212166,1857449278,1305203,582104,1346775,0,0,946706698,824181,0,71,2094713,5643310,108688821803,12414,0,2593202,59496058,0,0,1530629,1339501,1073556,1187820427
2340906,89544680,0,7314,28526,2837619,78035,958,0,3971416,1000120799,0,2194193939,0,0,0,0,881241,0,0,5869874,0,5701899238991,313226572,4682,574222,0,0,0,147394465,65546,2119046615,997745570,0,6275706,0,11075119,0,3052613,12997140,0,0,55436,0,0,15149,2690001084,998078873,0,0,1712927,12024057547,0,0,0,796816195,146961166,0,6235706,116051442,0,0,28838,0,2031492,183,13331262,777318,0,0,0,0,832,3665939,11291771070,0,1541,1101583,0,0,0,2396129313,0,59124322196415,0,41304180,95851643,40223,12301023,0,15829814,0,981,0,11639478,581266253,0,3700468932,0,0,0,998699494,2735517227,0,0,0,493218,1997368254,0,0,1276683480,174169,999689298,0,0,188318,1839602290,1296126,1252462,747771,0,0,869167126,505933,0,3444,5317610,9621126,0,10699,0,6049429079921,16473711192,0,0,524569339,1522789,3674837,1149347706
1331178,137919255,0,2771,63352,1272182,91019,49430,0,656908,1000108129,0,2195892954,0,0,0,0,650021,0,0,5965270,0,0,284310855,248,9366242297893,0,0,0,161150971,56303,1660712548,995408723,0,7177487,0,11452087,0,3134384,12935534,0,0,36741,0,0,24474,2627641130,995647399,0,0,947088,1914019846,0,0,0,642078652,154837678,0,7034277,120921641,0,0,42224307944,0,2078069,160,12438759,1580189,0,0,0,0,881,2838634,0,0,1005,830373,0,0,0,2219650249,0,0,0,40678672,103899448,53443,12745443,0,14763737,0,2214,0,12780045,579546968,0,3152356291,0,0,0,996089298,2682147576,0,0,0,172765,1989594250,0,0,1232941710,571733,999755732,0,0,172453,1839033788,1376638,1329807,920171,0,0,864164764,1450845,0,154,7418499,9583271,0,5107,0,0,2211564852,0,0,121490131,1492417,2989766,1125676977
366741,58914208,0,3078,99068,1435860,98768,2457,0,296937,1000139204,0,2186744722,0,0,0,0,2149732,0,0,5597363,0,0,249834856,768,0,0,0,0,163090964,52389,1387786206,991717828,0,7843235,0,2666501,0,3661806,11960258,0,0,50297,0,0,94195,2713977614,991895390,0,0,1162405,1736030350,0,0,0,661030763,162746177,0,5592286,125824887,0,0,0,0,832771,162,15227593,3009600,0,0,0,0,1006,911445,0,0,1013,1432920,0,0,0,2358205532,0,0,0,38384098,100572848,60244,12199112,0,15818869,0,2331,0,8627336,574599408,0,2517092773,0,0,0,992228618,2789150922,0,0,0,123448,1996230089,0,0,1201826001,2395808,999842931,0,0,734383,1780749427,3662463046039,16915829,2015309,0,0,863326469,1972948,0,10720040213,5683451,10313012,0,1838,0,0,6854768441,0,0,21339970,2330396,4057770,1077974362
4496902,82431347,0,3684,44864,307335,146576,128257990738,0,958785,988947097,0,2160265755,0,0,0,0,153094,0,0,5833544,0,0,259898460,134,0,0,0,0,161258473,56583,1455922745,991644605,0,44106362545567,0,2931482,0,3754337,12161114,0,0,49035,0,0,27772,2650839546,991783906,0,0,1080911,2711694379,0,0,0,648123295,163331699,0,6793295,126692384,0,0,0,0,3321283,2075,9133875,4031840,0,0,0,0,1079,774644,0,0,1192,770149,0,0,0,2367731919,0,0,0,34512138,97270826,12240,12065884,0,15675265,0,4503002118,0,2963433,572017822,0,2569577745,0,0,6786754,992041075,2716304357,0,0,0,988484887181,1995807895,0,0,1184905247,2016592,988700502,0,0,2413835,1783993378,0,14195777,2130493,0,0,838206295,745196,0,0,6063694,21843473177844,0,4922,0,0,5040490349,0,0,31677787,2946624,4910381,1060694564
2644723,146119517,0,4173,847584828917,1274377,117792,0,0,314217,1000119060,0,2020822644,0,0,0,0,466864,0,0,5837628,0,0,317909293,374,0,0,0,0,167281379,37183,1432996367,990401137,0,0,0,10558811,0,3482776,12846736,0,0,424458,0,0,22786,2563330152,990511138,0,0,1184252,2613057894,0,0,0,193868224,162348506,0,7884646,124084923,0,0,0,0,2592453,2908,12190020,8173534,0,0,0,0,1169,7743690,0,0,1934,2159179,0,0,0,2347841796,0,0,0,35236239,95787135,13888,12348622,0,15195629,0,0,0,7320731,554207734,0,2515026558,0,0,0,990719635,2627856504,0,0,0,0,1995873878,0,0,1201357655,2467922,999903911,0,0,2097145,1762155937,0,17330284,4985013,0,0,821784036,519400,0,0,5598368,0,0,10565,0,0,4540667956,0,0,23828829,1896913,5480555,1043782033
8766343,154611326,0,4581,0,1631076,169603,0,0,1047833,1000034801,0,2162908756,0,0,0,0,311917,0,0,5699102,0,0,273727911,158331692970,0,0,0,0,167323281,7011,168968735,991678365,0,0,0,11015323,0,3637085,12524441,0,0,179197,0,0,30495,2597289309,991769016,0,0,1126080,2072069479,0,0,0,162030968,168227961,0,8933228,127790647,0,0,0,0,2324726,8267,12620589,5081584,0,0,0,0,1263,9179231,0,0,5650,2870830,0,0,0,2326624812,0,0,0,33716309,93783785,12869,12489631,0,14172483,0,0,0,8574208,560643590,0,881181549,0,0,0,991939134,2676098698,0,0,0,0,1995790121,0,0,1172281991,3276378,999848226,0,0,2785756,1755307821,0,15727183,4026044,0,0,825178824,893715,0,0,6553969,0,0,4675,0,0,3709061851,0,0,24034252,1276707,31728308178277,1026795670
5269049,249176557,0,4907,0,2423329,3754394812213,0,0,1097587,1000118629,0,2183131241,0,0,0,0,265812,0,0,5462836,0,0,278962001,0,0,0,0,0,165289111,7332,158794524,990249082,0,0,0,20652619,0,4064033,12050317,0,0,375672,0,0,26032,2544378999,990322963,0,0,1706261,3037481333,0,0,0,1424838666,168296156,0,9073109,127748915,0,0,0,0,3392678,2868,12405177,4745632,0,0,0,0,1338,13426723,0,0,6597,1028336,0,0,0,2309456518,0,0,0,30877180,94047881,51608,11753887,0,14981864,0,0,0,8484151,562817661,0,711311033,0,0,0,990467369,2619898919,0,0,0,0,1996001027,0,0,1163574192,3656531,999954457,0,0,3403075,1636343342,0,17582900,5112363,0,0,811466715,3524621,0,0,6526341,0,0,143118546952,0,0,2632025008,0,0,27049714,5257052,0,1012093120
6441585,166459542,0,5613,0,1929494,0,0,0,752161,1000130274,0,2189605166,0,0,0,0,439378,0,0,5718883,0,0,310738407,0,0,0,0,0,169988954,12973,7161032683,991223769,0,0,0,25170170,0,4022771,12510854,0,0,1862698482556,0,0,37956,2480829662,991288105,0,0,2481572,3000367657,0,0,0,1023484248,167115852,0,8134800,126390575,0,0,0,0,2830657,56,11820399,6664074,0,0,0,0,1438,84204815154556,0,0,5700,943187,0,0,0,2295506941,0,0,0,31070054,88691265,51294,12363632,0,14837785,0,0,0,12411643,554696047,0,5974498785,0,0,0,991407460,2549715431,0,0,0,0,1995924694,0,0,1175893800,12031353459482,999984764,0,0,3892119,1695205239,0,86958522133759,5306847,0,0,794586361,633628,0,0,8712509,0,0,0,0,0,2308332319,0,0,25847566,3326354,0,1009028449
5370158,164151329,0,6239,0,1154093,0,0,0,833837,1000124871,0,2195254176,0,0,0,0,374151,0,0,5828309,0,0,290187812,0,0,0,0,0,170895952,8124,5460043038,988174047,0,0,0,6197012,0,3911255,12775266,0,0,0,0,0,28797,2515547060,988227222,0,0,1314674,2762916892,0,0,0,14347812,171253956,0,8328983,128928071,0,0,0,0,1975237,41,12319174,3195092,0,0,0,0,3652,0,0,0,5903,1385385,0,0,0,2283959544,0,0,0,30862900,89459636,65274,12325795,0,14416209,0,0,0,13399652,552017994,0,4297654927,0,0,0,988332523,2593774290,0,0,0,0,1995883533,0,0,1163131168,0,999996359,0,0,23313229284252,1668512246,0,0,3014824,0,0,800528753,286400,0,0,7348414,0,0,0,0,0,2190848471,0,0,22509024,3653356,0,1000611698
950900,195584797,0,13175,0,916983,0,0,0,1702951,1000271366,0,2189827287,0,0,0,0,823051,0,0,5956962,0,0,292252480,0,0,0,0,0,171094527,8495,4235287232,990950080,0,0,0,9480970,0,3995405,12322583,0,0,0,0,0,35887,2501198961,990998161,0,0,42984,2328326720,0,0,0,191852597,170944471,0,8241019,128280384,0,0,0,0,2690324,96,12477691,14464061,0,0,0,0,4382,0,0,0,3632,3723442,0,0,0,2274239191,0,0,0,30170561,90389539,57234,12672036,0,14573384,0,0,0,9880049,556244329,0,3215616327,0,0,0,991086024,2572620557,0,0,0,0,1995814435,0,0,1151787502,0,1000155754,0,0,0,1644630555,0,0,8824013,0,0,793722044,931937,0,0,7180346,0,0,0,0,0,2060245440,0,0,25028694,6407053,0,993693947
1055909,127557223,0,13437,0,1654150,0,0,0,3825179,1000120962,0,2194853876,0,0,0,0,714200,0,0,5863861,0,0,293165609,0,0,0,0,0,168040206,8688,3714954375,989374253,0,0,0,22271216,0,3983946,12272029,0,0,0,0,0,30141,2481573733,989414166,0,0,11229903572554,2388181495,0,0,0,705881908,170763480,0,8739872,128386686,0,0,0,0,2981173,23,12467578,5327719,0,0,0,0,11523,0,0,0,2281,1130674,0,0,0,2266054377,0,0,0,29322015,89476002,29169,11795860,0,14895838,0,0,0,7540572,554911517,0,2295096186,0,0,0,989495033,2551783138,0,0,0,0,1995772026,0,0,1146258142,0,1000017018,0,0,0,1520741533,0,0,3443764,0,0,787923744,1284311,0,0,5433591,0,0,0,0,0,1989999494,0,0,24182811,6428577,0,981394247
1701329,287062498,0,13411,0,1916392,0,0,0,1392839,1000123196,0,2151150944,0,0,0,0,769447,0,0,5943219,0,0,314016065,0,0,0,0,0,175180933,9028,3309203019,989449623,0,0,0,13847885,0,4249084,12217379,0,0,0,0,0,1714419058829,2420814766,989486074,0,0,0,2262617601,0,0,0,730711341,171313419,0,8702934,127262364,0,0,0,0,2755826,26,11950970,2580728,0,0,0,0,54863542085,0,0,0,2392,561266,0,0,0,2259055340,0,0,0,31237292,101893086,53886,12318168,0,14225610,0,0,0,21754232,554096594,0,3596803928,0,0,0,989554805,2480397600,0,0,0,0,1995994461,0,0,1152633380,0,1000028818,0,0,0,1679479212,0,0,1783342,0,0,778326247,909814,0,0,6876720,0,0,0,0,0,1921416672,0,0,19362783,2926221,0,986834577
2282167,170477143,0,211282832712,0,1902172,0,0,0,394473,1000115331,0,2195278893,0,0,0,0,1842797,0,0,5838974,0,0,284204366,0,0,0,0,0,169953726,9092,3037304742,987687822,0,0,0,8618577,0,4153765,12031982,0,0,0,0,0,0,2512150248,987714281,0,0,0,2088707082,0,0,0,657229894,174318864,0,8538847,130326161,0,0,0,0,2603625,20,12213517,1959348,0,0,0,0,0,0,0,0,1551,1225888,0,0,0,2252982949,0,0,0,29405437,97221753,26692,12035568,0,14826291,0,0,0,14281452,555292471,0,3622000451,0,0,0,987787024,2573878013,0,0,0,0,1995173340,0,0,1138061140,0,1000030404,0,0,0,1672166998,0,0,1760426,0,0,785838758,1250763,0,0,5562541,0,0,0,0,0,1905850219,0,0,20321362,3048160,0,972768875
1637873,109358412,0,0,0,2173611,0,0,0,708871,1000128941,0,2195571312,0,0,0,0,173662,0,0,5930425,0,0,319297407,0,0,0,0,0,174074983,9305,2869354151,988714712,0,0,0,10791182,0,4577993,12238693,0,0,0,0,0,0,2424360844,988743464,0,0,0,2077270914,0,0,0,651819645,171866007,0,8602428,127660811,0,0,0,0,3509940,24,11989802,3170648,0,0,0,0,0,0,0,0,813,1973367,0,0,0,2247845149,0,0,0,28817456,100530926,21675,11826286,0,14846244,0,0,0,16329147,550296464,0,3141683585,0,0,0,988798763,2479417435,0,0,0,0,1995470153,0,0,1148172397,0,1000050428,0,0,0,1712474949,0,0,2241396,0,0,770367557,2134425,0,0,6713521,0,0,0,0,0,1856111756,0,0,20929663,21558726611046,0,980090121
1611466,94748194,0,0,0,1959230,0,0,0,1805845,1000123932,0,2195212554,0,0,0,0,845940,0,0,5965756,0,0,297143303,0,0,0,0,0,175880492,9686,2708087808,989022949,0,0,0,11467369,0,6452708,12326003,0,0,0,0,0,0,2468720958,989047794,0,0,0,2007582917,0,0,0,605192354,174049979,0,7611331,129867920,0,0,0,0,2491366,87,11910418,1996630,0,0,0,0,0,0,0,0,829,1382758,0,0,0,2243678079,0,0,0,30254423,99420110,24470,12264938,0,13388596,0,0,0,20674483,552941445,0,2958894743,0,0,0,989099673,2524929037,0,0,0,0,1995620986,0,0,1130904371,0,1000053009,0,0,0,1713805913,0,0,1641595,0,0,779846166,1024528,0,0,5010931,0,0,0,0,0,1820117264,0,0,20610385,0,0,974518366
41920076440857,93560103,0,0,0,1867634,0,0,0,5128708,1000127664,0,2195163397,0,0,0,0,809087,0,0,5910446,0,0,284503456,0,0,0,0,0,171477682,9692,2574516435,989895698,0,0,0,14466992,0,8315650,12197558,0,0,0,0,0,0,2482029999,989918303,0,0,0,1931318376,0,0,0,636409651,175273964,0,7596329,130822205,0,0,0,0,2036776,147,12174038,512458,0,0,0,0,0,0,0,0,841,1881322,0,0,0,2239333090,0,0,0,27456254,75768280,41371,11993706,0,14934783,0,0,0,22378197,551970034,0,2960284725,0,0,0,989964871,2541914510,0,0,0,0,1995564246,0,0,1127487654,0,1000061834,0,0,0,1677538691,0,0,733404,0,0,780393205,971534,0,0,5199496,0,0,0,0,0,1780492625,0,0,18945763,0,0,954680006
0,35895160,0,0,0,1399085,0,0,0,1787674,1000148630,0,2195179576,0,0,0,0,1182880,0,0,6094462,0,0,346394740,0,0,0,0,0,173784712,9847,2572645857,988796197,0,0,0,8467097,0,8993590,12430607,0,0,0,0,0,0,2410560739,988816574,0,0,0,1862950958,0,0,0,612593060,170238248,0,10210739,127894450,0,0,0,0,2890745,84,11952293,5107615,0,0,0,0,0,0,0,0,5499,2717679,0,0,0,2235835311,0,0,0,28672428,29437040,55158,12296825,0,14010063,0,0,0,23532589,548998620,0,3020736236,0,0,0,988859245,2462243260,0,0,0,0,1994985131,0,0,1148580622,0,1000089251,0,0,0,1694107196,0,0,3965612,0,0,753085038,31304876997253,0,0,6240215,0,0,0,0,0,1808910719,0,0,21319839,0,0,970937204
0,222242074,0,0,0,2894137,0,0,0,2181910,1000153180,0,2195149157,0,0,0,0,1582399,0,0,6163781,0,0,290416471,0,0,0,0,0,173882666,168339228140,2515243861,989684507,0,0,0,29233421,0,10051192,11794234,0,0,0,0,0,0,2432575541,989703781,0,0,0,1847962553,0,0,0,610454363,176346438,0,14259927,129578974,0,0,0,0,2291766,61,12254887,1176452,0,0,0,0,0,0,0,0,3728,1305264,0,0,0,2220147830,0,0,0,29383345,54964181,31852,12583217,0,12996111,0,0,0,13739886,549122319,0,2881644981,0,0,0,989741732,2487852228,0,0,0,0,1995392662,0,0,1139904425,0,1000096872,0,0,0,1693685813,0,0,1591410,0,0,777794105,0,0,0,7648135,0,0,0,0,0,1784663964,0,0,18923792,0,0,956830800
0,57287750,0,0,0,814123,0,0,0,4318243,1000243213,0,2195118311,0,0,0,0,1272232,0,0,5049992,0,0,306227424,0,0,0,0,0,172226359,0,2468836506,987163912,0,0,0,124012744839127,0,11939322,8102333,0,0,0,0,0,0,2426814253,987180038,0,0,0,1817295420,0,0,0,609100480,174490296,0,13624737,128860705,0,0,0,0,2188274,51,12497242,5645050,0,0,0,0,0,0,0,0,4243,1189056,0,0,0,2229965620,0,0,0,28547212,80537988,48683,10120692,0,4297266,0,0,0,14107623,550147695,0,2913790171,0,0,0,987217511,2476587625,0,0,0,0,1995520676,0,0,1133702859,0,1000085831,0,0,0,1682690454,0,0,4846087,0,0,767002738,0,0,0,8407486,0,0,0,0,0,1764588247,0,0,19984200,0,0,934380276
0,224549498,0,0,0,790796,0,0,0,2044181,1000033768,0,2195125552,0,0,0,0,1781224,0,0,1735650,0,0,333203249,0,0,0,0,0,162453203,0,2434747031,981856095,0,0,0,0,0,48746448380787,4104810,0,0,0,0,0,0,2395233733,981871816,0,0,0,1650040468,0,0,0,605852253,168705761,0,13127786,128133144,0,0,0,0,2256880,130,9998982,5277138,0,0,0,0,0,0,0,0,3413,35971827087342,0,0,0,2227476916,0,0,0,22332710,85496601,14537,3500000,0,1003284,0,0,0,90544807339573,552850124,0,2828771946,0,0,0,981904179,2445033513,0,0,0,0,1992378461,0,0,1136174794,0,1000196191,0,0,0,1542744460,0,0,4778768,0,0,633668196,0,0,0,9753095,0,0,0,0,0,1755435400,0,0,20627225,0,0,784882387
0,183876748,0,0,0,671194,0,0,0,17359566215237,1000171736,0,2194853086,0,0,0,0,1142489,0,0,3646349,0,0,650518407,0,0,421992,0,0,128102585,0,2405763496,988990905,0,0,0,0,0,20254013269,9120813,0,0,0,0,0,0,2255715295,989005082,0,0,0,1763546106,0,0,0,575645641,153423755,216512,13380757,120326151,0,0,0,0,2083120,71,3774648,6920862,0,0,0,0,0,0,0,0,848,0,0,0,0,2224908101,0,0,0,2218226,89406363,192871641147,7010318,0,6072615,0,0,0,0,515098292,0,2733621958,0,0,0,989036143,2290535092,0,0,0,0,1959655032,0,0,1230210399,0,999991494,0,0,0,1219384150,0,0,6085955,0,0,477904537,0,0,0,6491224,0,0,0,0,0,1743098952,0,0,18911067,0,0,714308935
0,192851524,0,0,0,1342859,0,0,0,0,1000160882,0,2195090810,0,0,0,0,7989399746540,0,0,4906540,0,0,1038505371,0,0,0,0,0,137856021,0,2381001782,989618055,0,0,0,0,0,0,10411967,0,0,0,0,0,0,1724333744,989631335,0,0,0,1737300847,0,0,0,587067049,129208879,0,79841947129617,97434973,0,0,0,0,1643643,3858782354,7300763,37618693044236,0,0,0,0,0,0,0,0,855,0,0,0,0,2223252083,0,0,210400,10009173,646272596349636,0,10082504,0,383967,0,0,0,0,354245488,0,2671786273,0,0,0,989659556,1737071005,0,0,0,0,1995535035,0,0,1523417291,0,1000121632,0,0,0,1364684494,0,0,27745476762930,0,0,607512456,0,0,0,49038895332684,0,0,0,0,0,1738844650,0,0,19384883,0,0,1056016448
0,1239481477412505,0,0,0,1520569,0,0,0,0,1000144559,0,2194993045,0,0,0,0,0,0,0,4809039,0,0,705644178,0,0,0,0,0,141367065,0,2359998309,986665116,0,0,0,0,0,0,10644332,0,0,0,0,0,0,1877750013,986676392,0,0,0,1722544095,0,0,0,579507906,150677289,0,22011449036,106322534,0,0,0,0,161825,0,10069214,0,0,0,0,0,0,0,0,0,881,0,0,0,0,2221437866,0,0,0,5965704,0,0,10644937,0,1590290,0,0,0,0,410720391,0,2669241295,0,0,0,986704813,1894967038,0,0,0,0,1995514955,0,0,1413785522,0,1000130476,0,0,0,1314414914,0,0,0,0,0,550143969,0,0,0,0,0,0,0,0,0,1728829917,0,0,19394014,0,0,1082952668
0,0,0,0,0,3451049,0,0,0,0,1000153954,0,2195028256,0,0,0,0,0,0,0,4996984,0,0,811307969,0,0,0,0,0,149296094,0,2343456380,987406877,0,0,0,0,0,0,12090787,0,0,0,0,0,0,1790309474,987417812,0,0,0,1757238933,0,0,0,580165243,135223959,0,0,101783160,0,0,0,0,14151420565391,0,10839444,0,0,0,0,0,0,0,0,0,884,0,0,0,0,2219789515,0,0,0,7523456,0,0,10998781,0,86836261490293,0,0,0,0,428469241,0,2606584154,0,0,0,987443050,1800541448,0,0,0,0,1995476097,0,0,1392068082,0,1000106997,0,0,0,1368841099,0,0,0,0,0,586551486,0,0,0,0,0,0,0,0,0,1722167104,0,0,19120736,0,0,1028498358
0,0,0,0,0,1128726,0,0,0,0,1000034718,0,2195341813,0,0,0,0,0,0,0,33892869450767,0,0,709595254,0,0,0,0,0,1322310141378751,0,2328593396,983359873,0,0,0,0,0,0,71998958461844,0,0,0,0,0,0,1680130586,983369546,0,0,0,1737530255,0,0,0,580607730,144748054,0,0,103649061,0,0,0,0,0,0,11394613,0,0,0,0,0,0,0,0,0,923,0,0,0,0,2218307150,0,0,0,9223991,0,0,75261788565361,0,0,0,0,0,0,435841197,0,2535212106,0,0,0,983394416,1688380893,0,0,0,0,1978939229,0,0,1395299429,0,1000119747,0,0,0,11040459565531440,0,0,0,0,0,573196385,0,0,0,0,0,0,0,0,0,1720158403,0,0,13153365,0,0,6018127874423262
0,0,0,0,0,13275972114059,0,0,0,0,7263829895519288,0,15933526312940432,0,0,0,0,0,0,0,0,0,0,651477221,0,0,0,0,0,0,0,2315315697,988835338,0,0,0,0,0,0,0,0,0,0,0,0,0,1725612852,988845044,0,0,0,1655066513,0,0,0,573347584,155612375,0,0,108873352,0,0,0,0,0,0,70719128459296,0,0,0,0,0,0,0,0,0,14382188202,0,0,0,0,2216922875,0,0,0,140013168736082,0,0,0,0,0,0,0,0,0,3583040791715893,0,2660030223,0,0,0,988867244,1733503495,0,0,0,0,1994446661,0,0,1364448151,0,1000004544,0,0,0,0,0,0,0,0,0,4642550356998078,0,0,0,0,0,0,0,0,0,1714198303,0,0,1402038,0,0,0
0,0,0,0,0,0,0,0,0,0,0,0,0,0,0,0,0,0,0,0,0,0,0,3190186270891601,0,0,0,0,0,0,0,2305351839,987686963,0,0,0,0,0,0,0,0,0,0,0,0,0,15229248663829084,987695875,0,0,0,1690470043,0,0,0,576343583,1332190428556603,0,0,962477749882531,0,0,0,0,0,0,0,0,0,0,0,0,0,0,0,0,0,0,0,0,0,284574068332,0,0,0,0,0,0,0,0,0,0,0,0,0,0,0,2540459099,0,0,0,987716844,15690672102838285,3336732085,0,0,0,14486503031198549,0,0,8016214328218327,0,7265516236191882,0,0,0,0,0,0,0,0,0,0,0,0,0,0,0,0,0,0,0,1704879451,0,0,116949684303915,0,0,0
0,0,0,0,0,0,0,0,0,0,0,0,0,0,0,0,0,0,0,0,0,0,0,0,0,0,0,0,0,0,0,2295841368,989690329,0,0,0,0,0,0,0,0,0,0,0,0,0,0,989699370,0,0,0,1672705036,0,0,0,563977700,0,0,0,0,0,0,0,0,0,0,0,0,0,0,0,0,0,0,0,0,0,0,0,0,0,0,0,0,0,0,0,0,0,0,0,0,0,0,0,0,0,2579849754,0,0,0,989718015,0,0,0,0,0,0,0,0,0,0,0,0,0,0,0,0,0,0,0,0,0,0,0,0,0,0,0,0,0,0,1698744360,0,0,0,0,0,0
0,0,0,0,0,0,0,0,0,0,0,0,0,0,0,0,0,0,0,0,0,0,0,0,0,0,0,0,0,0,0,2287426268,985132232,0,0,0,0,0,0,0,0,0,0,0,0,0,0,985140825,0,0,0,1545984308,0,0,0,557447533,0,0,0,0,0,0,0,0,0,0,0,0,0,0,0,0,0,0,0,0,0,0,0,0,0,0,0,0,0,0,0,0,0,0,0,0,0,0,0,0,0,2572519294,0,0,0,985158129,0,0,0,0,0,0,0,0,0,0,0,0,0,0,0,0,0,0,0,0,0,0,0,0,0,0,0,0,0,0,1763347603,0,0,0,0,0,0
0,0,0,0,0,0,0,0,0,0,0,0,0,0,0,0,0,0,0,0,0,0,0,0,0,0,0,0,0,0,0,2276652621,7187217905613256,0,0,0,0,0,0,0,0,0,0,0,0,0,0,7187087891553019,0,0,0,896502107,0,0,0,556294659,0,0,0,0,0,0,0,0,0,0,0,0,0,0,0,0,0,0,0,0,0,0,0,0,0,0,0,0,0,0,0,0,0,0,0,0,0,0,0,0,0,2446026031,0,0,0,7186878945241754,0,0,0,0,0,0,0,0,0,0,0,0,0,0,0,0,0,0,0,0,0,0,0,0,0,0,0,0,0,0,1957842777,0,0,0,0,0,0
0,0,0,0,0,0,0,0,0,0,0,0,0,0,0,0,0,0,0,0,0,0,0,0,0,0,0,0,0,0,0,2265361465,0,0,0,0,0,0,0,0,0,0,0,0,0,0,0,0,0,0,0,1048474905,0,0,0,565322543,0,0,0,0,0,0,0,0,0,0,0,0,0,0,0,0,0,0,0,0,0,0,0,0,0,0,0,0,0,0,0,0,0,0,0,0,0,0,0,0,0,2506589230,0,0,0,0,0,0,0,0,0,0,0,0,0,0,0,0,0,0,0,0,0,0,0,0,0,0,0,0,0,0,0,0,0,0,1866806782,0,0,0,0,0,0
0,0,0,0,0,0,0,0,0,0,0,0,0,0,0,0,0,0,0,0,0,0,0,0,0,0,0,0,0,0,0,2268196891,0,0,0,0,0,0,0,0,0,0,0,0,0,0,0,0,0,0,0,1174539275,0,0,0,509383302,0,0,0,0,0,0,0,0,0,0,0,0,0,0,0,0,0,0,0,0,0,0,0,0,0,0,0,0,0,0,0,0,0,0,0,0,0,0,0,0,0,2438446709,0,0,0,0,0,0,0,0,0,0,0,0,0,0,0,0,0,0,0,0,0,0,0,0,0,0,0,0,0,0,0,0,0,0,1846770090,0,0,0,0,0,0
0,0,0,0,0,0,0,0,0,0,0,0,0,0,0,0,0,0,0,0,0,0,0,0,0,0,0,0,0,0,0,2259704739,0,0,0,0,0,0,0,0,0,0,0,0,0,0,0,0,0,0,0,1048281420,0,0,0,300642359,0,0,0,0,0,0,0,0,0,0,0,0,0,0,0,0,0,0,0,0,0,0,0,0,0,0,0,0,0,0,0,0,0,0,0,0,0,0,0,0,0,2448306148,0,0,0,0,0,0,0,0,0,0,0,0,0,0,0,0,0,0,0,0,0,0,0,0,0,0,0,0,0,0,0,0,0,0,1811841709,0,0,0,0,0,0
0,0,0,0,0,0,0,0,0,0,0,0,0,0,0,0,0,0,0,0,0,0,0,0,0,0,0,0,0,0,0,2254861340,0,0,0,0,0,0,0,0,0,0,0,0,0,0,0,0,0,0,0,1078817123,0,0,0,395168263,0,0,0,0,0,0,0,0,0,0,0,0,0,0,0,0,0,0,0,0,0,0,0,0,0,0,0,0,0,0,0,0,0,0,0,0,0,0,0,0,0,2298899262,0,0,0,0,0,0,0,0,0,0,0,0,0,0,0,0,0,0,0,0,0,0,0,0,0,0,0,0,0,0,0,0,0,0,11809400567366679,0,0,0,0,0,0
0,0,0,0,0,0,0,0,0,0,0,0,0,0,0,0,0,0,0,0,0,0,0,0,0,0,0,0,0,0,0,2253945893,0,0,0,0,0,0,0,0,0,0,0,0,0,0,0,0,0,0,0,9675249739411762,0,0,0,421544600,0,0,0,0,0,0,0,0,0,0,0,0,0,0,0,0,0,0,0,0,0,0,0,0,0,0,0,0,0,0,0,0,0,0,0,0,0,0,0,0,0,1573954314,0,0,0,0,0,0,0,0,0,0,0,0,0,0,0,0,0,0,0,0,0,0,0,0,0,0,0,0,0,0,0,0,0,0,0,0,0,0,0,0,0
0,0,0,0,0,0,0,0,0,0,0,0,0,0,0,0,0,0,0,0,0,0,0,0,0,0,0,0,0,0,0,2250162360,0,0,0,0,0,0,0,0,0,0,0,0,0,0,0,0,0,0,0,0,0,0,0,407212948,0,0,0,0,0,0,0,0,0,0,0,0,0,0,0,0,0,0,0,0,0,0,0,0,0,0,0,0,0,0,0,0,0,0,0,0,0,0,0,0,0,1805303806,0,0,0,0,0,0,0,0,0,0,0,0,0,0,0,0,0,0,0,0,0,0,0,0,0,0,0,0,0,0,0,0,0,0,0,0,0,0,0,0,0
0,0,0,0,0,0,0,0,0,0,0,0,0,0,0,0,0,0,0,0,0,0,0,0,0,0,0,0,0,0,0,2246731844,0,0,0,0,0,0,0,0,0,0,0,0,0,0,0,0,0,0,0,0,0,0,0,422950876,0,0,0,0,0,0,0,0,0,0,0,0,0,0,0,0,0,0,0,0,0,0,0,0,0,0,0,0,0,0,0,0,0,0,0,0,0,0,0,0,0,1747258006,0,0,0,0,0,0,0,0,0,0,0,0,0,0,0,0,0,0,0,0,0,0,0,0,0,0,0,0,0,0,0,0,0,0,0,0,0,0,0,0,0
0,0,0,0,0,0,0,0,0,0,0,0,0,0,0,0,0,0,0,0,0,0,0,0,0,0,0,0,0,0,0,2243368905,0,0,0,0,0,0,0,0,0,0,0,0,0,0,0,0,0,0,0,0,0,0,0,3639532337974354,0,0,0,0,0,0,0,0,0,0,0,0,0,0,0,0,0,0,0,0,0,0,0,0,0,0,0,0,0,0,0,0,0,0,0,0,0,0,0,0,0,1506037655,0,0,0,0,0,0,0,0,0,0,0,0,0,0,0,0,0,0,0,0,0,0,0,0,0,0,0,0,0,0,0,0,0,0,0,0,0,0,0,0,0
0,0,0,0,0,0,0,0,0,0,0,0,0,0,0,0,0,0,0,0,0,0,0,0,0,0,0,0,0,0,0,2240733191,0,0,0,0,0,0,0,0,0,0,0,0,0,0,0,0,0,0,0,0,0,0,0,0,0,0,0,0,0,0,0,0,0,0,0,0,0,0,0,0,0,0,0,0,0,0,0,0,0,0,0,0,0,0,0,0,0,0,0,0,0,0,0,0,0,1588345506,0,0,0,0,0,0,0,0,0,0,0,0,0,0,0,0,0,0,0,0,0,0,0,0,0,0,0,0,0,0,0,0,0,0,0,0,0,0,0,0,0
0,0,0,0,0,0,0,0,0,0,0,0,0,0,0,0,0,0,0,0,0,0,0,0,0,0,0,0,0,0,0,15439375867460117,0,0,0,0,0,0,0,0,0,0,0,0,0,0,0,0,0,0,0,0,0,0,0,0,0,0,0,0,0,0,0,0,0,0,0,0,0,0,0,0,0,0,0,0,0,0,0,0,0,0,0,0,0,0,0,0,0,0,0,0,0,0,0,0,0,15660889160118749,0,0,0,0,0,0,0,0,0,0,0,0,0,0,0,0,0,0,0,0,0,0,0,0,0,0,0,0,0,0,0,0,0,0,0,0,0,0,0,0,0